nohup: ignoring input
DEVICE: cuda
GPU: NVIDIA RTX A6000

========================================
STAGE 4 REDUCED CUDA SEARCH
TOTAL REDUCED CONFIGS: 48
========================================

OLD RESULTS FOUND: 12
REDUCED EXPERIMENTS ALREADY COMPLETED: 4
REDUCED EXPERIMENTS REMAINING: 44


========================================
CLASS: ALL
========================================

SKIP [1/48] ALL_deterministic_h64_l1_d0.0_lr0.001_b32 (already completed)

========================================
RUN [2/48]
NAME: ALL_deterministic_h64_l2_d0.0_lr0.001_b32
CONFIG: {'model': 'deterministic', 'hidden': 64, 'layers': 2, 'dropout': 0.0, 'lr': 0.001, 'batch': 32}
COMPLETED: 4 / 48
REMAINING: 44
========================================
/home/agni/waymo/iscai_stage4/scripts/run_stage4_reduced_cuda.py:916: FutureWarning: `torch.cuda.amp.GradScaler(args...)` is deprecated. Please use `torch.amp.GradScaler('cuda', args...)` instead.
  torch.cuda.amp.GradScaler(
/home/agni/waymo/iscai_stage4/scripts/run_stage4_reduced_cuda.py:261: FutureWarning: `torch.cuda.amp.autocast(args...)` is deprecated. Please use `torch.amp.autocast('cuda', args...)` instead.
  with torch.cuda.amp.autocast(
batch 0/12592 loss=913.235962
batch 50/12592 loss=840.532043
batch 100/12592 loss=816.414490
batch 150/12592 loss=674.309631
batch 200/12592 loss=544.324646
batch 250/12592 loss=390.050171
batch 300/12592 loss=504.591461
batch 350/12592 loss=265.708252
batch 400/12592 loss=306.410339
batch 450/12592 loss=210.102402
batch 500/12592 loss=310.102264
batch 550/12592 loss=148.828766
batch 600/12592 loss=188.187180
batch 650/12592 loss=108.537308
batch 700/12592 loss=179.923538
batch 750/12592 loss=128.974167
batch 800/12592 loss=203.912704
batch 850/12592 loss=65.885246
batch 900/12592 loss=89.951492
batch 950/12592 loss=100.958015
batch 1000/12592 loss=35.962898
batch 1050/12592 loss=57.753864
batch 1100/12592 loss=80.890511
batch 1150/12592 loss=101.012344
batch 1200/12592 loss=24.736372
batch 1250/12592 loss=40.719620
batch 1300/12592 loss=40.549118
batch 1350/12592 loss=26.879450
batch 1400/12592 loss=30.742914
batch 1450/12592 loss=34.813881
batch 1500/12592 loss=19.098541
batch 1550/12592 loss=28.729425
batch 1600/12592 loss=21.103552
batch 1650/12592 loss=24.161436
batch 1700/12592 loss=19.577831
batch 1750/12592 loss=23.486370
batch 1800/12592 loss=21.079184
batch 1850/12592 loss=18.090559
batch 1900/12592 loss=23.870106
batch 1950/12592 loss=15.147942
batch 2000/12592 loss=13.486686
batch 2050/12592 loss=21.388702
batch 2100/12592 loss=19.549250
batch 2150/12592 loss=16.658812
batch 2200/12592 loss=17.421230
batch 2250/12592 loss=4.785681
batch 2300/12592 loss=12.458776
batch 2350/12592 loss=11.520312
batch 2400/12592 loss=14.648677
batch 2450/12592 loss=9.286265
batch 2500/12592 loss=12.194517
batch 2550/12592 loss=4.489407
batch 2600/12592 loss=6.342208
batch 2650/12592 loss=9.482419
batch 2700/12592 loss=6.102022
batch 2750/12592 loss=13.821802
batch 2800/12592 loss=7.904936
batch 2850/12592 loss=8.986880
batch 2900/12592 loss=7.604859
batch 2950/12592 loss=17.313494
batch 3000/12592 loss=3.216992
batch 3050/12592 loss=5.575400
batch 3100/12592 loss=12.156661
batch 3150/12592 loss=9.651634
batch 3200/12592 loss=2.531726
batch 3250/12592 loss=8.619128
batch 3300/12592 loss=11.830840
batch 3350/12592 loss=7.491545
batch 3400/12592 loss=4.962419
batch 3450/12592 loss=5.472910
batch 3500/12592 loss=2.565419
batch 3550/12592 loss=7.100980
batch 3600/12592 loss=4.646034
batch 3650/12592 loss=4.216056
batch 3700/12592 loss=4.706455
batch 3750/12592 loss=3.492648
batch 3800/12592 loss=1.338617
batch 3850/12592 loss=3.610419
batch 3900/12592 loss=8.834947
batch 3950/12592 loss=2.946323
batch 4000/12592 loss=7.606809
batch 4050/12592 loss=8.113715
batch 4100/12592 loss=3.060435
batch 4150/12592 loss=4.377274
batch 4200/12592 loss=5.266776
batch 4250/12592 loss=2.904101
batch 4300/12592 loss=3.832078
batch 4350/12592 loss=2.513841
batch 4400/12592 loss=2.190651
batch 4450/12592 loss=4.177989
batch 4500/12592 loss=5.422021
batch 4550/12592 loss=2.274262
batch 4600/12592 loss=1.182480
batch 4650/12592 loss=1.767258
batch 4700/12592 loss=1.352908
batch 4750/12592 loss=3.878256
batch 4800/12592 loss=4.316946
batch 4850/12592 loss=1.468409
batch 4900/12592 loss=2.107713
batch 4950/12592 loss=4.425079
batch 5000/12592 loss=1.889833
batch 5050/12592 loss=2.213375
batch 5100/12592 loss=2.049409
batch 5150/12592 loss=1.818421
batch 5200/12592 loss=3.041034
batch 5250/12592 loss=1.513829
batch 5300/12592 loss=1.862920
batch 5350/12592 loss=2.283867
batch 5400/12592 loss=2.524672
batch 5450/12592 loss=1.627351
batch 5500/12592 loss=2.281059
batch 5550/12592 loss=1.634753
batch 5600/12592 loss=5.133296
batch 5650/12592 loss=1.543770
batch 5700/12592 loss=1.150276
batch 5750/12592 loss=1.726128
batch 5800/12592 loss=0.913210
batch 5850/12592 loss=0.902912
batch 5900/12592 loss=1.291293
batch 5950/12592 loss=1.540469
batch 6000/12592 loss=0.706976
batch 6050/12592 loss=0.809989
batch 6100/12592 loss=0.344592
batch 6150/12592 loss=1.151119
batch 6200/12592 loss=0.979479
batch 6250/12592 loss=0.637276
batch 6300/12592 loss=0.701981
batch 6350/12592 loss=1.663455
batch 6400/12592 loss=0.384840
batch 6450/12592 loss=0.445308
batch 6500/12592 loss=0.859946
batch 6550/12592 loss=0.804083
batch 6600/12592 loss=1.121640
batch 6650/12592 loss=1.550881
batch 6700/12592 loss=0.499329
batch 6750/12592 loss=1.009390
batch 6800/12592 loss=0.353589
batch 6850/12592 loss=0.794110
batch 6900/12592 loss=0.799376
batch 6950/12592 loss=1.107460
batch 7000/12592 loss=0.592399
batch 7050/12592 loss=1.250406
batch 7100/12592 loss=2.419590
batch 7150/12592 loss=0.367433
batch 7200/12592 loss=0.619308
batch 7250/12592 loss=0.589935
batch 7300/12592 loss=0.537536
batch 7350/12592 loss=0.592497
batch 7400/12592 loss=0.763484
batch 7450/12592 loss=0.543265
batch 7500/12592 loss=0.896485
batch 7550/12592 loss=0.588741
batch 7600/12592 loss=0.584012
batch 7650/12592 loss=1.164443
batch 7700/12592 loss=0.548790
batch 7750/12592 loss=0.668871
batch 7800/12592 loss=1.018919
batch 7850/12592 loss=0.214865
batch 7900/12592 loss=0.626815
batch 7950/12592 loss=0.467912
batch 8000/12592 loss=0.204869
batch 8050/12592 loss=0.518707
batch 8100/12592 loss=0.532990
batch 8150/12592 loss=0.639490
batch 8200/12592 loss=1.892111
batch 8250/12592 loss=1.490148
batch 8300/12592 loss=0.547597
batch 8350/12592 loss=0.391340
batch 8400/12592 loss=0.491899
batch 8450/12592 loss=0.453380
batch 8500/12592 loss=0.185543
batch 8550/12592 loss=0.313269
batch 8600/12592 loss=0.468291
batch 8650/12592 loss=0.663804
batch 8700/12592 loss=1.431564
batch 8750/12592 loss=0.635197
batch 8800/12592 loss=1.726217
batch 8850/12592 loss=0.462907
batch 8900/12592 loss=1.762483
batch 8950/12592 loss=0.753741
batch 9000/12592 loss=0.236711
batch 9050/12592 loss=0.730222
batch 9100/12592 loss=0.497675
batch 9150/12592 loss=0.346858
batch 9200/12592 loss=0.842040
batch 9250/12592 loss=0.721686
batch 9300/12592 loss=0.765279
batch 9350/12592 loss=0.462220
batch 9400/12592 loss=0.477545
batch 9450/12592 loss=0.256482
batch 9500/12592 loss=0.650059
batch 9550/12592 loss=0.622036
batch 9600/12592 loss=0.377367
batch 9650/12592 loss=0.319545
batch 9700/12592 loss=0.354552
batch 9750/12592 loss=0.279990
batch 9800/12592 loss=0.464779
batch 9850/12592 loss=0.332534
batch 9900/12592 loss=0.557586
batch 9950/12592 loss=0.406716
batch 10000/12592 loss=0.400110
batch 10050/12592 loss=0.352728
batch 10100/12592 loss=0.538097
batch 10150/12592 loss=0.486621
batch 10200/12592 loss=0.388031
batch 10250/12592 loss=0.573607
batch 10300/12592 loss=0.719014
batch 10350/12592 loss=0.472423
batch 10400/12592 loss=0.692993
batch 10450/12592 loss=0.354187
batch 10500/12592 loss=1.059584
batch 10550/12592 loss=0.854944
batch 10600/12592 loss=0.279026
batch 10650/12592 loss=0.688796
batch 10700/12592 loss=0.319847
batch 10750/12592 loss=0.388117
batch 10800/12592 loss=0.932441
batch 10850/12592 loss=0.897225
batch 10900/12592 loss=0.324531
batch 10950/12592 loss=0.281045
batch 11000/12592 loss=0.302918
batch 11050/12592 loss=0.276435
batch 11100/12592 loss=0.201718
batch 11150/12592 loss=0.631079
batch 11200/12592 loss=0.324959
batch 11250/12592 loss=0.375292
batch 11300/12592 loss=0.167428
batch 11350/12592 loss=0.274880
batch 11400/12592 loss=0.433029
batch 11450/12592 loss=0.241784
batch 11500/12592 loss=0.615821
batch 11550/12592 loss=0.411821
batch 11600/12592 loss=0.349915
batch 11650/12592 loss=0.647028
batch 11700/12592 loss=0.399502
batch 11750/12592 loss=0.325469
batch 11800/12592 loss=0.159669
batch 11850/12592 loss=0.545457
batch 11900/12592 loss=0.292461
batch 11950/12592 loss=0.464935
batch 12000/12592 loss=0.442530
batch 12050/12592 loss=0.633369
batch 12100/12592 loss=0.126415
batch 12150/12592 loss=0.346772
batch 12200/12592 loss=0.337514
batch 12250/12592 loss=0.515323
batch 12300/12592 loss=0.258954
batch 12350/12592 loss=0.228561
batch 12400/12592 loss=0.232144
batch 12450/12592 loss=0.324138
batch 12500/12592 loss=0.188897
batch 12550/12592 loss=0.439160
epoch=1 train_loss=29.165622 val_loss=0.465919 best=0.465919 patience=0/50
batch 0/12592 loss=0.592254
batch 50/12592 loss=0.266929
batch 100/12592 loss=0.322124
batch 150/12592 loss=0.338820
batch 200/12592 loss=0.345219
batch 250/12592 loss=0.506829
batch 300/12592 loss=0.712875
batch 350/12592 loss=0.444704
batch 400/12592 loss=0.495061
batch 450/12592 loss=0.348367
batch 500/12592 loss=0.204759
batch 550/12592 loss=0.188790
batch 600/12592 loss=0.270449
batch 650/12592 loss=0.313677
batch 700/12592 loss=0.350766
batch 750/12592 loss=0.362155
batch 800/12592 loss=0.216479
batch 850/12592 loss=0.528892
batch 900/12592 loss=0.339792
batch 950/12592 loss=0.303847
batch 1000/12592 loss=0.311000
batch 1050/12592 loss=0.551639
batch 1100/12592 loss=0.144907
batch 1150/12592 loss=0.176986
batch 1200/12592 loss=0.275394
batch 1250/12592 loss=0.222917
batch 1300/12592 loss=0.259228
batch 1350/12592 loss=0.208238
batch 1400/12592 loss=0.288185
batch 1450/12592 loss=0.265953
batch 1500/12592 loss=0.182430
batch 1550/12592 loss=0.318946
batch 1600/12592 loss=0.091123
batch 1650/12592 loss=0.772336
batch 1700/12592 loss=0.272907
batch 1750/12592 loss=0.396493
batch 1800/12592 loss=0.282878
batch 1850/12592 loss=0.294870
batch 1900/12592 loss=0.179415
batch 1950/12592 loss=0.166875
batch 2000/12592 loss=0.300568
batch 2050/12592 loss=0.309651
batch 2100/12592 loss=0.364773
batch 2150/12592 loss=0.288554
batch 2200/12592 loss=0.169463
batch 2250/12592 loss=0.449801
batch 2300/12592 loss=0.275584
batch 2350/12592 loss=0.271894
batch 2400/12592 loss=0.393005
batch 2450/12592 loss=0.300454
batch 2500/12592 loss=0.415130
batch 2550/12592 loss=0.327920
batch 2600/12592 loss=0.240536
batch 2650/12592 loss=0.291377
batch 2700/12592 loss=0.200026
batch 2750/12592 loss=0.686169
batch 2800/12592 loss=0.213873
batch 2850/12592 loss=0.236150
batch 2900/12592 loss=0.462112
batch 2950/12592 loss=0.457525
batch 3000/12592 loss=0.172770
batch 3050/12592 loss=0.717005
batch 3100/12592 loss=0.241076
batch 3150/12592 loss=0.377358
batch 3200/12592 loss=0.363793
batch 3250/12592 loss=0.219484
batch 3300/12592 loss=0.350546
batch 3350/12592 loss=0.355300
batch 3400/12592 loss=0.178859
batch 3450/12592 loss=0.464116
batch 3500/12592 loss=0.379944
batch 3550/12592 loss=0.189529
batch 3600/12592 loss=0.182996
batch 3650/12592 loss=0.372609
batch 3700/12592 loss=0.438318
batch 3750/12592 loss=0.206126
batch 3800/12592 loss=0.322183
batch 3850/12592 loss=0.287936
batch 3900/12592 loss=0.341391
batch 3950/12592 loss=0.150741
batch 4000/12592 loss=0.651525
batch 4050/12592 loss=0.429521
batch 4100/12592 loss=0.197662
batch 4150/12592 loss=0.391919
batch 4200/12592 loss=0.242048
batch 4250/12592 loss=0.210941
batch 4300/12592 loss=0.275297
batch 4350/12592 loss=0.390675
batch 4400/12592 loss=0.188924
batch 4450/12592 loss=0.183121
batch 4500/12592 loss=0.251335
batch 4550/12592 loss=0.263288
batch 4600/12592 loss=0.272127
batch 4650/12592 loss=0.106049
batch 4700/12592 loss=0.448391
batch 4750/12592 loss=0.775760
batch 4800/12592 loss=0.218205
batch 4850/12592 loss=0.233408
batch 4900/12592 loss=0.239028
batch 4950/12592 loss=0.274524
batch 5000/12592 loss=0.281874
batch 5050/12592 loss=0.250698
batch 5100/12592 loss=0.306472
batch 5150/12592 loss=0.287718
batch 5200/12592 loss=0.480776
batch 5250/12592 loss=0.332461
batch 5300/12592 loss=0.473349
batch 5350/12592 loss=0.204545
batch 5400/12592 loss=0.210175
batch 5450/12592 loss=0.206950
batch 5500/12592 loss=0.373136
batch 5550/12592 loss=0.699119
batch 5600/12592 loss=0.172729
batch 5650/12592 loss=0.516379
batch 5700/12592 loss=0.293693
batch 5750/12592 loss=0.282110
batch 5800/12592 loss=0.151461
batch 5850/12592 loss=0.539740
batch 5900/12592 loss=0.258777
batch 5950/12592 loss=0.339575
batch 6000/12592 loss=0.433063
batch 6050/12592 loss=0.155521
batch 6100/12592 loss=0.214640
batch 6150/12592 loss=0.201467
batch 6200/12592 loss=0.305901
batch 6250/12592 loss=0.148628
batch 6300/12592 loss=0.121546
batch 6350/12592 loss=0.170879
batch 6400/12592 loss=0.263304
batch 6450/12592 loss=0.315102
batch 6500/12592 loss=0.199435
batch 6550/12592 loss=0.134762
batch 6600/12592 loss=0.215726
batch 6650/12592 loss=0.137413
batch 6700/12592 loss=0.140031
batch 6750/12592 loss=0.835910
batch 6800/12592 loss=0.185345
batch 6850/12592 loss=0.393288
batch 6900/12592 loss=0.104160
batch 6950/12592 loss=0.297133
batch 7000/12592 loss=0.272628
batch 7050/12592 loss=0.256172
batch 7100/12592 loss=0.152595
batch 7150/12592 loss=0.186415
batch 7200/12592 loss=0.470251
batch 7250/12592 loss=0.314734
batch 7300/12592 loss=0.271737
batch 7350/12592 loss=0.236487
batch 7400/12592 loss=0.308024
batch 7450/12592 loss=0.178588
batch 7500/12592 loss=0.258512
batch 7550/12592 loss=0.398448
batch 7600/12592 loss=0.206472
batch 7650/12592 loss=0.244591
batch 7700/12592 loss=0.299033
batch 7750/12592 loss=0.120300
batch 7800/12592 loss=0.209765
batch 7850/12592 loss=0.213733
batch 7900/12592 loss=0.294078
batch 7950/12592 loss=0.170059
batch 8000/12592 loss=0.491349
batch 8050/12592 loss=0.148707
batch 8100/12592 loss=0.239273
batch 8150/12592 loss=0.135292
batch 8200/12592 loss=0.193215
batch 8250/12592 loss=0.094840
batch 8300/12592 loss=0.121983
batch 8350/12592 loss=0.153418
batch 8400/12592 loss=0.225380
batch 8450/12592 loss=0.111518
batch 8500/12592 loss=0.192798
batch 8550/12592 loss=0.594674
batch 8600/12592 loss=0.199585
batch 8650/12592 loss=0.085988
batch 8700/12592 loss=0.158581
batch 8750/12592 loss=0.303733
batch 8800/12592 loss=0.241123
batch 8850/12592 loss=0.080010
batch 8900/12592 loss=0.103918
batch 8950/12592 loss=0.166884
batch 9000/12592 loss=0.159339
batch 9050/12592 loss=0.280910
batch 9100/12592 loss=0.358333
batch 9150/12592 loss=0.126043
batch 9200/12592 loss=0.354081
batch 9250/12592 loss=0.525171
batch 9300/12592 loss=0.143939
batch 9350/12592 loss=0.213336
batch 9400/12592 loss=0.375110
batch 9450/12592 loss=0.218704
batch 9500/12592 loss=0.174621
batch 9550/12592 loss=0.268229
batch 9600/12592 loss=0.186004
batch 9650/12592 loss=0.168398
batch 9700/12592 loss=0.218960
batch 9750/12592 loss=0.094474
batch 9800/12592 loss=0.159778
batch 9850/12592 loss=0.196590
batch 9900/12592 loss=0.249432
batch 9950/12592 loss=0.191854
batch 10000/12592 loss=0.144591
batch 10050/12592 loss=0.206668
batch 10100/12592 loss=0.196508
batch 10150/12592 loss=0.114464
batch 10200/12592 loss=1.006970
batch 10250/12592 loss=0.268683
batch 10300/12592 loss=0.284928
batch 10350/12592 loss=0.119954
batch 10400/12592 loss=0.219331
batch 10450/12592 loss=0.450908
batch 10500/12592 loss=0.175023
batch 10550/12592 loss=0.130518
batch 10600/12592 loss=0.085818
batch 10650/12592 loss=0.193066
batch 10700/12592 loss=0.224864
batch 10750/12592 loss=0.284142
batch 10800/12592 loss=0.193623
batch 10850/12592 loss=0.144933
batch 10900/12592 loss=0.224560
batch 10950/12592 loss=0.466442
batch 11000/12592 loss=0.241697
batch 11050/12592 loss=0.127719
batch 11100/12592 loss=0.305519
batch 11150/12592 loss=0.303472
batch 11200/12592 loss=0.280305
batch 11250/12592 loss=0.305921
batch 11300/12592 loss=0.233244
batch 11350/12592 loss=0.210312
batch 11400/12592 loss=0.102486
batch 11450/12592 loss=0.092133
batch 11500/12592 loss=0.167513
batch 11550/12592 loss=0.321265
batch 11600/12592 loss=0.104472
batch 11650/12592 loss=0.148767
batch 11700/12592 loss=0.126579
batch 11750/12592 loss=0.131737
batch 11800/12592 loss=0.195148
batch 11850/12592 loss=0.137422
batch 11900/12592 loss=0.137569
batch 11950/12592 loss=0.098819
batch 12000/12592 loss=0.138868
batch 12050/12592 loss=0.172265
batch 12100/12592 loss=0.109933
batch 12150/12592 loss=0.620141
batch 12200/12592 loss=0.195543
batch 12250/12592 loss=0.264462
batch 12300/12592 loss=0.160422
batch 12350/12592 loss=0.346999
batch 12400/12592 loss=0.243721
batch 12450/12592 loss=0.366190
batch 12500/12592 loss=0.230800
batch 12550/12592 loss=0.171305
epoch=2 train_loss=0.267189 val_loss=0.205581 best=0.205581 patience=0/50
batch 0/12592 loss=0.175188
batch 50/12592 loss=0.241844
batch 100/12592 loss=0.169562
batch 150/12592 loss=0.249308
batch 200/12592 loss=0.126486
batch 250/12592 loss=0.145723
batch 300/12592 loss=0.158152
batch 350/12592 loss=0.572154
batch 400/12592 loss=0.163175
batch 450/12592 loss=0.339456
batch 500/12592 loss=0.169053
batch 550/12592 loss=0.231494
batch 600/12592 loss=0.140811
batch 650/12592 loss=0.082933
batch 700/12592 loss=0.133988
batch 750/12592 loss=0.263243
batch 800/12592 loss=0.162617
batch 850/12592 loss=0.539203
batch 900/12592 loss=0.152596
batch 950/12592 loss=0.106089
batch 1000/12592 loss=0.200378
batch 1050/12592 loss=0.173215
batch 1100/12592 loss=0.124026
batch 1150/12592 loss=0.158458
batch 1200/12592 loss=0.243210
batch 1250/12592 loss=0.168204
batch 1300/12592 loss=0.173395
batch 1350/12592 loss=0.193489
batch 1400/12592 loss=0.089736
batch 1450/12592 loss=0.168106
batch 1500/12592 loss=0.125580
batch 1550/12592 loss=0.161465
batch 1600/12592 loss=0.185893
batch 1650/12592 loss=0.131592
batch 1700/12592 loss=0.235195
batch 1750/12592 loss=0.292096
batch 1800/12592 loss=0.294779
batch 1850/12592 loss=0.091169
batch 1900/12592 loss=0.209347
batch 1950/12592 loss=0.153100
batch 2000/12592 loss=0.201122
batch 2050/12592 loss=0.130808
batch 2100/12592 loss=0.113770
batch 2150/12592 loss=0.153495
batch 2200/12592 loss=0.107127
batch 2250/12592 loss=0.230887
batch 2300/12592 loss=0.172554
batch 2350/12592 loss=0.148497
batch 2400/12592 loss=0.271312
batch 2450/12592 loss=0.089244
batch 2500/12592 loss=0.203036
batch 2550/12592 loss=0.108221
batch 2600/12592 loss=0.174772
batch 2650/12592 loss=0.143696
batch 2700/12592 loss=0.174407
batch 2750/12592 loss=0.132309
batch 2800/12592 loss=0.180897
batch 2850/12592 loss=0.142829
batch 2900/12592 loss=0.079735
batch 2950/12592 loss=0.153055
batch 3000/12592 loss=0.178039
batch 3050/12592 loss=0.186000
batch 3100/12592 loss=0.239811
batch 3150/12592 loss=0.262413
batch 3200/12592 loss=0.164684
batch 3250/12592 loss=0.081264
batch 3300/12592 loss=0.141400
batch 3350/12592 loss=0.208133
batch 3400/12592 loss=0.140654
batch 3450/12592 loss=0.168101
batch 3500/12592 loss=0.106766
batch 3550/12592 loss=0.242868
batch 3600/12592 loss=0.105046
batch 3650/12592 loss=0.142001
batch 3700/12592 loss=0.090154
batch 3750/12592 loss=0.101633
batch 3800/12592 loss=0.312971
batch 3850/12592 loss=0.082908
batch 3900/12592 loss=0.102272
batch 3950/12592 loss=0.154792
batch 4000/12592 loss=0.144232
batch 4050/12592 loss=0.132927
batch 4100/12592 loss=0.161413
batch 4150/12592 loss=0.145440
batch 4200/12592 loss=0.190376
batch 4250/12592 loss=0.224709
batch 4300/12592 loss=0.170591
batch 4350/12592 loss=0.138705
batch 4400/12592 loss=0.559823
batch 4450/12592 loss=0.193557
batch 4500/12592 loss=0.190175
batch 4550/12592 loss=0.318179
batch 4600/12592 loss=0.115904
batch 4650/12592 loss=0.155484
batch 4700/12592 loss=0.088867
batch 4750/12592 loss=0.139971
batch 4800/12592 loss=0.154315
batch 4850/12592 loss=0.075676
batch 4900/12592 loss=0.173009
batch 4950/12592 loss=0.150721
batch 5000/12592 loss=0.134491
batch 5050/12592 loss=0.058277
batch 5100/12592 loss=0.145008
batch 5150/12592 loss=0.170816
batch 5200/12592 loss=0.197359
batch 5250/12592 loss=0.101987
batch 5300/12592 loss=0.206214
batch 5350/12592 loss=0.092893
batch 5400/12592 loss=0.211144
batch 5450/12592 loss=0.167038
batch 5500/12592 loss=0.184713
batch 5550/12592 loss=0.338213
batch 5600/12592 loss=0.085326
batch 5650/12592 loss=0.202591
batch 5700/12592 loss=0.131204
batch 5750/12592 loss=0.368956
batch 5800/12592 loss=0.133173
batch 5850/12592 loss=0.103573
batch 5900/12592 loss=0.223313
batch 5950/12592 loss=0.246229
batch 6000/12592 loss=0.163659
batch 6050/12592 loss=0.126729
batch 6100/12592 loss=0.070575
batch 6150/12592 loss=0.123670
batch 6200/12592 loss=0.053002
batch 6250/12592 loss=0.094931
batch 6300/12592 loss=0.152458
batch 6350/12592 loss=0.122878
batch 6400/12592 loss=0.192896
batch 6450/12592 loss=0.087523
batch 6500/12592 loss=0.204565
batch 6550/12592 loss=0.229926
batch 6600/12592 loss=0.074641
batch 6650/12592 loss=0.231988
batch 6700/12592 loss=0.132720
batch 6750/12592 loss=0.293128
batch 6800/12592 loss=0.190631
batch 6850/12592 loss=0.402021
batch 6900/12592 loss=0.102545
batch 6950/12592 loss=0.072832
batch 7000/12592 loss=0.080859
batch 7050/12592 loss=0.188021
batch 7100/12592 loss=0.178259
batch 7150/12592 loss=0.126596
batch 7200/12592 loss=0.170185
batch 7250/12592 loss=0.162308
batch 7300/12592 loss=0.102696
batch 7350/12592 loss=0.081045
batch 7400/12592 loss=0.160817
batch 7450/12592 loss=0.144791
batch 7500/12592 loss=0.142461
batch 7550/12592 loss=0.129650
batch 7600/12592 loss=0.113497
batch 7650/12592 loss=0.139965
batch 7700/12592 loss=0.176873
batch 7750/12592 loss=0.171635
batch 7800/12592 loss=0.113697
batch 7850/12592 loss=0.120181
batch 7900/12592 loss=0.072849
batch 7950/12592 loss=0.114167
batch 8000/12592 loss=0.178149
batch 8050/12592 loss=0.143391
batch 8100/12592 loss=0.152853
batch 8150/12592 loss=0.085017
batch 8200/12592 loss=0.108654
batch 8250/12592 loss=0.135403
batch 8300/12592 loss=0.112999
batch 8350/12592 loss=0.146332
batch 8400/12592 loss=0.250695
batch 8450/12592 loss=0.098208
batch 8500/12592 loss=0.095852
batch 8550/12592 loss=0.210890
batch 8600/12592 loss=0.121202
batch 8650/12592 loss=0.144104
batch 8700/12592 loss=0.294770
batch 8750/12592 loss=0.106577
batch 8800/12592 loss=0.125990
batch 8850/12592 loss=0.446603
batch 8900/12592 loss=0.612300
batch 8950/12592 loss=0.092555
batch 9000/12592 loss=0.073077
batch 9050/12592 loss=0.076498
batch 9100/12592 loss=0.161209
batch 9150/12592 loss=0.144841
batch 9200/12592 loss=0.069042
batch 9250/12592 loss=0.145993
batch 9300/12592 loss=0.285689
batch 9350/12592 loss=0.085471
batch 9400/12592 loss=0.099209
batch 9450/12592 loss=0.146820
batch 9500/12592 loss=0.094715
batch 9550/12592 loss=0.145807
batch 9600/12592 loss=0.515698
batch 9650/12592 loss=0.399845
batch 9700/12592 loss=0.135581
batch 9750/12592 loss=0.123502
batch 9800/12592 loss=0.098682
batch 9850/12592 loss=0.133414
batch 9900/12592 loss=0.152723
batch 9950/12592 loss=0.062274
batch 10000/12592 loss=0.222849
batch 10050/12592 loss=0.086159
batch 10100/12592 loss=0.143710
batch 10150/12592 loss=0.150182
batch 10200/12592 loss=0.155898
batch 10250/12592 loss=0.364947
batch 10300/12592 loss=0.215362
batch 10350/12592 loss=0.129177
batch 10400/12592 loss=0.156795
batch 10450/12592 loss=0.169060
batch 10500/12592 loss=0.125153
batch 10550/12592 loss=0.139546
batch 10600/12592 loss=0.128390
batch 10650/12592 loss=0.138411
batch 10700/12592 loss=0.100869
batch 10750/12592 loss=0.119751
batch 10800/12592 loss=0.176509
batch 10850/12592 loss=0.088552
batch 10900/12592 loss=0.259117
batch 10950/12592 loss=0.163168
batch 11000/12592 loss=0.115175
batch 11050/12592 loss=0.308416
batch 11100/12592 loss=0.205920
batch 11150/12592 loss=0.127050
batch 11200/12592 loss=0.093667
batch 11250/12592 loss=0.301002
batch 11300/12592 loss=0.121432
batch 11350/12592 loss=0.201315
batch 11400/12592 loss=0.169957
batch 11450/12592 loss=0.060300
batch 11500/12592 loss=0.149191
batch 11550/12592 loss=0.122464
batch 11600/12592 loss=0.072089
batch 11650/12592 loss=0.119399
batch 11700/12592 loss=0.202342
batch 11750/12592 loss=0.075789
batch 11800/12592 loss=0.076608
batch 11850/12592 loss=0.171049
batch 11900/12592 loss=0.219747
batch 11950/12592 loss=0.110986
batch 12000/12592 loss=0.110646
batch 12050/12592 loss=0.149208
batch 12100/12592 loss=0.164449
batch 12150/12592 loss=0.080308
batch 12200/12592 loss=0.273041
batch 12250/12592 loss=0.100576
batch 12300/12592 loss=0.206356
batch 12350/12592 loss=0.081118
batch 12400/12592 loss=0.077416
batch 12450/12592 loss=0.123203
batch 12500/12592 loss=0.066872
batch 12550/12592 loss=0.109752
epoch=3 train_loss=0.172647 val_loss=0.160721 best=0.160721 patience=0/50
batch 0/12592 loss=0.174864
batch 50/12592 loss=0.120643
batch 100/12592 loss=0.110120
batch 150/12592 loss=0.108342
batch 200/12592 loss=0.140109
batch 250/12592 loss=0.143533
batch 300/12592 loss=0.241352
batch 350/12592 loss=0.274621
batch 400/12592 loss=0.082749
batch 450/12592 loss=0.081018
batch 500/12592 loss=0.220197
batch 550/12592 loss=0.116579
batch 600/12592 loss=0.234895
batch 650/12592 loss=0.139618
batch 700/12592 loss=0.117843
batch 750/12592 loss=0.168884
batch 800/12592 loss=0.238713
batch 850/12592 loss=0.159528
batch 900/12592 loss=0.126682
batch 950/12592 loss=0.130778
batch 1000/12592 loss=0.118606
batch 1050/12592 loss=0.324798
batch 1100/12592 loss=0.111795
batch 1150/12592 loss=0.192095
batch 1200/12592 loss=0.164945
batch 1250/12592 loss=0.087756
batch 1300/12592 loss=0.181886
batch 1350/12592 loss=0.131551
batch 1400/12592 loss=0.155052
batch 1450/12592 loss=0.090779
batch 1500/12592 loss=0.133665
batch 1550/12592 loss=0.076288
batch 1600/12592 loss=0.190445
batch 1650/12592 loss=0.130088
batch 1700/12592 loss=0.097520
batch 1750/12592 loss=0.079308
batch 1800/12592 loss=0.083619
batch 1850/12592 loss=0.120954
batch 1900/12592 loss=0.183755
batch 1950/12592 loss=0.193566
batch 2000/12592 loss=0.111881
batch 2050/12592 loss=0.192311
batch 2100/12592 loss=0.102624
batch 2150/12592 loss=0.067719
batch 2200/12592 loss=0.212799
batch 2250/12592 loss=0.123476
batch 2300/12592 loss=0.129510
batch 2350/12592 loss=0.086943
batch 2400/12592 loss=0.089742
batch 2450/12592 loss=0.085534
batch 2500/12592 loss=0.112850
batch 2550/12592 loss=0.094154
batch 2600/12592 loss=0.195325
batch 2650/12592 loss=0.189541
batch 2700/12592 loss=0.079264
batch 2750/12592 loss=0.109138
batch 2800/12592 loss=0.120651
batch 2850/12592 loss=0.153329
batch 2900/12592 loss=0.170294
batch 2950/12592 loss=0.085988
batch 3000/12592 loss=0.113641
batch 3050/12592 loss=0.266031
batch 3100/12592 loss=0.040633
batch 3150/12592 loss=0.154125
batch 3200/12592 loss=0.196913
batch 3250/12592 loss=0.372092
batch 3300/12592 loss=0.166351
batch 3350/12592 loss=0.200435
batch 3400/12592 loss=0.105128
batch 3450/12592 loss=0.050741
batch 3500/12592 loss=0.148545
batch 3550/12592 loss=0.175102
batch 3600/12592 loss=0.064269
batch 3650/12592 loss=0.121962
batch 3700/12592 loss=0.052471
batch 3750/12592 loss=0.166805
batch 3800/12592 loss=0.224877
batch 3850/12592 loss=0.083373
batch 3900/12592 loss=0.078173
batch 3950/12592 loss=0.063645
batch 4000/12592 loss=0.114568
batch 4050/12592 loss=0.158197
batch 4100/12592 loss=0.146530
batch 4150/12592 loss=0.126880
batch 4200/12592 loss=0.098659
batch 4250/12592 loss=0.175919
batch 4300/12592 loss=0.115946
batch 4350/12592 loss=0.054975
batch 4400/12592 loss=0.434691
batch 4450/12592 loss=0.141656
batch 4500/12592 loss=0.116216
batch 4550/12592 loss=0.052609
batch 4600/12592 loss=0.086009
batch 4650/12592 loss=0.161859
batch 4700/12592 loss=0.179380
batch 4750/12592 loss=0.099075
batch 4800/12592 loss=0.092700
batch 4850/12592 loss=0.125747
batch 4900/12592 loss=0.065640
batch 4950/12592 loss=0.179377
batch 5000/12592 loss=0.207119
batch 5050/12592 loss=0.096483
batch 5100/12592 loss=0.144599
batch 5150/12592 loss=0.072884
batch 5200/12592 loss=0.262494
batch 5250/12592 loss=0.126023
batch 5300/12592 loss=0.115473
batch 5350/12592 loss=0.104924
batch 5400/12592 loss=0.100267
batch 5450/12592 loss=0.117682
batch 5500/12592 loss=0.134814
batch 5550/12592 loss=0.073987
batch 5600/12592 loss=0.047891
batch 5650/12592 loss=0.369425
batch 5700/12592 loss=0.062926
batch 5750/12592 loss=0.094077
batch 5800/12592 loss=0.084607
batch 5850/12592 loss=0.123871
batch 5900/12592 loss=0.171459
batch 5950/12592 loss=0.098520
batch 6000/12592 loss=0.087733
batch 6050/12592 loss=0.104118
batch 6100/12592 loss=0.075670
batch 6150/12592 loss=0.089969
batch 6200/12592 loss=0.076114
batch 6250/12592 loss=0.107837
batch 6300/12592 loss=0.111758
batch 6350/12592 loss=0.101668
batch 6400/12592 loss=0.076297
batch 6450/12592 loss=0.098450
batch 6500/12592 loss=0.098808
batch 6550/12592 loss=0.261481
batch 6600/12592 loss=0.140806
batch 6650/12592 loss=0.170682
batch 6700/12592 loss=0.141035
batch 6750/12592 loss=0.091834
batch 6800/12592 loss=0.112353
batch 6850/12592 loss=0.083155
batch 6900/12592 loss=0.134814
batch 6950/12592 loss=0.211237
batch 7000/12592 loss=0.126942
batch 7050/12592 loss=0.054363
batch 7100/12592 loss=0.191640
batch 7150/12592 loss=0.176434
batch 7200/12592 loss=0.188419
batch 7250/12592 loss=0.116104
batch 7300/12592 loss=0.124095
batch 7350/12592 loss=0.170202
batch 7400/12592 loss=0.088365
batch 7450/12592 loss=0.135946
batch 7500/12592 loss=0.077116
batch 7550/12592 loss=0.164982
batch 7600/12592 loss=0.072716
batch 7650/12592 loss=0.071963
batch 7700/12592 loss=0.159480
batch 7750/12592 loss=0.187293
batch 7800/12592 loss=0.114366
batch 7850/12592 loss=0.473122
batch 7900/12592 loss=0.320432
batch 7950/12592 loss=0.194146
batch 8000/12592 loss=0.198394
batch 8050/12592 loss=0.107782
batch 8100/12592 loss=0.104270
batch 8150/12592 loss=0.089323
batch 8200/12592 loss=0.102571
batch 8250/12592 loss=0.189546
batch 8300/12592 loss=0.050249
batch 8350/12592 loss=0.071943
batch 8400/12592 loss=0.107921
batch 8450/12592 loss=0.077335
batch 8500/12592 loss=0.085018
batch 8550/12592 loss=0.125814
batch 8600/12592 loss=0.101458
batch 8650/12592 loss=0.088039
batch 8700/12592 loss=0.130744
batch 8750/12592 loss=0.059799
batch 8800/12592 loss=0.197357
batch 8850/12592 loss=0.076955
batch 8900/12592 loss=0.110928
batch 8950/12592 loss=0.136629
batch 9000/12592 loss=0.148516
batch 9050/12592 loss=0.148132
batch 9100/12592 loss=0.282813
batch 9150/12592 loss=0.473124
batch 9200/12592 loss=0.166654
batch 9250/12592 loss=0.125506
batch 9300/12592 loss=0.113651
batch 9350/12592 loss=0.167864
batch 9400/12592 loss=0.072926
batch 9450/12592 loss=0.218865
batch 9500/12592 loss=0.256355
batch 9550/12592 loss=0.151407
batch 9600/12592 loss=0.112683
batch 9650/12592 loss=0.079580
batch 9700/12592 loss=0.149622
batch 9750/12592 loss=0.046146
batch 9800/12592 loss=0.143215
batch 9850/12592 loss=0.109881
batch 9900/12592 loss=0.178723
batch 9950/12592 loss=0.142017
batch 10000/12592 loss=0.070585
batch 10050/12592 loss=0.081470
batch 10100/12592 loss=0.091347
batch 10150/12592 loss=0.158732
batch 10200/12592 loss=0.102200
batch 10250/12592 loss=0.089293
batch 10300/12592 loss=0.186538
batch 10350/12592 loss=0.103673
batch 10400/12592 loss=0.179183
batch 10450/12592 loss=0.061015
batch 10500/12592 loss=0.060761
batch 10550/12592 loss=0.140678
batch 10600/12592 loss=0.109837
batch 10650/12592 loss=0.186745
batch 10700/12592 loss=0.104273
batch 10750/12592 loss=0.109204
batch 10800/12592 loss=0.095314
batch 10850/12592 loss=0.138658
batch 10900/12592 loss=0.185537
batch 10950/12592 loss=0.158670
batch 11000/12592 loss=0.133506
batch 11050/12592 loss=0.108186
batch 11100/12592 loss=0.103036
batch 11150/12592 loss=0.189951
batch 11200/12592 loss=0.200043
batch 11250/12592 loss=0.085022
batch 11300/12592 loss=0.054481
batch 11350/12592 loss=0.117396
batch 11400/12592 loss=0.107216
batch 11450/12592 loss=0.111451
batch 11500/12592 loss=0.157719
batch 11550/12592 loss=0.105050
batch 11600/12592 loss=0.184096
batch 11650/12592 loss=0.134947
batch 11700/12592 loss=0.074629
batch 11750/12592 loss=0.203487
batch 11800/12592 loss=0.078425
batch 11850/12592 loss=0.171487
batch 11900/12592 loss=0.146782
batch 11950/12592 loss=0.049181
batch 12000/12592 loss=0.151286
batch 12050/12592 loss=0.094915
batch 12100/12592 loss=0.071372
batch 12150/12592 loss=0.152462
batch 12200/12592 loss=0.119430
batch 12250/12592 loss=0.144009
batch 12300/12592 loss=0.151069
batch 12350/12592 loss=0.086168
batch 12400/12592 loss=0.078754
batch 12450/12592 loss=0.116596
batch 12500/12592 loss=0.113611
batch 12550/12592 loss=0.157037
epoch=4 train_loss=0.138774 val_loss=0.107008 best=0.107008 patience=0/50
batch 0/12592 loss=0.071738
batch 50/12592 loss=0.125044
batch 100/12592 loss=0.252110
batch 150/12592 loss=0.100708
batch 200/12592 loss=0.042067
batch 250/12592 loss=0.060531
batch 300/12592 loss=0.088793
batch 350/12592 loss=0.178303
batch 400/12592 loss=0.103616
batch 450/12592 loss=0.179967
batch 500/12592 loss=0.149221
batch 550/12592 loss=0.097458
batch 600/12592 loss=0.210721
batch 650/12592 loss=0.057187
batch 700/12592 loss=0.060491
batch 750/12592 loss=0.071486
batch 800/12592 loss=0.079543
batch 850/12592 loss=0.055773
batch 900/12592 loss=0.194069
batch 950/12592 loss=0.265374
batch 1000/12592 loss=0.261610
batch 1050/12592 loss=0.098108
batch 1100/12592 loss=0.080214
batch 1150/12592 loss=0.130467
batch 1200/12592 loss=0.075241
batch 1250/12592 loss=0.088270
batch 1300/12592 loss=0.050930
batch 1350/12592 loss=0.151175
batch 1400/12592 loss=0.134653
batch 1450/12592 loss=0.115205
batch 1500/12592 loss=0.115262
batch 1550/12592 loss=0.184368
batch 1600/12592 loss=0.190575
batch 1650/12592 loss=0.066113
batch 1700/12592 loss=0.071601
batch 1750/12592 loss=0.141612
batch 1800/12592 loss=0.138577
batch 1850/12592 loss=0.096723
batch 1900/12592 loss=0.104484
batch 1950/12592 loss=0.089359
batch 2000/12592 loss=0.176124
batch 2050/12592 loss=0.127392
batch 2100/12592 loss=0.104675
batch 2150/12592 loss=0.081851
batch 2200/12592 loss=0.088918
batch 2250/12592 loss=0.206273
batch 2300/12592 loss=0.099917
batch 2350/12592 loss=0.042946
batch 2400/12592 loss=0.092368
batch 2450/12592 loss=0.086942
batch 2500/12592 loss=0.225833
batch 2550/12592 loss=0.112916
batch 2600/12592 loss=0.083977
batch 2650/12592 loss=0.241453
batch 2700/12592 loss=0.063324
batch 2750/12592 loss=0.143272
batch 2800/12592 loss=0.083181
batch 2850/12592 loss=0.139579
batch 2900/12592 loss=0.057459
batch 2950/12592 loss=0.244901
batch 3000/12592 loss=0.122881
batch 3050/12592 loss=0.051632
batch 3100/12592 loss=0.172890
batch 3150/12592 loss=0.151202
batch 3200/12592 loss=0.176920
batch 3250/12592 loss=0.184174
batch 3300/12592 loss=0.101767
batch 3350/12592 loss=0.082990
batch 3400/12592 loss=0.090807
batch 3450/12592 loss=0.144904
batch 3500/12592 loss=0.088574
batch 3550/12592 loss=0.129759
batch 3600/12592 loss=0.145582
batch 3650/12592 loss=0.205768
batch 3700/12592 loss=0.082525
batch 3750/12592 loss=0.093111
batch 3800/12592 loss=0.090873
batch 3850/12592 loss=0.129189
batch 3900/12592 loss=0.101845
batch 3950/12592 loss=0.602833
batch 4000/12592 loss=0.062368
batch 4050/12592 loss=0.142920
batch 4100/12592 loss=0.084311
batch 4150/12592 loss=0.059999
batch 4200/12592 loss=0.086975
batch 4250/12592 loss=0.056018
batch 4300/12592 loss=0.132609
batch 4350/12592 loss=0.148649
batch 4400/12592 loss=0.123432
batch 4450/12592 loss=0.125024
batch 4500/12592 loss=0.171249
batch 4550/12592 loss=0.110338
batch 4600/12592 loss=0.142573
batch 4650/12592 loss=0.061191
batch 4700/12592 loss=0.079828
batch 4750/12592 loss=0.039509
batch 4800/12592 loss=0.127100
batch 4850/12592 loss=0.107345
batch 4900/12592 loss=0.071051
batch 4950/12592 loss=0.079228
batch 5000/12592 loss=0.115431
batch 5050/12592 loss=0.078533
batch 5100/12592 loss=0.084599
batch 5150/12592 loss=0.136635
batch 5200/12592 loss=0.061663
batch 5250/12592 loss=0.135962
batch 5300/12592 loss=0.079837
batch 5350/12592 loss=0.041577
batch 5400/12592 loss=0.133296
batch 5450/12592 loss=0.122020
batch 5500/12592 loss=0.099487
batch 5550/12592 loss=0.146883
batch 5600/12592 loss=0.101185
batch 5650/12592 loss=0.072803
batch 5700/12592 loss=0.283323
batch 5750/12592 loss=0.090491
batch 5800/12592 loss=0.121151
batch 5850/12592 loss=0.065044
batch 5900/12592 loss=0.147219
batch 5950/12592 loss=0.048836
batch 6000/12592 loss=0.099368
batch 6050/12592 loss=0.175144
batch 6100/12592 loss=0.086829
batch 6150/12592 loss=0.343831
batch 6200/12592 loss=0.105062
batch 6250/12592 loss=0.144880
batch 6300/12592 loss=0.105464
batch 6350/12592 loss=0.156040
batch 6400/12592 loss=0.123409
batch 6450/12592 loss=0.087682
batch 6500/12592 loss=0.121199
batch 6550/12592 loss=0.084782
batch 6600/12592 loss=0.078799
batch 6650/12592 loss=0.067693
batch 6700/12592 loss=0.174939
batch 6750/12592 loss=0.107443
batch 6800/12592 loss=0.095299
batch 6850/12592 loss=0.083954
batch 6900/12592 loss=0.118693
batch 6950/12592 loss=0.110604
batch 7000/12592 loss=0.105579
batch 7050/12592 loss=0.068551
batch 7100/12592 loss=0.218289
batch 7150/12592 loss=0.058751
batch 7200/12592 loss=0.324249
batch 7250/12592 loss=0.061116
batch 7300/12592 loss=0.061679
batch 7350/12592 loss=0.095348
batch 7400/12592 loss=0.050803
batch 7450/12592 loss=0.126445
batch 7500/12592 loss=0.143086
batch 7550/12592 loss=0.076976
batch 7600/12592 loss=0.107683
batch 7650/12592 loss=0.112295
batch 7700/12592 loss=0.127890
batch 7750/12592 loss=0.129932
batch 7800/12592 loss=0.121296
batch 7850/12592 loss=0.059990
batch 7900/12592 loss=0.091515
batch 7950/12592 loss=0.049353
batch 8000/12592 loss=0.108372
batch 8050/12592 loss=0.142119
batch 8100/12592 loss=0.087854
batch 8150/12592 loss=0.100116
batch 8200/12592 loss=0.109053
batch 8250/12592 loss=0.210323
batch 8300/12592 loss=0.097961
batch 8350/12592 loss=0.069006
batch 8400/12592 loss=0.090622
batch 8450/12592 loss=0.105207
batch 8500/12592 loss=0.045619
batch 8550/12592 loss=0.139102
batch 8600/12592 loss=0.100546
batch 8650/12592 loss=0.195491
batch 8700/12592 loss=0.084566
batch 8750/12592 loss=0.038847
batch 8800/12592 loss=0.040001
batch 8850/12592 loss=0.063180
batch 8900/12592 loss=0.105580
batch 8950/12592 loss=0.059657
batch 9000/12592 loss=0.065354
batch 9050/12592 loss=0.055270
batch 9100/12592 loss=0.472590
batch 9150/12592 loss=0.097480
batch 9200/12592 loss=0.138448
batch 9250/12592 loss=0.142623
batch 9300/12592 loss=0.125610
batch 9350/12592 loss=0.071227
batch 9400/12592 loss=0.123040
batch 9450/12592 loss=0.052248
batch 9500/12592 loss=0.099824
batch 9550/12592 loss=0.106304
batch 9600/12592 loss=0.119815
batch 9650/12592 loss=0.054009
batch 9700/12592 loss=0.265536
batch 9750/12592 loss=0.090662
batch 9800/12592 loss=0.122484
batch 9850/12592 loss=0.132999
batch 9900/12592 loss=0.072091
batch 9950/12592 loss=0.099373
batch 10000/12592 loss=0.087601
batch 10050/12592 loss=0.169594
batch 10100/12592 loss=0.129287
batch 10150/12592 loss=0.078469
batch 10200/12592 loss=0.127850
batch 10250/12592 loss=0.078934
batch 10300/12592 loss=0.070114
batch 10350/12592 loss=0.049435
batch 10400/12592 loss=0.092265
batch 10450/12592 loss=0.109594
batch 10500/12592 loss=0.065868
batch 10550/12592 loss=0.108002
batch 10600/12592 loss=0.120994
batch 10650/12592 loss=0.068649
batch 10700/12592 loss=0.093394
batch 10750/12592 loss=0.079621
batch 10800/12592 loss=0.063845
batch 10850/12592 loss=0.123274
batch 10900/12592 loss=0.079001
batch 10950/12592 loss=0.187905
batch 11000/12592 loss=0.104994
batch 11050/12592 loss=0.083163
batch 11100/12592 loss=0.068389
batch 11150/12592 loss=0.226972
batch 11200/12592 loss=0.078233
batch 11250/12592 loss=0.049702
batch 11300/12592 loss=0.096623
batch 11350/12592 loss=0.065810
batch 11400/12592 loss=0.079451
batch 11450/12592 loss=0.042971
batch 11500/12592 loss=0.126148
batch 11550/12592 loss=0.088620
batch 11600/12592 loss=0.064672
batch 11650/12592 loss=0.063105
batch 11700/12592 loss=0.127820
batch 11750/12592 loss=0.134055
batch 11800/12592 loss=0.083027
batch 11850/12592 loss=0.062562
batch 11900/12592 loss=0.118698
batch 11950/12592 loss=0.072796
batch 12000/12592 loss=0.241425
batch 12050/12592 loss=0.131169
batch 12100/12592 loss=0.140956
batch 12150/12592 loss=0.131013
batch 12200/12592 loss=0.104078
batch 12250/12592 loss=0.056778
batch 12300/12592 loss=0.145847
batch 12350/12592 loss=0.270007
batch 12400/12592 loss=0.124815
batch 12450/12592 loss=0.080461
batch 12500/12592 loss=0.168078
batch 12550/12592 loss=0.079889
epoch=5 train_loss=0.121271 val_loss=0.131845 best=0.107008 patience=1/50
batch 0/12592 loss=0.174470
batch 50/12592 loss=0.371552
batch 100/12592 loss=0.081730
batch 150/12592 loss=0.093545
batch 200/12592 loss=0.093049
batch 250/12592 loss=0.066856
batch 300/12592 loss=0.092167
batch 350/12592 loss=0.102665
batch 400/12592 loss=0.119534
batch 450/12592 loss=0.087679
batch 500/12592 loss=0.075316
batch 550/12592 loss=0.040810
batch 600/12592 loss=0.053494
batch 650/12592 loss=0.104495
batch 700/12592 loss=0.138243
batch 750/12592 loss=0.081543
batch 800/12592 loss=0.141818
batch 850/12592 loss=0.159525
batch 900/12592 loss=0.069752
batch 950/12592 loss=0.226777
batch 1000/12592 loss=0.121950
batch 1050/12592 loss=0.163716
batch 1100/12592 loss=0.101209
batch 1150/12592 loss=0.155907
batch 1200/12592 loss=0.147668
batch 1250/12592 loss=0.049429
batch 1300/12592 loss=0.053897
batch 1350/12592 loss=0.092466
batch 1400/12592 loss=0.409284
batch 1450/12592 loss=0.043315
batch 1500/12592 loss=0.104416
batch 1550/12592 loss=0.138810
batch 1600/12592 loss=0.118424
batch 1650/12592 loss=0.107682
batch 1700/12592 loss=0.074916
batch 1750/12592 loss=0.099289
batch 1800/12592 loss=0.183664
batch 1850/12592 loss=0.160297
batch 1900/12592 loss=0.063913
batch 1950/12592 loss=0.075457
batch 2000/12592 loss=0.107287
batch 2050/12592 loss=0.145493
batch 2100/12592 loss=0.066986
batch 2150/12592 loss=0.053003
batch 2200/12592 loss=0.085278
batch 2250/12592 loss=0.053283
batch 2300/12592 loss=0.101407
batch 2350/12592 loss=0.054806
batch 2400/12592 loss=0.075421
batch 2450/12592 loss=0.103501
batch 2500/12592 loss=0.056258
batch 2550/12592 loss=0.077936
batch 2600/12592 loss=0.199679
batch 2650/12592 loss=0.102620
batch 2700/12592 loss=0.078171
batch 2750/12592 loss=0.079820
batch 2800/12592 loss=0.096983
batch 2850/12592 loss=0.065936
batch 2900/12592 loss=0.248620
batch 2950/12592 loss=0.109211
batch 3000/12592 loss=0.091490
batch 3050/12592 loss=0.114647
batch 3100/12592 loss=0.058927
batch 3150/12592 loss=0.325079
batch 3200/12592 loss=0.081279
batch 3250/12592 loss=0.050557
batch 3300/12592 loss=0.140706
batch 3350/12592 loss=0.090705
batch 3400/12592 loss=0.055494
batch 3450/12592 loss=0.094141
batch 3500/12592 loss=0.193244
batch 3550/12592 loss=0.110924
batch 3600/12592 loss=0.085710
batch 3650/12592 loss=0.135163
batch 3700/12592 loss=0.161627
batch 3750/12592 loss=0.099603
batch 3800/12592 loss=0.083505
batch 3850/12592 loss=0.105853
batch 3900/12592 loss=0.079063
batch 3950/12592 loss=0.072717
batch 4000/12592 loss=0.067943
batch 4050/12592 loss=0.074396
batch 4100/12592 loss=0.067648
batch 4150/12592 loss=0.149562
batch 4200/12592 loss=0.082151
batch 4250/12592 loss=0.160291
batch 4300/12592 loss=0.106613
batch 4350/12592 loss=0.120844
batch 4400/12592 loss=0.097603
batch 4450/12592 loss=0.130792
batch 4500/12592 loss=0.125919
batch 4550/12592 loss=0.146297
batch 4600/12592 loss=0.062977
batch 4650/12592 loss=0.058883
batch 4700/12592 loss=0.037442
batch 4750/12592 loss=0.056780
batch 4800/12592 loss=0.102093
batch 4850/12592 loss=0.059594
batch 4900/12592 loss=0.173212
batch 4950/12592 loss=0.052180
batch 5000/12592 loss=0.040679
batch 5050/12592 loss=0.060399
batch 5100/12592 loss=0.078534
batch 5150/12592 loss=0.103052
batch 5200/12592 loss=0.087143
batch 5250/12592 loss=0.075242
batch 5300/12592 loss=0.078550
batch 5350/12592 loss=0.070169
batch 5400/12592 loss=0.187735
batch 5450/12592 loss=0.113090
batch 5500/12592 loss=0.071353
batch 5550/12592 loss=0.060622
batch 5600/12592 loss=0.086246
batch 5650/12592 loss=0.238132
batch 5700/12592 loss=0.116674
batch 5750/12592 loss=0.056052
batch 5800/12592 loss=0.078959
batch 5850/12592 loss=0.158667
batch 5900/12592 loss=0.180106
batch 5950/12592 loss=0.058790
batch 6000/12592 loss=0.112048
batch 6050/12592 loss=0.139034
batch 6100/12592 loss=0.131572
batch 6150/12592 loss=0.139919
batch 6200/12592 loss=0.064369
batch 6250/12592 loss=0.334511
batch 6300/12592 loss=0.090449
batch 6350/12592 loss=0.107456
batch 6400/12592 loss=0.097783
batch 6450/12592 loss=0.089597
batch 6500/12592 loss=0.147584
batch 6550/12592 loss=0.056232
batch 6600/12592 loss=0.048291
batch 6650/12592 loss=0.057777
batch 6700/12592 loss=0.083934
batch 6750/12592 loss=0.116360
batch 6800/12592 loss=0.086034
batch 6850/12592 loss=0.065088
batch 6900/12592 loss=0.087816
batch 6950/12592 loss=0.097278
batch 7000/12592 loss=0.089512
batch 7050/12592 loss=0.085420
batch 7100/12592 loss=0.125374
batch 7150/12592 loss=0.101406
batch 7200/12592 loss=0.156209
batch 7250/12592 loss=0.112038
batch 7300/12592 loss=0.169018
batch 7350/12592 loss=0.106243
batch 7400/12592 loss=0.048413
batch 7450/12592 loss=0.068800
batch 7500/12592 loss=0.050572
batch 7550/12592 loss=0.096589
batch 7600/12592 loss=0.198486
batch 7650/12592 loss=0.076161
batch 7700/12592 loss=0.116067
batch 7750/12592 loss=0.161673
batch 7800/12592 loss=0.059915
batch 7850/12592 loss=0.033861
batch 7900/12592 loss=0.062981
batch 7950/12592 loss=0.181290
batch 8000/12592 loss=0.074491
batch 8050/12592 loss=0.060914
batch 8100/12592 loss=0.073104
batch 8150/12592 loss=0.109649
batch 8200/12592 loss=0.064017
batch 8250/12592 loss=0.102542
batch 8300/12592 loss=0.074698
batch 8350/12592 loss=0.108665
batch 8400/12592 loss=0.098541
batch 8450/12592 loss=0.081404
batch 8500/12592 loss=0.030813
batch 8550/12592 loss=0.092754
batch 8600/12592 loss=0.076240
batch 8650/12592 loss=0.109159
batch 8700/12592 loss=0.116683
batch 8750/12592 loss=0.100156
batch 8800/12592 loss=0.108268
batch 8850/12592 loss=0.044821
batch 8900/12592 loss=0.073237
batch 8950/12592 loss=0.068448
batch 9000/12592 loss=0.069182
batch 9050/12592 loss=0.058298
batch 9100/12592 loss=0.154088
batch 9150/12592 loss=0.062515
batch 9200/12592 loss=0.086059
batch 9250/12592 loss=0.062865
batch 9300/12592 loss=0.071241
batch 9350/12592 loss=0.056413
batch 9400/12592 loss=0.071846
batch 9450/12592 loss=0.094013
batch 9500/12592 loss=0.070559
batch 9550/12592 loss=0.143146
batch 9600/12592 loss=0.069862
batch 9650/12592 loss=0.085540
batch 9700/12592 loss=0.082052
batch 9750/12592 loss=0.169444
batch 9800/12592 loss=0.114358
batch 9850/12592 loss=0.097303
batch 9900/12592 loss=0.091697
batch 9950/12592 loss=0.051742
batch 10000/12592 loss=0.073313
batch 10050/12592 loss=0.109673
batch 10100/12592 loss=0.148592
batch 10150/12592 loss=0.064363
batch 10200/12592 loss=0.047808
batch 10250/12592 loss=0.067033
batch 10300/12592 loss=0.085433
batch 10350/12592 loss=0.076047
batch 10400/12592 loss=0.145566
batch 10450/12592 loss=0.146397
batch 10500/12592 loss=0.096331
batch 10550/12592 loss=0.059571
batch 10600/12592 loss=0.078026
batch 10650/12592 loss=0.058449
batch 10700/12592 loss=0.052274
batch 10750/12592 loss=0.071848
batch 10800/12592 loss=0.091454
batch 10850/12592 loss=0.116855
batch 10900/12592 loss=0.074049
batch 10950/12592 loss=0.105772
batch 11000/12592 loss=0.098940
batch 11050/12592 loss=0.092959
batch 11100/12592 loss=0.072022
batch 11150/12592 loss=0.079076
batch 11200/12592 loss=0.120599
batch 11250/12592 loss=0.323630
batch 11300/12592 loss=0.268687
batch 11350/12592 loss=0.139336
batch 11400/12592 loss=0.057889
batch 11450/12592 loss=0.176687
batch 11500/12592 loss=0.251819
batch 11550/12592 loss=0.093508
batch 11600/12592 loss=0.052509
batch 11650/12592 loss=0.066793
batch 11700/12592 loss=0.125766
batch 11750/12592 loss=0.149089
batch 11800/12592 loss=0.297805
batch 11850/12592 loss=0.111089
batch 11900/12592 loss=0.065446
batch 11950/12592 loss=0.105546
batch 12000/12592 loss=0.075585
batch 12050/12592 loss=0.100295
batch 12100/12592 loss=0.176940
batch 12150/12592 loss=0.089566
batch 12200/12592 loss=0.106507
batch 12250/12592 loss=0.150204
batch 12300/12592 loss=0.220309
batch 12350/12592 loss=0.110313
batch 12400/12592 loss=0.108486
batch 12450/12592 loss=0.044251
batch 12500/12592 loss=0.093677
batch 12550/12592 loss=0.109548
epoch=6 train_loss=0.110054 val_loss=0.098672 best=0.098672 patience=0/50
batch 0/12592 loss=0.078493
batch 50/12592 loss=0.066800
batch 100/12592 loss=0.118855
batch 150/12592 loss=0.062161
batch 200/12592 loss=0.074007
batch 250/12592 loss=0.061700
batch 300/12592 loss=0.069885
batch 350/12592 loss=0.075442
batch 400/12592 loss=0.117992
batch 450/12592 loss=0.030397
batch 500/12592 loss=0.051342
batch 550/12592 loss=0.166824
batch 600/12592 loss=0.103984
batch 650/12592 loss=0.057820
batch 700/12592 loss=0.066641
batch 750/12592 loss=0.127548
batch 800/12592 loss=0.174531
batch 850/12592 loss=0.084296
batch 900/12592 loss=0.111189
batch 950/12592 loss=0.070747
batch 1000/12592 loss=0.096187
batch 1050/12592 loss=0.060350
batch 1100/12592 loss=0.097800
batch 1150/12592 loss=0.104579
batch 1200/12592 loss=0.050799
batch 1250/12592 loss=0.102010
batch 1300/12592 loss=0.057234
batch 1350/12592 loss=0.065820
batch 1400/12592 loss=0.107440
batch 1450/12592 loss=0.044446
batch 1500/12592 loss=0.122262
batch 1550/12592 loss=0.168349
batch 1600/12592 loss=0.058837
batch 1650/12592 loss=0.089479
batch 1700/12592 loss=0.118477
batch 1750/12592 loss=0.054924
batch 1800/12592 loss=0.091271
batch 1850/12592 loss=0.075810
batch 1900/12592 loss=0.207532
batch 1950/12592 loss=0.092471
batch 2000/12592 loss=0.063225
batch 2050/12592 loss=0.058648
batch 2100/12592 loss=0.053101
batch 2150/12592 loss=0.111375
batch 2200/12592 loss=0.039567
batch 2250/12592 loss=0.048823
batch 2300/12592 loss=0.076083
batch 2350/12592 loss=0.063481
batch 2400/12592 loss=0.099663
batch 2450/12592 loss=0.082576
batch 2500/12592 loss=0.103205
batch 2550/12592 loss=0.065660
batch 2600/12592 loss=0.081908
batch 2650/12592 loss=0.104135
batch 2700/12592 loss=0.106906
batch 2750/12592 loss=0.084153
batch 2800/12592 loss=0.101060
batch 2850/12592 loss=0.133128
batch 2900/12592 loss=0.088475
batch 2950/12592 loss=0.201156
batch 3000/12592 loss=0.123156
batch 3050/12592 loss=0.047175
batch 3100/12592 loss=0.050750
batch 3150/12592 loss=0.109866
batch 3200/12592 loss=0.107951
batch 3250/12592 loss=0.279378
batch 3300/12592 loss=0.072741
batch 3350/12592 loss=0.177516
batch 3400/12592 loss=0.171512
batch 3450/12592 loss=0.118633
batch 3500/12592 loss=0.110367
batch 3550/12592 loss=0.068046
batch 3600/12592 loss=0.097649
batch 3650/12592 loss=0.067914
batch 3700/12592 loss=0.086998
batch 3750/12592 loss=0.103398
batch 3800/12592 loss=0.088133
batch 3850/12592 loss=0.062488
batch 3900/12592 loss=0.081870
batch 3950/12592 loss=0.100056
batch 4000/12592 loss=0.093213
batch 4050/12592 loss=0.109140
batch 4100/12592 loss=0.111531
batch 4150/12592 loss=0.068863
batch 4200/12592 loss=0.096458
batch 4250/12592 loss=0.058268
batch 4300/12592 loss=0.123043
batch 4350/12592 loss=0.053719
batch 4400/12592 loss=0.550447
batch 4450/12592 loss=0.117879
batch 4500/12592 loss=0.035526
batch 4550/12592 loss=0.061351
batch 4600/12592 loss=0.062556
batch 4650/12592 loss=0.047388
batch 4700/12592 loss=0.103652
batch 4750/12592 loss=0.127950
batch 4800/12592 loss=0.094795
batch 4850/12592 loss=0.100950
batch 4900/12592 loss=0.083118
batch 4950/12592 loss=0.071229
batch 5000/12592 loss=0.086874
batch 5050/12592 loss=0.119546
batch 5100/12592 loss=0.083002
batch 5150/12592 loss=0.049060
batch 5200/12592 loss=0.054609
batch 5250/12592 loss=0.172488
batch 5300/12592 loss=0.115350
batch 5350/12592 loss=0.089370
batch 5400/12592 loss=0.074788
batch 5450/12592 loss=0.065551
batch 5500/12592 loss=0.073684
batch 5550/12592 loss=0.195636
batch 5600/12592 loss=0.073229
batch 5650/12592 loss=0.106086
batch 5700/12592 loss=0.034927
batch 5750/12592 loss=0.076702
batch 5800/12592 loss=0.105590
batch 5850/12592 loss=0.096331
batch 5900/12592 loss=0.095757
batch 5950/12592 loss=0.137782
batch 6000/12592 loss=0.223040
batch 6050/12592 loss=0.052817
batch 6100/12592 loss=0.084548
batch 6150/12592 loss=0.067060
batch 6200/12592 loss=0.080030
batch 6250/12592 loss=0.104121
batch 6300/12592 loss=0.116602
batch 6350/12592 loss=0.052186
batch 6400/12592 loss=0.126148
batch 6450/12592 loss=0.082595
batch 6500/12592 loss=0.080052
batch 6550/12592 loss=0.024007
batch 6600/12592 loss=0.071267
batch 6650/12592 loss=0.074086
batch 6700/12592 loss=0.079200
batch 6750/12592 loss=0.052713
batch 6800/12592 loss=0.062242
batch 6850/12592 loss=0.033471
batch 6900/12592 loss=0.075851
batch 6950/12592 loss=0.103985
batch 7000/12592 loss=0.099166
batch 7050/12592 loss=0.120535
batch 7100/12592 loss=0.047960
batch 7150/12592 loss=0.090388
batch 7200/12592 loss=0.067699
batch 7250/12592 loss=0.090712
batch 7300/12592 loss=0.068954
batch 7350/12592 loss=0.073799
batch 7400/12592 loss=0.047047
batch 7450/12592 loss=0.044168
batch 7500/12592 loss=0.039918
batch 7550/12592 loss=0.124465
batch 7600/12592 loss=0.084311
batch 7650/12592 loss=0.059889
batch 7700/12592 loss=0.102455
batch 7750/12592 loss=0.244309
batch 7800/12592 loss=0.323040
batch 7850/12592 loss=0.101972
batch 7900/12592 loss=0.037127
batch 7950/12592 loss=0.043020
batch 8000/12592 loss=0.081608
batch 8050/12592 loss=0.130216
batch 8100/12592 loss=0.064869
batch 8150/12592 loss=0.195789
batch 8200/12592 loss=0.083616
batch 8250/12592 loss=0.136535
batch 8300/12592 loss=0.089519
batch 8350/12592 loss=0.092120
batch 8400/12592 loss=0.056878
batch 8450/12592 loss=0.101798
batch 8500/12592 loss=0.123273
batch 8550/12592 loss=0.066526
batch 8600/12592 loss=0.097710
batch 8650/12592 loss=0.133336
batch 8700/12592 loss=0.039238
batch 8750/12592 loss=0.103727
batch 8800/12592 loss=0.107868
batch 8850/12592 loss=0.190245
batch 8900/12592 loss=0.065329
batch 8950/12592 loss=0.199756
batch 9000/12592 loss=0.109792
batch 9050/12592 loss=0.106100
batch 9100/12592 loss=0.086188
batch 9150/12592 loss=0.050101
batch 9200/12592 loss=0.068063
batch 9250/12592 loss=0.083959
batch 9300/12592 loss=0.034917
batch 9350/12592 loss=0.091050
batch 9400/12592 loss=0.047877
batch 9450/12592 loss=0.044278
batch 9500/12592 loss=0.069510
batch 9550/12592 loss=0.100778
batch 9600/12592 loss=0.142186
batch 9650/12592 loss=0.063416
batch 9700/12592 loss=0.047249
batch 9750/12592 loss=0.088819
batch 9800/12592 loss=0.121425
batch 9850/12592 loss=0.053910
batch 9900/12592 loss=0.122236
batch 9950/12592 loss=0.076460
batch 10000/12592 loss=0.108835
batch 10050/12592 loss=0.063933
batch 10100/12592 loss=0.087527
batch 10150/12592 loss=0.110039
batch 10200/12592 loss=0.088193
batch 10250/12592 loss=0.064656
batch 10300/12592 loss=0.048195
batch 10350/12592 loss=0.111809
batch 10400/12592 loss=0.083918
batch 10450/12592 loss=0.085035
batch 10500/12592 loss=0.118282
batch 10550/12592 loss=0.073373
batch 10600/12592 loss=0.111056
batch 10650/12592 loss=0.144236
batch 10700/12592 loss=0.158832
batch 10750/12592 loss=0.067540
batch 10800/12592 loss=0.059205
batch 10850/12592 loss=0.150902
batch 10900/12592 loss=0.075056
batch 10950/12592 loss=0.086733
batch 11000/12592 loss=0.058765
batch 11050/12592 loss=0.054669
batch 11100/12592 loss=0.044978
batch 11150/12592 loss=0.245910
batch 11200/12592 loss=0.120565
batch 11250/12592 loss=0.081688
batch 11300/12592 loss=0.121932
batch 11350/12592 loss=0.032966
batch 11400/12592 loss=0.053125
batch 11450/12592 loss=0.084839
batch 11500/12592 loss=0.110947
batch 11550/12592 loss=0.057819
batch 11600/12592 loss=0.045792
batch 11650/12592 loss=0.097692
batch 11700/12592 loss=0.087974
batch 11750/12592 loss=0.098752
batch 11800/12592 loss=0.089788
batch 11850/12592 loss=0.059911
batch 11900/12592 loss=0.049924
batch 11950/12592 loss=0.098173
batch 12000/12592 loss=0.133558
batch 12050/12592 loss=0.117014
batch 12100/12592 loss=0.073672
batch 12150/12592 loss=0.094233
batch 12200/12592 loss=0.122940
batch 12250/12592 loss=0.073974
batch 12300/12592 loss=0.211982
batch 12350/12592 loss=0.113986
batch 12400/12592 loss=0.068954
batch 12450/12592 loss=0.071208
batch 12500/12592 loss=0.137721
batch 12550/12592 loss=0.090056
epoch=7 train_loss=0.103843 val_loss=0.139272 best=0.098672 patience=1/50
batch 0/12592 loss=0.146026
batch 50/12592 loss=0.097462
batch 100/12592 loss=0.043193
batch 150/12592 loss=0.141080
batch 200/12592 loss=0.066185
batch 250/12592 loss=0.067000
batch 300/12592 loss=0.123570
batch 350/12592 loss=0.086145
batch 400/12592 loss=0.086961
batch 450/12592 loss=0.078842
batch 500/12592 loss=0.076203
batch 550/12592 loss=0.064382
batch 600/12592 loss=0.160365
batch 650/12592 loss=0.194600
batch 700/12592 loss=0.076160
batch 750/12592 loss=0.056549
batch 800/12592 loss=0.079809
batch 850/12592 loss=0.402835
batch 900/12592 loss=0.081986
batch 950/12592 loss=0.059677
batch 1000/12592 loss=0.059294
batch 1050/12592 loss=0.099443
batch 1100/12592 loss=0.088526
batch 1150/12592 loss=0.109501
batch 1200/12592 loss=0.083748
batch 1250/12592 loss=0.128708
batch 1300/12592 loss=0.064867
batch 1350/12592 loss=0.189785
batch 1400/12592 loss=0.178149
batch 1450/12592 loss=0.082901
batch 1500/12592 loss=0.052838
batch 1550/12592 loss=0.065894
batch 1600/12592 loss=0.190649
batch 1650/12592 loss=0.267029
batch 1700/12592 loss=0.087499
batch 1750/12592 loss=0.120172
batch 1800/12592 loss=0.051806
batch 1850/12592 loss=0.045328
batch 1900/12592 loss=0.117814
batch 1950/12592 loss=0.074095
batch 2000/12592 loss=0.094843
batch 2050/12592 loss=0.125042
batch 2100/12592 loss=0.155096
batch 2150/12592 loss=0.060591
batch 2200/12592 loss=0.146938
batch 2250/12592 loss=0.127725
batch 2300/12592 loss=0.069513
batch 2350/12592 loss=0.255095
batch 2400/12592 loss=0.144790
batch 2450/12592 loss=0.054048
batch 2500/12592 loss=0.097094
batch 2550/12592 loss=0.042998
batch 2600/12592 loss=0.111106
batch 2650/12592 loss=0.147568
batch 2700/12592 loss=0.064138
batch 2750/12592 loss=0.086787
batch 2800/12592 loss=0.072099
batch 2850/12592 loss=0.083620
batch 2900/12592 loss=0.049037
batch 2950/12592 loss=0.170851
batch 3000/12592 loss=0.077157
batch 3050/12592 loss=0.110603
batch 3100/12592 loss=0.101167
batch 3150/12592 loss=0.184923
batch 3200/12592 loss=0.094077
batch 3250/12592 loss=0.083107
batch 3300/12592 loss=0.079092
batch 3350/12592 loss=0.104749
batch 3400/12592 loss=0.065465
batch 3450/12592 loss=0.072510
batch 3500/12592 loss=0.152984
batch 3550/12592 loss=0.154987
batch 3600/12592 loss=0.086762
batch 3650/12592 loss=0.085098
batch 3700/12592 loss=0.057231
batch 3750/12592 loss=0.139426
batch 3800/12592 loss=0.098970
batch 3850/12592 loss=0.066076
batch 3900/12592 loss=0.043280
batch 3950/12592 loss=0.099357
batch 4000/12592 loss=0.071302
batch 4050/12592 loss=0.100957
batch 4100/12592 loss=0.117653
batch 4150/12592 loss=0.061391
batch 4200/12592 loss=0.052015
batch 4250/12592 loss=0.079807
batch 4300/12592 loss=0.102573
batch 4350/12592 loss=0.051943
batch 4400/12592 loss=0.053684
batch 4450/12592 loss=0.085673
batch 4500/12592 loss=0.171257
batch 4550/12592 loss=0.089610
batch 4600/12592 loss=0.072056
batch 4650/12592 loss=0.078564
batch 4700/12592 loss=0.064361
batch 4750/12592 loss=0.062395
batch 4800/12592 loss=0.125522
batch 4850/12592 loss=0.066796
batch 4900/12592 loss=0.117678
batch 4950/12592 loss=0.087973
batch 5000/12592 loss=0.155632
batch 5050/12592 loss=0.068869
batch 5100/12592 loss=0.121217
batch 5150/12592 loss=0.117812
batch 5200/12592 loss=0.076855
batch 5250/12592 loss=0.028289
batch 5300/12592 loss=0.083232
batch 5350/12592 loss=0.086450
batch 5400/12592 loss=0.085929
batch 5450/12592 loss=0.086985
batch 5500/12592 loss=0.052027
batch 5550/12592 loss=0.097969
batch 5600/12592 loss=0.103967
batch 5650/12592 loss=0.118880
batch 5700/12592 loss=0.095075
batch 5750/12592 loss=0.069720
batch 5800/12592 loss=0.093151
batch 5850/12592 loss=0.073801
batch 5900/12592 loss=0.126848
batch 5950/12592 loss=0.103738
batch 6000/12592 loss=0.074371
batch 6050/12592 loss=0.080030
batch 6100/12592 loss=0.131803
batch 6150/12592 loss=0.062275
batch 6200/12592 loss=0.075191
batch 6250/12592 loss=0.093635
batch 6300/12592 loss=0.092671
batch 6350/12592 loss=0.110566
batch 6400/12592 loss=0.119080
batch 6450/12592 loss=0.086296
batch 6500/12592 loss=0.095142
batch 6550/12592 loss=0.103824
batch 6600/12592 loss=0.099442
batch 6650/12592 loss=0.059677
batch 6700/12592 loss=0.068326
batch 6750/12592 loss=0.062280
batch 6800/12592 loss=0.140685
batch 6850/12592 loss=0.068442
batch 6900/12592 loss=0.049096
batch 6950/12592 loss=0.093035
batch 7000/12592 loss=0.071932
batch 7050/12592 loss=0.172091
batch 7100/12592 loss=0.094972
batch 7150/12592 loss=0.039080
batch 7200/12592 loss=0.048047
batch 7250/12592 loss=0.067535
batch 7300/12592 loss=0.106624
batch 7350/12592 loss=0.099448
batch 7400/12592 loss=0.170999
batch 7450/12592 loss=0.076911
batch 7500/12592 loss=0.133863
batch 7550/12592 loss=0.095371
batch 7600/12592 loss=0.109177
batch 7650/12592 loss=0.052601
batch 7700/12592 loss=0.151830
batch 7750/12592 loss=0.062864
batch 7800/12592 loss=0.048947
batch 7850/12592 loss=0.101830
batch 7900/12592 loss=0.075688
batch 7950/12592 loss=0.069012
batch 8000/12592 loss=0.046137
batch 8050/12592 loss=0.055802
batch 8100/12592 loss=0.076734
batch 8150/12592 loss=0.131844
batch 8200/12592 loss=0.083641
batch 8250/12592 loss=0.060698
batch 8300/12592 loss=0.078822
batch 8350/12592 loss=0.113484
batch 8400/12592 loss=0.109001
batch 8450/12592 loss=0.113087
batch 8500/12592 loss=0.080466
batch 8550/12592 loss=0.070478
batch 8600/12592 loss=0.067545
batch 8650/12592 loss=0.031731
batch 8700/12592 loss=0.028429
batch 8750/12592 loss=0.053423
batch 8800/12592 loss=0.042460
batch 8850/12592 loss=0.103913
batch 8900/12592 loss=0.056790
batch 8950/12592 loss=0.186309
batch 9000/12592 loss=0.105856
batch 9050/12592 loss=0.092881
batch 9100/12592 loss=0.108429
batch 9150/12592 loss=0.074585
batch 9200/12592 loss=0.066372
batch 9250/12592 loss=0.064210
batch 9300/12592 loss=0.071459
batch 9350/12592 loss=0.040337
batch 9400/12592 loss=0.068245
batch 9450/12592 loss=0.124171
batch 9500/12592 loss=0.086655
batch 9550/12592 loss=0.069226
batch 9600/12592 loss=0.112236
batch 9650/12592 loss=0.130776
batch 9700/12592 loss=0.076618
batch 9750/12592 loss=0.049564
batch 9800/12592 loss=0.104536
batch 9850/12592 loss=0.071830
batch 9900/12592 loss=0.148030
batch 9950/12592 loss=0.059024
batch 10000/12592 loss=0.145197
batch 10050/12592 loss=0.084651
batch 10100/12592 loss=0.058427
batch 10150/12592 loss=0.090360
batch 10200/12592 loss=0.084427
batch 10250/12592 loss=0.042212
batch 10300/12592 loss=0.081575
batch 10350/12592 loss=0.129211
batch 10400/12592 loss=0.103716
batch 10450/12592 loss=0.059174
batch 10500/12592 loss=0.140236
batch 10550/12592 loss=0.032861
batch 10600/12592 loss=0.138300
batch 10650/12592 loss=0.097683
batch 10700/12592 loss=0.124940
batch 10750/12592 loss=0.053116
batch 10800/12592 loss=0.042806
batch 10850/12592 loss=0.158953
batch 10900/12592 loss=0.061256
batch 10950/12592 loss=0.023171
batch 11000/12592 loss=0.102893
batch 11050/12592 loss=0.070850
batch 11100/12592 loss=0.135447
batch 11150/12592 loss=0.102379
batch 11200/12592 loss=0.058083
batch 11250/12592 loss=0.042247
batch 11300/12592 loss=0.064407
batch 11350/12592 loss=0.165654
batch 11400/12592 loss=0.114516
batch 11450/12592 loss=0.059762
batch 11500/12592 loss=0.122776
batch 11550/12592 loss=0.168627
batch 11600/12592 loss=0.056939
batch 11650/12592 loss=0.061582
batch 11700/12592 loss=1.517534
batch 11750/12592 loss=0.074251
batch 11800/12592 loss=0.105210
batch 11850/12592 loss=0.095992
batch 11900/12592 loss=0.131988
batch 11950/12592 loss=0.053560
batch 12000/12592 loss=0.081901
batch 12050/12592 loss=0.050189
batch 12100/12592 loss=0.033862
batch 12150/12592 loss=0.209997
batch 12200/12592 loss=0.100445
batch 12250/12592 loss=0.069344
batch 12300/12592 loss=0.054198
batch 12350/12592 loss=0.095665
batch 12400/12592 loss=0.100239
batch 12450/12592 loss=0.098216
batch 12500/12592 loss=0.075475
batch 12550/12592 loss=0.138540
epoch=8 train_loss=0.099821 val_loss=0.119883 best=0.098672 patience=2/50
batch 0/12592 loss=0.091156
batch 50/12592 loss=0.042900
batch 100/12592 loss=0.083856
batch 150/12592 loss=0.034164
batch 200/12592 loss=0.099120
batch 250/12592 loss=0.097118
batch 300/12592 loss=0.089206
batch 350/12592 loss=0.038111
batch 400/12592 loss=0.138270
batch 450/12592 loss=0.054754
batch 500/12592 loss=0.056949
batch 550/12592 loss=0.131485
batch 600/12592 loss=0.085323
batch 650/12592 loss=0.116318
batch 700/12592 loss=0.059281
batch 750/12592 loss=0.117719
batch 800/12592 loss=0.064095
batch 850/12592 loss=0.058411
batch 900/12592 loss=0.046379
batch 950/12592 loss=0.036350
batch 1000/12592 loss=0.387362
batch 1050/12592 loss=0.071558
batch 1100/12592 loss=0.133164
batch 1150/12592 loss=0.040556
batch 1200/12592 loss=0.068867
batch 1250/12592 loss=0.057504
batch 1300/12592 loss=0.100910
batch 1350/12592 loss=0.061785
batch 1400/12592 loss=0.269698
batch 1450/12592 loss=0.037727
batch 1500/12592 loss=0.122409
batch 1550/12592 loss=0.065928
batch 1600/12592 loss=0.052651
batch 1650/12592 loss=0.081921
batch 1700/12592 loss=0.083664
batch 1750/12592 loss=0.384896
batch 1800/12592 loss=0.041964
batch 1850/12592 loss=0.105247
batch 1900/12592 loss=0.101558
batch 1950/12592 loss=0.131727
batch 2000/12592 loss=0.102257
batch 2050/12592 loss=0.121865
batch 2100/12592 loss=0.076546
batch 2150/12592 loss=0.126457
batch 2200/12592 loss=0.043465
batch 2250/12592 loss=0.076990
batch 2300/12592 loss=0.049147
batch 2350/12592 loss=0.066121
batch 2400/12592 loss=0.141663
batch 2450/12592 loss=0.088907
batch 2500/12592 loss=0.072169
batch 2550/12592 loss=0.084992
batch 2600/12592 loss=0.065640
batch 2650/12592 loss=0.111551
batch 2700/12592 loss=0.041978
batch 2750/12592 loss=0.265555
batch 2800/12592 loss=0.088455
batch 2850/12592 loss=0.082249
batch 2900/12592 loss=0.094619
batch 2950/12592 loss=0.232090
batch 3000/12592 loss=0.037487
batch 3050/12592 loss=0.051106
batch 3100/12592 loss=0.155335
batch 3150/12592 loss=0.119975
batch 3200/12592 loss=0.111529
batch 3250/12592 loss=0.093467
batch 3300/12592 loss=0.070099
batch 3350/12592 loss=0.108110
batch 3400/12592 loss=0.181287
batch 3450/12592 loss=0.049154
batch 3500/12592 loss=0.082266
batch 3550/12592 loss=0.089352
batch 3600/12592 loss=0.048992
batch 3650/12592 loss=0.069309
batch 3700/12592 loss=0.088232
batch 3750/12592 loss=0.162839
batch 3800/12592 loss=0.137019
batch 3850/12592 loss=0.093411
batch 3900/12592 loss=0.061228
batch 3950/12592 loss=0.176321
batch 4000/12592 loss=0.101243
batch 4050/12592 loss=0.070763
batch 4100/12592 loss=0.085709
batch 4150/12592 loss=0.089395
batch 4200/12592 loss=0.068286
batch 4250/12592 loss=0.080437
batch 4300/12592 loss=0.110984
batch 4350/12592 loss=0.064103
batch 4400/12592 loss=0.087201
batch 4450/12592 loss=0.092811
batch 4500/12592 loss=0.127496
batch 4550/12592 loss=0.509848
batch 4600/12592 loss=0.084580
batch 4650/12592 loss=0.097382
batch 4700/12592 loss=0.072165
batch 4750/12592 loss=0.114028
batch 4800/12592 loss=0.066468
batch 4850/12592 loss=0.119867
batch 4900/12592 loss=0.117750
batch 4950/12592 loss=0.041969
batch 5000/12592 loss=0.129603
batch 5050/12592 loss=0.085371
batch 5100/12592 loss=0.046671
batch 5150/12592 loss=0.048281
batch 5200/12592 loss=0.325550
batch 5250/12592 loss=0.239613
batch 5300/12592 loss=0.193343
batch 5350/12592 loss=0.063106
batch 5400/12592 loss=0.022352
batch 5450/12592 loss=0.078490
batch 5500/12592 loss=0.064306
batch 5550/12592 loss=0.058003
batch 5600/12592 loss=0.065753
batch 5650/12592 loss=0.106190
batch 5700/12592 loss=0.073934
batch 5750/12592 loss=0.083975
batch 5800/12592 loss=0.040175
batch 5850/12592 loss=0.055278
batch 5900/12592 loss=0.069580
batch 5950/12592 loss=0.099492
batch 6000/12592 loss=0.076611
batch 6050/12592 loss=0.160318
batch 6100/12592 loss=0.063307
batch 6150/12592 loss=0.073168
batch 6200/12592 loss=0.201173
batch 6250/12592 loss=0.060432
batch 6300/12592 loss=0.061710
batch 6350/12592 loss=0.137680
batch 6400/12592 loss=0.128147
batch 6450/12592 loss=0.090565
batch 6500/12592 loss=0.072499
batch 6550/12592 loss=0.062386
batch 6600/12592 loss=0.184026
batch 6650/12592 loss=0.092668
batch 6700/12592 loss=0.073104
batch 6750/12592 loss=0.058331
batch 6800/12592 loss=0.049161
batch 6850/12592 loss=0.069699
batch 6900/12592 loss=0.106214
batch 6950/12592 loss=0.046310
batch 7000/12592 loss=0.031417
batch 7050/12592 loss=0.136984
batch 7100/12592 loss=0.062125
batch 7150/12592 loss=0.064366
batch 7200/12592 loss=0.074331
batch 7250/12592 loss=0.146014
batch 7300/12592 loss=0.083933
batch 7350/12592 loss=0.048359
batch 7400/12592 loss=0.062905
batch 7450/12592 loss=0.064808
batch 7500/12592 loss=0.089930
batch 7550/12592 loss=0.129673
batch 7600/12592 loss=0.034505
batch 7650/12592 loss=0.150329
batch 7700/12592 loss=0.041554
batch 7750/12592 loss=0.379591
batch 7800/12592 loss=0.055839
batch 7850/12592 loss=0.118732
batch 7900/12592 loss=0.095456
batch 7950/12592 loss=0.077887
batch 8000/12592 loss=0.049258
batch 8050/12592 loss=0.112966
batch 8100/12592 loss=0.156279
batch 8150/12592 loss=0.051585
batch 8200/12592 loss=0.051505
batch 8250/12592 loss=0.101661
batch 8300/12592 loss=0.125973
batch 8350/12592 loss=0.050458
batch 8400/12592 loss=0.128037
batch 8450/12592 loss=0.064934
batch 8500/12592 loss=0.052584
batch 8550/12592 loss=0.059930
batch 8600/12592 loss=0.131657
batch 8650/12592 loss=0.066658
batch 8700/12592 loss=0.101302
batch 8750/12592 loss=0.103437
batch 8800/12592 loss=0.150789
batch 8850/12592 loss=0.072916
batch 8900/12592 loss=0.116562
batch 8950/12592 loss=0.051172
batch 9000/12592 loss=0.083887
batch 9050/12592 loss=0.106679
batch 9100/12592 loss=0.095170
batch 9150/12592 loss=0.089171
batch 9200/12592 loss=0.065922
batch 9250/12592 loss=0.041534
batch 9300/12592 loss=0.045882
batch 9350/12592 loss=0.069972
batch 9400/12592 loss=0.148125
batch 9450/12592 loss=0.115501
batch 9500/12592 loss=0.051834
batch 9550/12592 loss=0.156998
batch 9600/12592 loss=0.034882
batch 9650/12592 loss=0.064588
batch 9700/12592 loss=0.110795
batch 9750/12592 loss=0.090568
batch 9800/12592 loss=0.076549
batch 9850/12592 loss=0.057328
batch 9900/12592 loss=0.079833
batch 9950/12592 loss=0.070154
batch 10000/12592 loss=0.105121
batch 10050/12592 loss=0.060117
batch 10100/12592 loss=0.112569
batch 10150/12592 loss=0.069381
batch 10200/12592 loss=0.145172
batch 10250/12592 loss=0.097966
batch 10300/12592 loss=0.065100
batch 10350/12592 loss=0.047047
batch 10400/12592 loss=0.147059
batch 10450/12592 loss=0.057960
batch 10500/12592 loss=0.128346
batch 10550/12592 loss=0.084979
batch 10600/12592 loss=0.080255
batch 10650/12592 loss=0.132910
batch 10700/12592 loss=0.077111
batch 10750/12592 loss=0.031829
batch 10800/12592 loss=0.070697
batch 10850/12592 loss=0.080409
batch 10900/12592 loss=0.069900
batch 10950/12592 loss=0.033064
batch 11000/12592 loss=0.057203
batch 11050/12592 loss=0.051498
batch 11100/12592 loss=0.070037
batch 11150/12592 loss=0.086880
batch 11200/12592 loss=0.073307
batch 11250/12592 loss=0.139136
batch 11300/12592 loss=0.073184
batch 11350/12592 loss=0.094274
batch 11400/12592 loss=0.068802
batch 11450/12592 loss=0.065617
batch 11500/12592 loss=0.052495
batch 11550/12592 loss=0.098882
batch 11600/12592 loss=0.163567
batch 11650/12592 loss=0.040537
batch 11700/12592 loss=0.074589
batch 11750/12592 loss=0.098631
batch 11800/12592 loss=0.089490
batch 11850/12592 loss=0.090178
batch 11900/12592 loss=0.060733
batch 11950/12592 loss=0.038136
batch 12000/12592 loss=0.223264
batch 12050/12592 loss=0.079990
batch 12100/12592 loss=0.046243
batch 12150/12592 loss=0.048530
batch 12200/12592 loss=0.059620
batch 12250/12592 loss=0.090533
batch 12300/12592 loss=0.116905
batch 12350/12592 loss=0.046287
batch 12400/12592 loss=0.096497
batch 12450/12592 loss=0.082499
batch 12500/12592 loss=0.076488
batch 12550/12592 loss=0.110964
epoch=9 train_loss=0.096467 val_loss=0.102649 best=0.098672 patience=3/50
batch 0/12592 loss=0.084192
batch 50/12592 loss=0.098655
batch 100/12592 loss=0.080323
batch 150/12592 loss=0.073900
batch 200/12592 loss=0.101848
batch 250/12592 loss=0.112582
batch 300/12592 loss=0.066635
batch 350/12592 loss=0.065958
batch 400/12592 loss=0.130276
batch 450/12592 loss=0.066439
batch 500/12592 loss=0.104754
batch 550/12592 loss=0.093649
batch 600/12592 loss=0.057047
batch 650/12592 loss=0.058615
batch 700/12592 loss=0.119672
batch 750/12592 loss=0.138521
batch 800/12592 loss=0.114190
batch 850/12592 loss=0.081150
batch 900/12592 loss=0.038571
batch 950/12592 loss=0.088997
batch 1000/12592 loss=0.056937
batch 1050/12592 loss=0.112710
batch 1100/12592 loss=0.084106
batch 1150/12592 loss=0.085727
batch 1200/12592 loss=0.085953
batch 1250/12592 loss=0.034650
batch 1300/12592 loss=0.104632
batch 1350/12592 loss=0.038797
batch 1400/12592 loss=0.040395
batch 1450/12592 loss=0.102481
batch 1500/12592 loss=0.062916
batch 1550/12592 loss=0.109140
batch 1600/12592 loss=0.033877
batch 1650/12592 loss=0.098753
batch 1700/12592 loss=0.120431
batch 1750/12592 loss=0.139971
batch 1800/12592 loss=0.118599
batch 1850/12592 loss=0.035845
batch 1900/12592 loss=0.091095
batch 1950/12592 loss=0.210902
batch 2000/12592 loss=0.072177
batch 2050/12592 loss=0.166292
batch 2100/12592 loss=0.120204
batch 2150/12592 loss=0.079291
batch 2200/12592 loss=0.058023
batch 2250/12592 loss=0.074546
batch 2300/12592 loss=0.112384
batch 2350/12592 loss=0.081422
batch 2400/12592 loss=0.092228
batch 2450/12592 loss=0.081816
batch 2500/12592 loss=0.101819
batch 2550/12592 loss=0.148863
batch 2600/12592 loss=0.079590
batch 2650/12592 loss=0.068135
batch 2700/12592 loss=0.081272
batch 2750/12592 loss=0.425478
batch 2800/12592 loss=0.091234
batch 2850/12592 loss=0.110686
batch 2900/12592 loss=0.068036
batch 2950/12592 loss=0.199535
batch 3000/12592 loss=0.033691
batch 3050/12592 loss=0.078626
batch 3100/12592 loss=0.114881
batch 3150/12592 loss=0.172085
batch 3200/12592 loss=0.113809
batch 3250/12592 loss=0.083848
batch 3300/12592 loss=0.056505
batch 3350/12592 loss=0.114367
batch 3400/12592 loss=0.093819
batch 3450/12592 loss=0.089286
batch 3500/12592 loss=0.083351
batch 3550/12592 loss=0.051384
batch 3600/12592 loss=0.060027
batch 3650/12592 loss=0.115252
batch 3700/12592 loss=0.129905
batch 3750/12592 loss=0.106806
batch 3800/12592 loss=0.070780
batch 3850/12592 loss=0.059012
batch 3900/12592 loss=0.109779
batch 3950/12592 loss=0.084163
batch 4000/12592 loss=0.074830
batch 4050/12592 loss=0.058712
batch 4100/12592 loss=0.066769
batch 4150/12592 loss=0.051043
batch 4200/12592 loss=0.233341
batch 4250/12592 loss=0.097872
batch 4300/12592 loss=0.241526
batch 4350/12592 loss=0.079145
batch 4400/12592 loss=0.046466
batch 4450/12592 loss=0.054387
batch 4500/12592 loss=0.065171
batch 4550/12592 loss=0.048776
batch 4600/12592 loss=0.070094
batch 4650/12592 loss=0.173668
batch 4700/12592 loss=0.080735
batch 4750/12592 loss=0.074802
batch 4800/12592 loss=0.123377
batch 4850/12592 loss=0.104441
batch 4900/12592 loss=0.096850
batch 4950/12592 loss=0.102550
batch 5000/12592 loss=0.063776
batch 5050/12592 loss=0.076166
batch 5100/12592 loss=0.093329
batch 5150/12592 loss=0.095721
batch 5200/12592 loss=0.104005
batch 5250/12592 loss=0.473882
batch 5300/12592 loss=0.064425
batch 5350/12592 loss=0.062082
batch 5400/12592 loss=0.053458
batch 5450/12592 loss=0.075840
batch 5500/12592 loss=0.066782
batch 5550/12592 loss=0.129095
batch 5600/12592 loss=0.138995
batch 5650/12592 loss=0.084379
batch 5700/12592 loss=0.066843
batch 5750/12592 loss=0.132980
batch 5800/12592 loss=0.076746
batch 5850/12592 loss=0.116438
batch 5900/12592 loss=0.124273
batch 5950/12592 loss=0.038521
batch 6000/12592 loss=0.051235
batch 6050/12592 loss=0.079407
batch 6100/12592 loss=0.305507
batch 6150/12592 loss=0.052846
batch 6200/12592 loss=0.073981
batch 6250/12592 loss=0.136423
batch 6300/12592 loss=0.201533
batch 6350/12592 loss=0.665356
batch 6400/12592 loss=0.039088
batch 6450/12592 loss=0.030315
batch 6500/12592 loss=0.107564
batch 6550/12592 loss=0.059074
batch 6600/12592 loss=0.166988
batch 6650/12592 loss=0.061478
batch 6700/12592 loss=0.215510
batch 6750/12592 loss=0.052991
batch 6800/12592 loss=0.115739
batch 6850/12592 loss=0.115329
batch 6900/12592 loss=0.097996
batch 6950/12592 loss=0.036407
batch 7000/12592 loss=0.111478
batch 7050/12592 loss=0.055613
batch 7100/12592 loss=0.071296
batch 7150/12592 loss=0.043676
batch 7200/12592 loss=0.065302
batch 7250/12592 loss=0.032974
batch 7300/12592 loss=0.036411
batch 7350/12592 loss=0.055851
batch 7400/12592 loss=0.048622
batch 7450/12592 loss=0.090014
batch 7500/12592 loss=0.132119
batch 7550/12592 loss=0.116649
batch 7600/12592 loss=0.043796
batch 7650/12592 loss=0.073802
batch 7700/12592 loss=0.179953
batch 7750/12592 loss=0.119758
batch 7800/12592 loss=0.058652
batch 7850/12592 loss=0.111780
batch 7900/12592 loss=0.057974
batch 7950/12592 loss=0.073716
batch 8000/12592 loss=0.091104
batch 8050/12592 loss=0.167008
batch 8100/12592 loss=0.069915
batch 8150/12592 loss=0.120611
batch 8200/12592 loss=0.488401
batch 8250/12592 loss=0.081973
batch 8300/12592 loss=0.094697
batch 8350/12592 loss=0.069083
batch 8400/12592 loss=0.060743
batch 8450/12592 loss=0.090822
batch 8500/12592 loss=0.091703
batch 8550/12592 loss=0.127508
batch 8600/12592 loss=0.040844
batch 8650/12592 loss=0.058628
batch 8700/12592 loss=0.052884
batch 8750/12592 loss=0.089278
batch 8800/12592 loss=0.101191
batch 8850/12592 loss=0.043095
batch 8900/12592 loss=0.037771
batch 8950/12592 loss=0.067137
batch 9000/12592 loss=0.060766
batch 9050/12592 loss=0.098016
batch 9100/12592 loss=0.088279
batch 9150/12592 loss=0.110737
batch 9200/12592 loss=0.097812
batch 9250/12592 loss=0.176391
batch 9300/12592 loss=0.027644
batch 9350/12592 loss=0.036034
batch 9400/12592 loss=0.226029
batch 9450/12592 loss=0.079347
batch 9500/12592 loss=0.051219
batch 9550/12592 loss=0.072517
batch 9600/12592 loss=0.230096
batch 9650/12592 loss=0.247067
batch 9700/12592 loss=0.047774
batch 9750/12592 loss=0.047589
batch 9800/12592 loss=0.075703
batch 9850/12592 loss=0.073414
batch 9900/12592 loss=0.061967
batch 9950/12592 loss=0.066017
batch 10000/12592 loss=0.121344
batch 10050/12592 loss=0.133410
batch 10100/12592 loss=0.120915
batch 10150/12592 loss=0.033627
batch 10200/12592 loss=0.042356
batch 10250/12592 loss=0.069549
batch 10300/12592 loss=0.055022
batch 10350/12592 loss=0.050368
batch 10400/12592 loss=0.055984
batch 10450/12592 loss=0.071496
batch 10500/12592 loss=0.147365
batch 10550/12592 loss=0.078579
batch 10600/12592 loss=0.070311
batch 10650/12592 loss=0.036585
batch 10700/12592 loss=0.066068
batch 10750/12592 loss=0.091062
batch 10800/12592 loss=0.049002
batch 10850/12592 loss=0.089273
batch 10900/12592 loss=0.032416
batch 10950/12592 loss=0.081922
batch 11000/12592 loss=0.060321
batch 11050/12592 loss=0.047656
batch 11100/12592 loss=0.072413
batch 11150/12592 loss=0.030843
batch 11200/12592 loss=0.057596
batch 11250/12592 loss=0.043591
batch 11300/12592 loss=0.040169
batch 11350/12592 loss=0.060906
batch 11400/12592 loss=0.112880
batch 11450/12592 loss=0.036967
batch 11500/12592 loss=0.068647
batch 11550/12592 loss=0.069965
batch 11600/12592 loss=0.042037
batch 11650/12592 loss=0.079816
batch 11700/12592 loss=0.152831
batch 11750/12592 loss=0.058271
batch 11800/12592 loss=0.042491
batch 11850/12592 loss=0.119237
batch 11900/12592 loss=0.080354
batch 11950/12592 loss=0.064542
batch 12000/12592 loss=0.087197
batch 12050/12592 loss=0.067237
batch 12100/12592 loss=0.052004
batch 12150/12592 loss=0.096888
batch 12200/12592 loss=0.034903
batch 12250/12592 loss=0.066279
batch 12300/12592 loss=0.052785
batch 12350/12592 loss=0.053683
batch 12400/12592 loss=0.059462
batch 12450/12592 loss=0.083748
batch 12500/12592 loss=0.063945
batch 12550/12592 loss=0.050763
epoch=10 train_loss=0.094368 val_loss=0.098599 best=0.098599 patience=0/50
batch 0/12592 loss=0.104718
batch 50/12592 loss=0.121852
batch 100/12592 loss=0.170588
batch 150/12592 loss=0.033238
batch 200/12592 loss=0.061353
batch 250/12592 loss=0.046959
batch 300/12592 loss=0.072948
batch 350/12592 loss=0.127698
batch 400/12592 loss=0.069023
batch 450/12592 loss=0.064332
batch 500/12592 loss=0.112029
batch 550/12592 loss=0.060205
batch 600/12592 loss=0.142914
batch 650/12592 loss=0.066358
batch 700/12592 loss=0.050406
batch 750/12592 loss=0.133451
batch 800/12592 loss=0.033197
batch 850/12592 loss=0.074790
batch 900/12592 loss=0.078111
batch 950/12592 loss=0.058414
batch 1000/12592 loss=0.085451
batch 1050/12592 loss=0.148306
batch 1100/12592 loss=0.041914
batch 1150/12592 loss=0.052920
batch 1200/12592 loss=0.071741
batch 1250/12592 loss=0.028692
batch 1300/12592 loss=0.073771
batch 1350/12592 loss=0.086827
batch 1400/12592 loss=0.067749
batch 1450/12592 loss=0.040140
batch 1500/12592 loss=0.031495
batch 1550/12592 loss=0.078428
batch 1600/12592 loss=0.066193
batch 1650/12592 loss=0.090420
batch 1700/12592 loss=0.073179
batch 1750/12592 loss=0.066029
batch 1800/12592 loss=0.103786
batch 1850/12592 loss=0.112466
batch 1900/12592 loss=0.249599
batch 1950/12592 loss=0.062010
batch 2000/12592 loss=0.068815
batch 2050/12592 loss=0.046324
batch 2100/12592 loss=0.065438
batch 2150/12592 loss=0.109977
batch 2200/12592 loss=0.067134
batch 2250/12592 loss=0.076263
batch 2300/12592 loss=0.129385
batch 2350/12592 loss=0.048115
batch 2400/12592 loss=0.099806
batch 2450/12592 loss=0.071418
batch 2500/12592 loss=0.076680
batch 2550/12592 loss=0.051585
batch 2600/12592 loss=0.152231
batch 2650/12592 loss=0.053611
batch 2700/12592 loss=0.077532
batch 2750/12592 loss=0.047772
batch 2800/12592 loss=0.043824
batch 2850/12592 loss=0.051027
batch 2900/12592 loss=0.077970
batch 2950/12592 loss=0.103647
batch 3000/12592 loss=0.098962
batch 3050/12592 loss=0.045971
batch 3100/12592 loss=0.107001
batch 3150/12592 loss=0.041869
batch 3200/12592 loss=0.065607
batch 3250/12592 loss=0.047590
batch 3300/12592 loss=0.074167
batch 3350/12592 loss=0.048985
batch 3400/12592 loss=0.028501
batch 3450/12592 loss=0.039077
batch 3500/12592 loss=0.048783
batch 3550/12592 loss=0.119089
batch 3600/12592 loss=0.063248
batch 3650/12592 loss=0.069560
batch 3700/12592 loss=0.052702
batch 3750/12592 loss=0.118017
batch 3800/12592 loss=0.063816
batch 3850/12592 loss=0.070101
batch 3900/12592 loss=0.247874
batch 3950/12592 loss=1.041754
batch 4000/12592 loss=0.157160
batch 4050/12592 loss=0.145241
batch 4100/12592 loss=0.085710
batch 4150/12592 loss=0.062620
batch 4200/12592 loss=0.104162
batch 4250/12592 loss=0.061483
batch 4300/12592 loss=0.105226
batch 4350/12592 loss=0.086844
batch 4400/12592 loss=0.310568
batch 4450/12592 loss=0.061346
batch 4500/12592 loss=0.113369
batch 4550/12592 loss=0.061691
batch 4600/12592 loss=0.051560
batch 4650/12592 loss=0.060713
batch 4700/12592 loss=0.058765
batch 4750/12592 loss=0.044948
batch 4800/12592 loss=0.172001
batch 4850/12592 loss=0.087066
batch 4900/12592 loss=0.080249
batch 4950/12592 loss=0.065390
batch 5000/12592 loss=0.078084
batch 5050/12592 loss=0.378826
batch 5100/12592 loss=0.103639
batch 5150/12592 loss=0.172540
batch 5200/12592 loss=0.044022
batch 5250/12592 loss=0.108715
batch 5300/12592 loss=0.112285
batch 5350/12592 loss=0.141431
batch 5400/12592 loss=0.065786
batch 5450/12592 loss=0.062720
batch 5500/12592 loss=0.119811
batch 5550/12592 loss=0.066732
batch 5600/12592 loss=0.065783
batch 5650/12592 loss=0.044811
batch 5700/12592 loss=0.105901
batch 5750/12592 loss=0.083036
batch 5800/12592 loss=0.081270
batch 5850/12592 loss=0.181468
batch 5900/12592 loss=0.049880
batch 5950/12592 loss=0.181235
batch 6000/12592 loss=0.038867
batch 6050/12592 loss=0.129089
batch 6100/12592 loss=0.049739
batch 6150/12592 loss=0.061730
batch 6200/12592 loss=0.052371
batch 6250/12592 loss=0.036596
batch 6300/12592 loss=0.062638
batch 6350/12592 loss=0.072026
batch 6400/12592 loss=0.093128
batch 6450/12592 loss=0.042071
batch 6500/12592 loss=0.076553
batch 6550/12592 loss=0.078222
batch 6600/12592 loss=0.091015
batch 6650/12592 loss=0.066857
batch 6700/12592 loss=0.113192
batch 6750/12592 loss=0.064837
batch 6800/12592 loss=0.046310
batch 6850/12592 loss=0.053828
batch 6900/12592 loss=0.049335
batch 6950/12592 loss=0.080317
batch 7000/12592 loss=0.053139
batch 7050/12592 loss=0.066628
batch 7100/12592 loss=0.094892
batch 7150/12592 loss=0.050624
batch 7200/12592 loss=0.058473
batch 7250/12592 loss=0.064267
batch 7300/12592 loss=0.059382
batch 7350/12592 loss=0.044014
batch 7400/12592 loss=0.064382
batch 7450/12592 loss=0.138625
batch 7500/12592 loss=0.070725
batch 7550/12592 loss=0.041287
batch 7600/12592 loss=0.047839
batch 7650/12592 loss=0.072621
batch 7700/12592 loss=0.072116
batch 7750/12592 loss=0.058877
batch 7800/12592 loss=0.056191
batch 7850/12592 loss=0.073531
batch 7900/12592 loss=0.148577
batch 7950/12592 loss=0.089088
batch 8000/12592 loss=0.097238
batch 8050/12592 loss=0.084659
batch 8100/12592 loss=0.076654
batch 8150/12592 loss=0.096218
batch 8200/12592 loss=0.045638
batch 8250/12592 loss=0.088203
batch 8300/12592 loss=0.101497
batch 8350/12592 loss=0.549518
batch 8400/12592 loss=0.102945
batch 8450/12592 loss=0.159212
batch 8500/12592 loss=0.121030
batch 8550/12592 loss=0.063703
batch 8600/12592 loss=0.081937
batch 8650/12592 loss=0.080048
batch 8700/12592 loss=0.067481
batch 8750/12592 loss=0.056908
batch 8800/12592 loss=0.081506
batch 8850/12592 loss=0.100523
batch 8900/12592 loss=0.133981
batch 8950/12592 loss=0.040369
batch 9000/12592 loss=0.059607
batch 9050/12592 loss=0.053833
batch 9100/12592 loss=0.118741
batch 9150/12592 loss=0.080185
batch 9200/12592 loss=0.080264
batch 9250/12592 loss=0.101148
batch 9300/12592 loss=0.086792
batch 9350/12592 loss=0.054436
batch 9400/12592 loss=0.049874
batch 9450/12592 loss=0.073333
batch 9500/12592 loss=0.113200
batch 9550/12592 loss=0.079734
batch 9600/12592 loss=0.129989
batch 9650/12592 loss=0.113268
batch 9700/12592 loss=0.046117
batch 9750/12592 loss=0.065794
batch 9800/12592 loss=0.078554
batch 9850/12592 loss=0.062851
batch 9900/12592 loss=0.066986
batch 9950/12592 loss=0.053661
batch 10000/12592 loss=0.065509
batch 10050/12592 loss=0.048226
batch 10100/12592 loss=0.106351
batch 10150/12592 loss=0.069224
batch 10200/12592 loss=0.120447
batch 10250/12592 loss=0.084632
batch 10300/12592 loss=0.061865
batch 10350/12592 loss=0.072329
batch 10400/12592 loss=0.080735
batch 10450/12592 loss=0.043076
batch 10500/12592 loss=0.088571
batch 10550/12592 loss=0.096158
batch 10600/12592 loss=0.046064
batch 10650/12592 loss=0.107249
batch 10700/12592 loss=0.107027
batch 10750/12592 loss=0.055117
batch 10800/12592 loss=0.048551
batch 10850/12592 loss=0.035388
batch 10900/12592 loss=0.065000
batch 10950/12592 loss=0.110835
batch 11000/12592 loss=0.048241
batch 11050/12592 loss=0.053508
batch 11100/12592 loss=0.144579
batch 11150/12592 loss=0.055196
batch 11200/12592 loss=0.076034
batch 11250/12592 loss=0.030870
batch 11300/12592 loss=0.152375
batch 11350/12592 loss=0.106574
batch 11400/12592 loss=0.137187
batch 11450/12592 loss=0.045099
batch 11500/12592 loss=0.127886
batch 11550/12592 loss=0.059896
batch 11600/12592 loss=0.097067
batch 11650/12592 loss=0.475153
batch 11700/12592 loss=0.048157
batch 11750/12592 loss=0.120898
batch 11800/12592 loss=0.062086
batch 11850/12592 loss=0.039581
batch 11900/12592 loss=0.086014
batch 11950/12592 loss=0.060286
batch 12000/12592 loss=0.077182
batch 12050/12592 loss=0.054891
batch 12100/12592 loss=0.123949
batch 12150/12592 loss=0.115213
batch 12200/12592 loss=0.096474
batch 12250/12592 loss=0.108942
batch 12300/12592 loss=0.135490
batch 12350/12592 loss=0.140206
batch 12400/12592 loss=0.242548
batch 12450/12592 loss=0.103610
batch 12500/12592 loss=0.070368
batch 12550/12592 loss=0.077095
epoch=11 train_loss=0.091006 val_loss=0.090804 best=0.090804 patience=0/50
batch 0/12592 loss=0.059291
batch 50/12592 loss=0.064615
batch 100/12592 loss=0.176750
batch 150/12592 loss=0.081615
batch 200/12592 loss=0.072965
batch 250/12592 loss=0.145002
batch 300/12592 loss=0.039769
batch 350/12592 loss=0.062469
batch 400/12592 loss=0.043717
batch 450/12592 loss=0.053190
batch 500/12592 loss=0.074783
batch 550/12592 loss=0.055829
batch 600/12592 loss=0.054657
batch 650/12592 loss=0.136043
batch 700/12592 loss=0.067486
batch 750/12592 loss=0.121985
batch 800/12592 loss=0.100429
batch 850/12592 loss=0.057915
batch 900/12592 loss=0.062985
batch 950/12592 loss=0.168955
batch 1000/12592 loss=0.155081
batch 1050/12592 loss=0.037331
batch 1100/12592 loss=0.226858
batch 1150/12592 loss=0.064114
batch 1200/12592 loss=0.070799
batch 1250/12592 loss=0.069523
batch 1300/12592 loss=0.038853
batch 1350/12592 loss=0.047494
batch 1400/12592 loss=0.178622
batch 1450/12592 loss=0.091529
batch 1500/12592 loss=0.068047
batch 1550/12592 loss=0.106971
batch 1600/12592 loss=0.135441
batch 1650/12592 loss=0.100114
batch 1700/12592 loss=0.049303
batch 1750/12592 loss=0.058409
batch 1800/12592 loss=0.042433
batch 1850/12592 loss=0.100087
batch 1900/12592 loss=0.153993
batch 1950/12592 loss=0.097917
batch 2000/12592 loss=0.486749
batch 2050/12592 loss=0.094922
batch 2100/12592 loss=0.682446
batch 2150/12592 loss=0.331892
batch 2200/12592 loss=0.116459
batch 2250/12592 loss=0.126345
batch 2300/12592 loss=0.058974
batch 2350/12592 loss=0.046442
batch 2400/12592 loss=0.107191
batch 2450/12592 loss=0.080033
batch 2500/12592 loss=0.055243
batch 2550/12592 loss=0.068792
batch 2600/12592 loss=0.053953
batch 2650/12592 loss=0.046442
batch 2700/12592 loss=0.100331
batch 2750/12592 loss=0.152478
batch 2800/12592 loss=0.089755
batch 2850/12592 loss=0.059420
batch 2900/12592 loss=0.048736
batch 2950/12592 loss=0.066262
batch 3000/12592 loss=0.143556
batch 3050/12592 loss=0.035353
batch 3100/12592 loss=0.110936
batch 3150/12592 loss=0.071352
batch 3200/12592 loss=0.065663
batch 3250/12592 loss=0.094209
batch 3300/12592 loss=0.078393
batch 3350/12592 loss=0.105026
batch 3400/12592 loss=0.096946
batch 3450/12592 loss=0.071037
batch 3500/12592 loss=0.235401
batch 3550/12592 loss=0.068331
batch 3600/12592 loss=0.027991
batch 3650/12592 loss=0.047166
batch 3700/12592 loss=0.034877
batch 3750/12592 loss=0.062945
batch 3800/12592 loss=0.520739
batch 3850/12592 loss=0.097541
batch 3900/12592 loss=0.040756
batch 3950/12592 loss=0.047206
batch 4000/12592 loss=0.103868
batch 4050/12592 loss=0.118660
batch 4100/12592 loss=0.094642
batch 4150/12592 loss=0.031630
batch 4200/12592 loss=0.070648
batch 4250/12592 loss=0.100005
batch 4300/12592 loss=0.046286
batch 4350/12592 loss=0.073770
batch 4400/12592 loss=0.081572
batch 4450/12592 loss=0.066796
batch 4500/12592 loss=0.071195
batch 4550/12592 loss=0.345757
batch 4600/12592 loss=0.045962
batch 4650/12592 loss=0.042210
batch 4700/12592 loss=0.059272
batch 4750/12592 loss=0.045920
batch 4800/12592 loss=0.203662
batch 4850/12592 loss=0.034300
batch 4900/12592 loss=0.095200
batch 4950/12592 loss=0.096657
batch 5000/12592 loss=0.081677
batch 5050/12592 loss=0.066492
batch 5100/12592 loss=0.091620
batch 5150/12592 loss=0.079326
batch 5200/12592 loss=0.143090
batch 5250/12592 loss=0.075285
batch 5300/12592 loss=0.184311
batch 5350/12592 loss=0.125136
batch 5400/12592 loss=0.097646
batch 5450/12592 loss=0.091874
batch 5500/12592 loss=0.106680
batch 5550/12592 loss=0.193500
batch 5600/12592 loss=0.054639
batch 5650/12592 loss=0.238022
batch 5700/12592 loss=0.083597
batch 5750/12592 loss=0.041198
batch 5800/12592 loss=0.034642
batch 5850/12592 loss=0.098501
batch 5900/12592 loss=0.073812
batch 5950/12592 loss=0.037591
batch 6000/12592 loss=0.074938
batch 6050/12592 loss=0.079189
batch 6100/12592 loss=0.092399
batch 6150/12592 loss=0.077953
batch 6200/12592 loss=0.107462
batch 6250/12592 loss=0.088172
batch 6300/12592 loss=0.042254
batch 6350/12592 loss=0.069390
batch 6400/12592 loss=0.039409
batch 6450/12592 loss=0.226530
batch 6500/12592 loss=0.065454
batch 6550/12592 loss=0.140562
batch 6600/12592 loss=0.050185
batch 6650/12592 loss=0.119820
batch 6700/12592 loss=0.030401
batch 6750/12592 loss=0.064132
batch 6800/12592 loss=0.045602
batch 6850/12592 loss=0.091284
batch 6900/12592 loss=0.069598
batch 6950/12592 loss=0.052985
batch 7000/12592 loss=0.094957
batch 7050/12592 loss=0.062628
batch 7100/12592 loss=0.073829
batch 7150/12592 loss=0.077482
batch 7200/12592 loss=0.203533
batch 7250/12592 loss=0.089697
batch 7300/12592 loss=0.071365
batch 7350/12592 loss=0.043992
batch 7400/12592 loss=0.105200
batch 7450/12592 loss=0.074403
batch 7500/12592 loss=0.146547
batch 7550/12592 loss=0.026800
batch 7600/12592 loss=0.044174
batch 7650/12592 loss=0.076598
batch 7700/12592 loss=0.115888
batch 7750/12592 loss=0.093980
batch 7800/12592 loss=0.051522
batch 7850/12592 loss=0.060205
batch 7900/12592 loss=0.085941
batch 7950/12592 loss=0.070032
batch 8000/12592 loss=0.072336
batch 8050/12592 loss=0.156563
batch 8100/12592 loss=0.086867
batch 8150/12592 loss=0.022288
batch 8200/12592 loss=0.057848
batch 8250/12592 loss=0.080486
batch 8300/12592 loss=0.156200
batch 8350/12592 loss=0.048477
batch 8400/12592 loss=0.079010
batch 8450/12592 loss=0.048399
batch 8500/12592 loss=0.081938
batch 8550/12592 loss=0.041583
batch 8600/12592 loss=0.085790
batch 8650/12592 loss=0.079713
batch 8700/12592 loss=0.036627
batch 8750/12592 loss=0.084585
batch 8800/12592 loss=0.051342
batch 8850/12592 loss=0.074359
batch 8900/12592 loss=0.055512
batch 8950/12592 loss=0.044109
batch 9000/12592 loss=0.040755
batch 9050/12592 loss=0.121623
batch 9100/12592 loss=0.080039
batch 9150/12592 loss=0.085666
batch 9200/12592 loss=0.062504
batch 9250/12592 loss=0.087824
batch 9300/12592 loss=0.081842
batch 9350/12592 loss=0.052769
batch 9400/12592 loss=0.036493
batch 9450/12592 loss=0.098239
batch 9500/12592 loss=0.126690
batch 9550/12592 loss=0.057150
batch 9600/12592 loss=0.069610
batch 9650/12592 loss=0.038154
batch 9700/12592 loss=0.056030
batch 9750/12592 loss=0.059543
batch 9800/12592 loss=0.050273
batch 9850/12592 loss=0.130087
batch 9900/12592 loss=0.047198
batch 9950/12592 loss=0.097537
batch 10000/12592 loss=0.101585
batch 10050/12592 loss=0.048836
batch 10100/12592 loss=0.032656
batch 10150/12592 loss=0.140641
batch 10200/12592 loss=0.058495
batch 10250/12592 loss=0.046776
batch 10300/12592 loss=0.051615
batch 10350/12592 loss=0.106506
batch 10400/12592 loss=0.045657
batch 10450/12592 loss=0.056996
batch 10500/12592 loss=0.063562
batch 10550/12592 loss=0.074688
batch 10600/12592 loss=0.054566
batch 10650/12592 loss=0.108294
batch 10700/12592 loss=0.065817
batch 10750/12592 loss=0.053483
batch 10800/12592 loss=0.071963
batch 10850/12592 loss=0.054240
batch 10900/12592 loss=0.100809
batch 10950/12592 loss=0.062326
batch 11000/12592 loss=0.045253
batch 11050/12592 loss=0.085443
batch 11100/12592 loss=0.064156
batch 11150/12592 loss=0.081304
batch 11200/12592 loss=0.106303
batch 11250/12592 loss=0.039408
batch 11300/12592 loss=0.062239
batch 11350/12592 loss=0.082984
batch 11400/12592 loss=0.086783
batch 11450/12592 loss=0.139534
batch 11500/12592 loss=0.038899
batch 11550/12592 loss=0.104039
batch 11600/12592 loss=0.167220
batch 11650/12592 loss=0.044093
batch 11700/12592 loss=0.072884
batch 11750/12592 loss=0.058035
batch 11800/12592 loss=0.074199
batch 11850/12592 loss=0.046481
batch 11900/12592 loss=0.039559
batch 11950/12592 loss=0.089441
batch 12000/12592 loss=0.064356
batch 12050/12592 loss=0.049832
batch 12100/12592 loss=0.116641
batch 12150/12592 loss=0.077631
batch 12200/12592 loss=0.094630
batch 12250/12592 loss=0.148789
batch 12300/12592 loss=0.074996
batch 12350/12592 loss=0.171937
batch 12400/12592 loss=0.085177
batch 12450/12592 loss=0.070113
batch 12500/12592 loss=0.101454
batch 12550/12592 loss=0.070046
epoch=12 train_loss=0.090425 val_loss=0.126347 best=0.090804 patience=1/50
batch 0/12592 loss=0.101760
batch 50/12592 loss=0.081486
batch 100/12592 loss=0.048597
batch 150/12592 loss=0.166644
batch 200/12592 loss=0.050149
batch 250/12592 loss=0.174538
batch 300/12592 loss=0.084292
batch 350/12592 loss=0.169956
batch 400/12592 loss=0.037232
batch 450/12592 loss=0.086252
batch 500/12592 loss=0.054339
batch 550/12592 loss=0.033165
batch 600/12592 loss=0.064125
batch 650/12592 loss=0.047678
batch 700/12592 loss=0.083128
batch 750/12592 loss=0.034365
batch 800/12592 loss=0.097552
batch 850/12592 loss=0.069516
batch 900/12592 loss=0.184521
batch 950/12592 loss=0.049529
batch 1000/12592 loss=0.108126
batch 1050/12592 loss=0.077933
batch 1100/12592 loss=0.077743
batch 1150/12592 loss=0.079362
batch 1200/12592 loss=0.048499
batch 1250/12592 loss=0.054090
batch 1300/12592 loss=0.050718
batch 1350/12592 loss=0.099986
batch 1400/12592 loss=0.087516
batch 1450/12592 loss=0.095973
batch 1500/12592 loss=0.071126
batch 1550/12592 loss=0.096628
batch 1600/12592 loss=0.077829
batch 1650/12592 loss=0.059497
batch 1700/12592 loss=0.106700
batch 1750/12592 loss=0.042194
batch 1800/12592 loss=0.096896
batch 1850/12592 loss=0.035364
batch 1900/12592 loss=0.139212
batch 1950/12592 loss=0.075537
batch 2000/12592 loss=0.065811
batch 2050/12592 loss=0.065697
batch 2100/12592 loss=0.045010
batch 2150/12592 loss=0.122737
batch 2200/12592 loss=0.036842
batch 2250/12592 loss=0.119014
batch 2300/12592 loss=0.076418
batch 2350/12592 loss=0.094393
batch 2400/12592 loss=0.150639
batch 2450/12592 loss=0.073496
batch 2500/12592 loss=0.046611
batch 2550/12592 loss=0.060166
batch 2600/12592 loss=0.062219
batch 2650/12592 loss=0.105360
batch 2700/12592 loss=0.173928
batch 2750/12592 loss=0.042691
batch 2800/12592 loss=0.036034
batch 2850/12592 loss=0.126136
batch 2900/12592 loss=0.049669
batch 2950/12592 loss=0.094163
batch 3000/12592 loss=0.048023
batch 3050/12592 loss=0.151813
batch 3100/12592 loss=0.132516
batch 3150/12592 loss=0.064493
batch 3200/12592 loss=0.060589
batch 3250/12592 loss=0.189074
batch 3300/12592 loss=0.126139
batch 3350/12592 loss=0.073671
batch 3400/12592 loss=0.042477
batch 3450/12592 loss=0.110554
batch 3500/12592 loss=0.046312
batch 3550/12592 loss=0.055381
batch 3600/12592 loss=0.072237
batch 3650/12592 loss=0.067901
batch 3700/12592 loss=0.070281
batch 3750/12592 loss=0.051694
batch 3800/12592 loss=0.171350
batch 3850/12592 loss=0.079032
batch 3900/12592 loss=0.104285
batch 3950/12592 loss=0.073504
batch 4000/12592 loss=0.067776
batch 4050/12592 loss=0.078423
batch 4100/12592 loss=0.115296
batch 4150/12592 loss=0.074853
batch 4200/12592 loss=0.092986
batch 4250/12592 loss=0.084502
batch 4300/12592 loss=0.094027
batch 4350/12592 loss=0.072931
batch 4400/12592 loss=0.059216
batch 4450/12592 loss=0.043497
batch 4500/12592 loss=0.140019
batch 4550/12592 loss=0.046279
batch 4600/12592 loss=0.065226
batch 4650/12592 loss=0.058230
batch 4700/12592 loss=0.050380
batch 4750/12592 loss=0.062293
batch 4800/12592 loss=0.068818
batch 4850/12592 loss=0.093385
batch 4900/12592 loss=0.125626
batch 4950/12592 loss=0.046621
batch 5000/12592 loss=0.174037
batch 5050/12592 loss=0.065502
batch 5100/12592 loss=0.077511
batch 5150/12592 loss=0.097877
batch 5200/12592 loss=0.130920
batch 5250/12592 loss=0.065851
batch 5300/12592 loss=0.137980
batch 5350/12592 loss=0.058179
batch 5400/12592 loss=0.081791
batch 5450/12592 loss=0.043378
batch 5500/12592 loss=0.109965
batch 5550/12592 loss=0.151729
batch 5600/12592 loss=0.070057
batch 5650/12592 loss=0.039795
batch 5700/12592 loss=0.055636
batch 5750/12592 loss=0.072320
batch 5800/12592 loss=0.054540
batch 5850/12592 loss=0.120003
batch 5900/12592 loss=0.056351
batch 5950/12592 loss=0.319339
batch 6000/12592 loss=0.152793
batch 6050/12592 loss=0.060502
batch 6100/12592 loss=0.086625
batch 6150/12592 loss=0.119624
batch 6200/12592 loss=0.213494
batch 6250/12592 loss=0.071635
batch 6300/12592 loss=0.050716
batch 6350/12592 loss=0.104521
batch 6400/12592 loss=0.054961
batch 6450/12592 loss=0.047001
batch 6500/12592 loss=0.100565
batch 6550/12592 loss=0.095770
batch 6600/12592 loss=0.102691
batch 6650/12592 loss=0.089572
batch 6700/12592 loss=0.100752
batch 6750/12592 loss=0.075933
batch 6800/12592 loss=0.072420
batch 6850/12592 loss=0.099023
batch 6900/12592 loss=0.064040
batch 6950/12592 loss=0.047444
batch 7000/12592 loss=0.037978
batch 7050/12592 loss=0.038326
batch 7100/12592 loss=0.104159
batch 7150/12592 loss=0.070371
batch 7200/12592 loss=0.056008
batch 7250/12592 loss=0.045022
batch 7300/12592 loss=0.097320
batch 7350/12592 loss=0.118187
batch 7400/12592 loss=0.061958
batch 7450/12592 loss=0.050903
batch 7500/12592 loss=0.075527
batch 7550/12592 loss=0.099163
batch 7600/12592 loss=0.064524
batch 7650/12592 loss=0.054525
batch 7700/12592 loss=0.239736
batch 7750/12592 loss=0.047789
batch 7800/12592 loss=0.058303
batch 7850/12592 loss=0.087734
batch 7900/12592 loss=0.041706
batch 7950/12592 loss=0.093929
batch 8000/12592 loss=0.117543
batch 8050/12592 loss=0.099393
batch 8100/12592 loss=0.060098
batch 8150/12592 loss=0.091451
batch 8200/12592 loss=0.064071
batch 8250/12592 loss=0.061628
batch 8300/12592 loss=0.051659
batch 8350/12592 loss=0.052782
batch 8400/12592 loss=0.076299
batch 8450/12592 loss=0.108752
batch 8500/12592 loss=0.090046
batch 8550/12592 loss=0.093806
batch 8600/12592 loss=0.063964
batch 8650/12592 loss=0.032809
batch 8700/12592 loss=0.065774
batch 8750/12592 loss=0.047547
batch 8800/12592 loss=0.077516
batch 8850/12592 loss=0.104425
batch 8900/12592 loss=0.164007
batch 8950/12592 loss=0.065253
batch 9000/12592 loss=0.069226
batch 9050/12592 loss=0.045284
batch 9100/12592 loss=0.057559
batch 9150/12592 loss=0.120849
batch 9200/12592 loss=0.085728
batch 9250/12592 loss=0.043251
batch 9300/12592 loss=0.103049
batch 9350/12592 loss=0.117537
batch 9400/12592 loss=0.116137
batch 9450/12592 loss=0.050530
batch 9500/12592 loss=0.036600
batch 9550/12592 loss=0.138874
batch 9600/12592 loss=0.088700
batch 9650/12592 loss=0.068621
batch 9700/12592 loss=0.040276
batch 9750/12592 loss=0.083791
batch 9800/12592 loss=0.087808
batch 9850/12592 loss=0.048127
batch 9900/12592 loss=0.067616
batch 9950/12592 loss=0.046905
batch 10000/12592 loss=0.106007
batch 10050/12592 loss=0.045918
batch 10100/12592 loss=0.101127
batch 10150/12592 loss=0.051208
batch 10200/12592 loss=0.038988
batch 10250/12592 loss=0.076515
batch 10300/12592 loss=0.047981
batch 10350/12592 loss=0.090130
batch 10400/12592 loss=0.044927
batch 10450/12592 loss=0.056064
batch 10500/12592 loss=0.093704
batch 10550/12592 loss=0.127123
batch 10600/12592 loss=0.063655
batch 10650/12592 loss=0.056963
batch 10700/12592 loss=0.077070
batch 10750/12592 loss=0.090166
batch 10800/12592 loss=0.057160
batch 10850/12592 loss=0.084388
batch 10900/12592 loss=0.063168
batch 10950/12592 loss=0.122406
batch 11000/12592 loss=0.058300
batch 11050/12592 loss=0.082968
batch 11100/12592 loss=6.004865
batch 11150/12592 loss=0.056119
batch 11200/12592 loss=0.105844
batch 11250/12592 loss=0.087078
batch 11300/12592 loss=0.177376
batch 11350/12592 loss=0.043440
batch 11400/12592 loss=0.057081
batch 11450/12592 loss=0.066228
batch 11500/12592 loss=0.057523
batch 11550/12592 loss=0.047494
batch 11600/12592 loss=0.061885
batch 11650/12592 loss=0.123342
batch 11700/12592 loss=0.076946
batch 11750/12592 loss=0.070187
batch 11800/12592 loss=0.040736
batch 11850/12592 loss=0.129745
batch 11900/12592 loss=0.040840
batch 11950/12592 loss=0.086486
batch 12000/12592 loss=0.150265
batch 12050/12592 loss=0.129411
batch 12100/12592 loss=0.233293
batch 12150/12592 loss=0.073969
batch 12200/12592 loss=0.037477
batch 12250/12592 loss=0.146932
batch 12300/12592 loss=0.088782
batch 12350/12592 loss=0.097711
batch 12400/12592 loss=0.053137
batch 12450/12592 loss=0.046336
batch 12500/12592 loss=0.056710
batch 12550/12592 loss=0.079143
epoch=13 train_loss=0.087004 val_loss=0.092658 best=0.090804 patience=2/50
batch 0/12592 loss=0.070171
batch 50/12592 loss=0.074318
batch 100/12592 loss=0.050697
batch 150/12592 loss=0.178998
batch 200/12592 loss=0.076710
batch 250/12592 loss=0.049832
batch 300/12592 loss=0.072313
batch 350/12592 loss=0.051852
batch 400/12592 loss=0.042509
batch 450/12592 loss=0.076841
batch 500/12592 loss=0.062308
batch 550/12592 loss=0.083115
batch 600/12592 loss=0.055904
batch 650/12592 loss=0.046573
batch 700/12592 loss=0.063194
batch 750/12592 loss=0.084195
batch 800/12592 loss=0.075055
batch 850/12592 loss=0.151386
batch 900/12592 loss=0.064674
batch 950/12592 loss=0.177817
batch 1000/12592 loss=0.287693
batch 1050/12592 loss=0.040950
batch 1100/12592 loss=0.053877
batch 1150/12592 loss=0.071887
batch 1200/12592 loss=0.129189
batch 1250/12592 loss=0.068112
batch 1300/12592 loss=0.057723
batch 1350/12592 loss=0.049017
batch 1400/12592 loss=0.178398
batch 1450/12592 loss=0.058570
batch 1500/12592 loss=0.117233
batch 1550/12592 loss=0.104465
batch 1600/12592 loss=0.080162
batch 1650/12592 loss=0.072001
batch 1700/12592 loss=0.040429
batch 1750/12592 loss=0.052736
batch 1800/12592 loss=0.086781
batch 1850/12592 loss=0.115867
batch 1900/12592 loss=0.034927
batch 1950/12592 loss=0.103396
batch 2000/12592 loss=0.204840
batch 2050/12592 loss=0.113079
batch 2100/12592 loss=0.047786
batch 2150/12592 loss=0.067107
batch 2200/12592 loss=0.051629
batch 2250/12592 loss=0.079647
batch 2300/12592 loss=0.058435
batch 2350/12592 loss=0.072974
batch 2400/12592 loss=0.085262
batch 2450/12592 loss=0.040085
batch 2500/12592 loss=0.067307
batch 2550/12592 loss=0.059696
batch 2600/12592 loss=0.301225
batch 2650/12592 loss=0.070757
batch 2700/12592 loss=0.106153
batch 2750/12592 loss=0.049108
batch 2800/12592 loss=0.035492
batch 2850/12592 loss=0.054752
batch 2900/12592 loss=0.072705
batch 2950/12592 loss=0.068395
batch 3000/12592 loss=0.056299
batch 3050/12592 loss=0.081837
batch 3100/12592 loss=0.126596
batch 3150/12592 loss=0.061444
batch 3200/12592 loss=0.070010
batch 3250/12592 loss=0.060834
batch 3300/12592 loss=0.138458
batch 3350/12592 loss=0.074207
batch 3400/12592 loss=0.072825
batch 3450/12592 loss=0.056486
batch 3500/12592 loss=0.061294
batch 3550/12592 loss=0.060018
batch 3600/12592 loss=0.143683
batch 3650/12592 loss=0.058694
batch 3700/12592 loss=0.055295
batch 3750/12592 loss=0.059229
batch 3800/12592 loss=0.066566
batch 3850/12592 loss=0.051379
batch 3900/12592 loss=0.060367
batch 3950/12592 loss=0.071043
batch 4000/12592 loss=0.077715
batch 4050/12592 loss=0.112005
batch 4100/12592 loss=0.064658
batch 4150/12592 loss=0.148173
batch 4200/12592 loss=0.057478
batch 4250/12592 loss=0.136003
batch 4300/12592 loss=0.137249
batch 4350/12592 loss=0.182714
batch 4400/12592 loss=0.068240
batch 4450/12592 loss=0.107871
batch 4500/12592 loss=0.086682
batch 4550/12592 loss=0.057839
batch 4600/12592 loss=0.081402
batch 4650/12592 loss=0.108689
batch 4700/12592 loss=0.041919
batch 4750/12592 loss=0.071070
batch 4800/12592 loss=0.064916
batch 4850/12592 loss=0.057705
batch 4900/12592 loss=0.079286
batch 4950/12592 loss=0.064092
batch 5000/12592 loss=0.045914
batch 5050/12592 loss=0.123466
batch 5100/12592 loss=0.042567
batch 5150/12592 loss=0.082023
batch 5200/12592 loss=0.056773
batch 5250/12592 loss=0.066851
batch 5300/12592 loss=0.058983
batch 5350/12592 loss=0.154688
batch 5400/12592 loss=0.144671
batch 5450/12592 loss=0.087043
batch 5500/12592 loss=0.112488
batch 5550/12592 loss=0.063683
batch 5600/12592 loss=0.090834
batch 5650/12592 loss=0.033288
batch 5700/12592 loss=0.056778
batch 5750/12592 loss=0.119736
batch 5800/12592 loss=0.040119
batch 5850/12592 loss=0.111054
batch 5900/12592 loss=0.100140
batch 5950/12592 loss=0.097152
batch 6000/12592 loss=0.063672
batch 6050/12592 loss=0.057913
batch 6100/12592 loss=0.072335
batch 6150/12592 loss=0.086031
batch 6200/12592 loss=0.142985
batch 6250/12592 loss=0.092524
batch 6300/12592 loss=0.052231
batch 6350/12592 loss=0.070074
batch 6400/12592 loss=0.082182
batch 6450/12592 loss=0.068191
batch 6500/12592 loss=0.148555
batch 6550/12592 loss=0.059207
batch 6600/12592 loss=0.101336
batch 6650/12592 loss=0.112388
batch 6700/12592 loss=0.224630
batch 6750/12592 loss=0.077995
batch 6800/12592 loss=0.125102
batch 6850/12592 loss=0.102809
batch 6900/12592 loss=0.147716
batch 6950/12592 loss=0.075709
batch 7000/12592 loss=0.068443
batch 7050/12592 loss=0.042786
batch 7100/12592 loss=0.063944
batch 7150/12592 loss=0.044092
batch 7200/12592 loss=0.088707
batch 7250/12592 loss=0.041695
batch 7300/12592 loss=0.071020
batch 7350/12592 loss=0.028741
batch 7400/12592 loss=0.217727
batch 7450/12592 loss=0.076449
batch 7500/12592 loss=0.041031
batch 7550/12592 loss=0.065348
batch 7600/12592 loss=0.043147
batch 7650/12592 loss=0.098062
batch 7700/12592 loss=0.057782
batch 7750/12592 loss=0.077908
batch 7800/12592 loss=0.074855
batch 7850/12592 loss=0.083721
batch 7900/12592 loss=0.091349
batch 7950/12592 loss=0.035205
batch 8000/12592 loss=0.114110
batch 8050/12592 loss=0.047102
batch 8100/12592 loss=0.039003
batch 8150/12592 loss=0.058374
batch 8200/12592 loss=0.100910
batch 8250/12592 loss=0.515461
batch 8300/12592 loss=0.046619
batch 8350/12592 loss=0.055996
batch 8400/12592 loss=0.058191
batch 8450/12592 loss=0.101368
batch 8500/12592 loss=0.035089
batch 8550/12592 loss=0.046524
batch 8600/12592 loss=0.034237
batch 8650/12592 loss=0.090185
batch 8700/12592 loss=0.063085
batch 8750/12592 loss=0.061515
batch 8800/12592 loss=0.070076
batch 8850/12592 loss=0.064600
batch 8900/12592 loss=0.153099
batch 8950/12592 loss=0.067755
batch 9000/12592 loss=0.041922
batch 9050/12592 loss=0.061984
batch 9100/12592 loss=0.102535
batch 9150/12592 loss=0.164777
batch 9200/12592 loss=0.096893
batch 9250/12592 loss=0.216816
batch 9300/12592 loss=0.058427
batch 9350/12592 loss=0.047193
batch 9400/12592 loss=0.152439
batch 9450/12592 loss=0.087962
batch 9500/12592 loss=0.042944
batch 9550/12592 loss=0.075403
batch 9600/12592 loss=0.163219
batch 9650/12592 loss=0.083675
batch 9700/12592 loss=0.065200
batch 9750/12592 loss=0.091766
batch 9800/12592 loss=0.064467
batch 9850/12592 loss=0.049309
batch 9900/12592 loss=0.394786
batch 9950/12592 loss=0.055343
batch 10000/12592 loss=0.070357
batch 10050/12592 loss=0.046904
batch 10100/12592 loss=0.039297
batch 10150/12592 loss=0.055023
batch 10200/12592 loss=0.056963
batch 10250/12592 loss=0.054586
batch 10300/12592 loss=0.039469
batch 10350/12592 loss=0.087140
batch 10400/12592 loss=0.058073
batch 10450/12592 loss=0.040551
batch 10500/12592 loss=0.187116
batch 10550/12592 loss=0.319639
batch 10600/12592 loss=0.044004
batch 10650/12592 loss=0.048139
batch 10700/12592 loss=0.079613
batch 10750/12592 loss=0.053983
batch 10800/12592 loss=0.084639
batch 10850/12592 loss=0.080320
batch 10900/12592 loss=0.071139
batch 10950/12592 loss=0.038660
batch 11000/12592 loss=0.100242
batch 11050/12592 loss=0.038135
batch 11100/12592 loss=0.120936
batch 11150/12592 loss=0.082086
batch 11200/12592 loss=0.042557
batch 11250/12592 loss=0.142594
batch 11300/12592 loss=0.056140
batch 11350/12592 loss=0.054546
batch 11400/12592 loss=0.118940
batch 11450/12592 loss=0.048469
batch 11500/12592 loss=0.098703
batch 11550/12592 loss=0.057385
batch 11600/12592 loss=0.027736
batch 11650/12592 loss=0.063766
batch 11700/12592 loss=0.114271
batch 11750/12592 loss=0.063258
batch 11800/12592 loss=0.090623
batch 11850/12592 loss=0.128201
batch 11900/12592 loss=0.144448
batch 11950/12592 loss=0.149465
batch 12000/12592 loss=0.107712
batch 12050/12592 loss=0.067146
batch 12100/12592 loss=0.076540
batch 12150/12592 loss=0.065341
batch 12200/12592 loss=0.072286
batch 12250/12592 loss=0.080432
batch 12300/12592 loss=0.075193
batch 12350/12592 loss=0.113988
batch 12400/12592 loss=0.129756
batch 12450/12592 loss=0.066086
batch 12500/12592 loss=0.056936
batch 12550/12592 loss=0.105569
epoch=14 train_loss=0.087817 val_loss=0.079950 best=0.079950 patience=0/50
batch 0/12592 loss=0.047197
batch 50/12592 loss=0.058931
batch 100/12592 loss=0.066398
batch 150/12592 loss=0.056957
batch 200/12592 loss=0.080544
batch 250/12592 loss=0.106173
batch 300/12592 loss=0.099945
batch 350/12592 loss=0.052104
batch 400/12592 loss=0.091054
batch 450/12592 loss=0.042670
batch 500/12592 loss=0.056981
batch 550/12592 loss=0.044868
batch 600/12592 loss=0.040295
batch 650/12592 loss=0.071644
batch 700/12592 loss=0.056392
batch 750/12592 loss=0.096502
batch 800/12592 loss=0.079888
batch 850/12592 loss=0.108998
batch 900/12592 loss=0.060677
batch 950/12592 loss=0.048999
batch 1000/12592 loss=0.117214
batch 1050/12592 loss=0.133460
batch 1100/12592 loss=0.050031
batch 1150/12592 loss=0.090844
batch 1200/12592 loss=0.069136
batch 1250/12592 loss=0.070175
batch 1300/12592 loss=0.075333
batch 1350/12592 loss=0.060217
batch 1400/12592 loss=0.049502
batch 1450/12592 loss=0.078482
batch 1500/12592 loss=0.063348
batch 1550/12592 loss=0.084267
batch 1600/12592 loss=0.063268
batch 1650/12592 loss=0.076533
batch 1700/12592 loss=0.071467
batch 1750/12592 loss=0.085424
batch 1800/12592 loss=0.067448
batch 1850/12592 loss=0.041398
batch 1900/12592 loss=0.056164
batch 1950/12592 loss=0.054801
batch 2000/12592 loss=0.123103
batch 2050/12592 loss=0.064182
batch 2100/12592 loss=0.141528
batch 2150/12592 loss=0.087607
batch 2200/12592 loss=0.048170
batch 2250/12592 loss=0.037142
batch 2300/12592 loss=0.186025
batch 2350/12592 loss=0.081322
batch 2400/12592 loss=0.079659
batch 2450/12592 loss=0.066275
batch 2500/12592 loss=0.050598
batch 2550/12592 loss=0.105896
batch 2600/12592 loss=0.065336
batch 2650/12592 loss=0.076578
batch 2700/12592 loss=0.053359
batch 2750/12592 loss=0.070859
batch 2800/12592 loss=0.077570
batch 2850/12592 loss=0.036773
batch 2900/12592 loss=0.072912
batch 2950/12592 loss=0.069937
batch 3000/12592 loss=0.071323
batch 3050/12592 loss=0.134316
batch 3100/12592 loss=0.055705
batch 3150/12592 loss=0.080810
batch 3200/12592 loss=0.066709
batch 3250/12592 loss=0.144468
batch 3300/12592 loss=0.169756
batch 3350/12592 loss=0.050281
batch 3400/12592 loss=0.275434
batch 3450/12592 loss=0.141572
batch 3500/12592 loss=0.063851
batch 3550/12592 loss=0.214421
batch 3600/12592 loss=0.046498
batch 3650/12592 loss=0.044008
batch 3700/12592 loss=0.059613
batch 3750/12592 loss=0.082230
batch 3800/12592 loss=0.086547
batch 3850/12592 loss=0.074524
batch 3900/12592 loss=0.069485
batch 3950/12592 loss=0.084077
batch 4000/12592 loss=0.068649
batch 4050/12592 loss=0.070395
batch 4100/12592 loss=0.055219
batch 4150/12592 loss=0.072302
batch 4200/12592 loss=0.089135
batch 4250/12592 loss=0.044795
batch 4300/12592 loss=0.065841
