nohup: ignoring input
DEVICE: cuda
GPU: NVIDIA RTX A6000

========================================
PARALLEL STAGE 4 WORKER
WORKER: 46 / 48
GLOBAL CONFIGS: 48
WORKER CONFIGS: 1
WORKER RESULTS: reports/stage4_auto_cuda/worker_46_results.json
========================================


========================================
STAGE 4 REDUCED CUDA SEARCH
TOTAL REDUCED CONFIGS: 1
========================================

OLD RESULTS FOUND: 12
REDUCED EXPERIMENTS ALREADY COMPLETED: 0
REDUCED EXPERIMENTS REMAINING: 1


========================================
CLASS: ALL
========================================

========================================
RUN [1/1]
NAME: ALL_gaussian_h128_l2_d0.0_lr0.0001_b64
CONFIG: {'model': 'gaussian', 'hidden': 128, 'layers': 2, 'dropout': 0.0, 'lr': 0.0001, 'batch': 64}
COMPLETED: 0 / 1
REMAINING: 1
========================================
/home/agni/waymo/iscai_stage4/scripts/run_stage4_parallel_cuda.py:1051: FutureWarning: `torch.cuda.amp.GradScaler(args...)` is deprecated. Please use `torch.amp.GradScaler('cuda', args...)` instead.
  torch.cuda.amp.GradScaler(
/home/agni/waymo/iscai_stage4/scripts/run_stage4_parallel_cuda.py:262: FutureWarning: `torch.cuda.amp.autocast(args...)` is deprecated. Please use `torch.amp.autocast('cuda', args...)` instead.
  with torch.cuda.amp.autocast(
batch 0/6296 loss=743.319031
batch 50/6296 loss=451.042480
batch 100/6296 loss=177.552353
batch 150/6296 loss=19.595755
batch 200/6296 loss=9.680087
batch 250/6296 loss=9.073832
batch 300/6296 loss=8.471375
batch 350/6296 loss=8.362325
batch 400/6296 loss=7.597742
batch 450/6296 loss=6.930801
batch 500/6296 loss=7.489853
batch 550/6296 loss=7.059804
batch 600/6296 loss=7.322209
batch 650/6296 loss=6.720548
batch 700/6296 loss=6.412122
batch 750/6296 loss=6.894956
batch 800/6296 loss=6.930110
batch 850/6296 loss=6.442680
batch 900/6296 loss=6.381866
batch 950/6296 loss=6.221222
batch 1000/6296 loss=6.454092
batch 1050/6296 loss=6.139365
batch 1100/6296 loss=6.636526
batch 1150/6296 loss=6.585500
batch 1200/6296 loss=6.462361
batch 1250/6296 loss=6.553936
batch 1300/6296 loss=6.605850
batch 1350/6296 loss=6.088980
batch 1400/6296 loss=6.461670
batch 1450/6296 loss=6.460423
batch 1500/6296 loss=6.107236
batch 1550/6296 loss=6.129392
batch 1600/6296 loss=6.679048
batch 1650/6296 loss=5.957619
batch 1700/6296 loss=6.198928
batch 1750/6296 loss=6.781174
batch 1800/6296 loss=6.160784
batch 1850/6296 loss=5.591690
batch 1900/6296 loss=5.825729
batch 1950/6296 loss=5.777239
batch 2000/6296 loss=5.855553
batch 2050/6296 loss=7.660918
batch 2100/6296 loss=6.056777
batch 2150/6296 loss=5.998994
batch 2200/6296 loss=6.032847
batch 2250/6296 loss=5.673519
batch 2300/6296 loss=5.528782
batch 2350/6296 loss=5.819972
batch 2400/6296 loss=5.999405
batch 2450/6296 loss=5.892368
batch 2500/6296 loss=8.755140
batch 2550/6296 loss=6.271269
batch 2600/6296 loss=5.852043
batch 2650/6296 loss=5.937002
batch 2700/6296 loss=5.893761
batch 2750/6296 loss=6.240462
batch 2800/6296 loss=5.740395
batch 2850/6296 loss=5.949281
batch 2900/6296 loss=6.118787
batch 2950/6296 loss=7.321802
batch 3000/6296 loss=6.160030
batch 3050/6296 loss=5.424915
batch 3100/6296 loss=5.878914
batch 3150/6296 loss=6.300644
batch 3200/6296 loss=6.180484
batch 3250/6296 loss=17.217484
batch 3300/6296 loss=5.911139
batch 3350/6296 loss=5.772693
batch 3400/6296 loss=6.358968
batch 3450/6296 loss=6.529128
batch 3500/6296 loss=5.937210
batch 3550/6296 loss=6.121177
batch 3600/6296 loss=7.195713
batch 3650/6296 loss=5.661297
batch 3700/6296 loss=6.252853
batch 3750/6296 loss=5.865249
batch 3800/6296 loss=8.005844
batch 3850/6296 loss=5.808749
batch 3900/6296 loss=6.227283
batch 3950/6296 loss=7.645931
batch 4000/6296 loss=8.729477
batch 4050/6296 loss=6.897752
batch 4100/6296 loss=6.879032
batch 4150/6296 loss=8.058563
batch 4200/6296 loss=6.657220
batch 4250/6296 loss=5.927246
batch 4300/6296 loss=5.858249
batch 4350/6296 loss=6.292360
batch 4400/6296 loss=6.334905
batch 4450/6296 loss=6.193716
batch 4500/6296 loss=7.470143
batch 4550/6296 loss=7.713241
batch 4600/6296 loss=6.319655
batch 4650/6296 loss=9.119914
batch 4700/6296 loss=5.207149
batch 4750/6296 loss=5.970667
batch 4800/6296 loss=6.445559
batch 4850/6296 loss=6.110425
batch 4900/6296 loss=6.782043
batch 4950/6296 loss=7.687547
batch 5000/6296 loss=6.665906
batch 5050/6296 loss=5.461643
batch 5100/6296 loss=6.831533
batch 5150/6296 loss=5.849591
batch 5200/6296 loss=5.934955
batch 5250/6296 loss=6.380238
batch 5300/6296 loss=6.168121
batch 5350/6296 loss=5.870491
batch 5400/6296 loss=6.074137
batch 5450/6296 loss=6.276570
batch 5500/6296 loss=5.732625
batch 5550/6296 loss=5.825163
batch 5600/6296 loss=5.821687
batch 5650/6296 loss=5.751306
batch 5700/6296 loss=9.075858
batch 5750/6296 loss=7.096662
batch 5800/6296 loss=5.898242
batch 5850/6296 loss=6.155840
batch 5900/6296 loss=6.097957
batch 5950/6296 loss=6.779112
batch 6000/6296 loss=7.267668
batch 6050/6296 loss=6.336143
batch 6100/6296 loss=6.293089
batch 6150/6296 loss=8.056645
batch 6200/6296 loss=5.639476
batch 6250/6296 loss=5.913734
epoch=1 train_loss=15.845000 val_loss=5.840732 best=5.840732 patience=0/50
batch 0/6296 loss=6.552141
batch 50/6296 loss=9.905255
batch 100/6296 loss=5.313282
batch 150/6296 loss=7.433834
batch 200/6296 loss=5.881702
batch 250/6296 loss=5.589866
batch 300/6296 loss=6.191242
batch 350/6296 loss=6.169559
batch 400/6296 loss=6.241798
batch 450/6296 loss=5.985982
batch 500/6296 loss=7.508582
batch 550/6296 loss=6.121709
batch 600/6296 loss=6.389944
batch 650/6296 loss=6.130389
batch 700/6296 loss=6.000434
batch 750/6296 loss=6.204576
batch 800/6296 loss=6.252963
batch 850/6296 loss=8.603394
batch 900/6296 loss=6.848978
batch 950/6296 loss=6.058346
batch 1000/6296 loss=5.874435
batch 1050/6296 loss=6.508022
batch 1100/6296 loss=6.552144
batch 1150/6296 loss=5.794003
batch 1200/6296 loss=6.391259
batch 1250/6296 loss=6.549210
batch 1300/6296 loss=5.837023
batch 1350/6296 loss=6.118955
batch 1400/6296 loss=6.839199
batch 1450/6296 loss=7.353532
batch 1500/6296 loss=6.058785
batch 1550/6296 loss=5.998888
batch 1600/6296 loss=7.059409
batch 1650/6296 loss=5.879640
batch 1700/6296 loss=6.375322
batch 1750/6296 loss=6.358417
batch 1800/6296 loss=6.733078
batch 1850/6296 loss=6.045167
batch 1900/6296 loss=6.347858
batch 1950/6296 loss=6.286528
batch 2000/6296 loss=6.826756
batch 2050/6296 loss=6.617869
batch 2100/6296 loss=6.270841
batch 2150/6296 loss=6.927672
batch 2200/6296 loss=6.077055
batch 2250/6296 loss=5.957927
batch 2300/6296 loss=6.685782
batch 2350/6296 loss=8.094859
batch 2400/6296 loss=6.813825
batch 2450/6296 loss=6.683173
batch 2500/6296 loss=6.493779
batch 2550/6296 loss=9.715129
batch 2600/6296 loss=6.823804
batch 2650/6296 loss=6.516819
batch 2700/6296 loss=7.582870
batch 2750/6296 loss=6.610906
batch 2800/6296 loss=5.987936
batch 2850/6296 loss=8.400067
batch 2900/6296 loss=6.618217
batch 2950/6296 loss=6.620601
batch 3000/6296 loss=6.920934
batch 3050/6296 loss=6.276908
batch 3100/6296 loss=6.115065
batch 3150/6296 loss=8.310699
batch 3200/6296 loss=6.076007
batch 3250/6296 loss=7.219535
batch 3300/6296 loss=7.925678
batch 3350/6296 loss=6.719414
batch 3400/6296 loss=6.402914
batch 3450/6296 loss=6.455908
batch 3500/6296 loss=6.277187
batch 3550/6296 loss=10.536406
batch 3600/6296 loss=6.567094
batch 3650/6296 loss=7.561415
batch 3700/6296 loss=6.029888
batch 3750/6296 loss=7.233489
batch 3800/6296 loss=7.635187
batch 3850/6296 loss=6.826071
batch 3900/6296 loss=6.234281
batch 3950/6296 loss=6.611675
batch 4000/6296 loss=7.105522
batch 4050/6296 loss=7.565409
batch 4100/6296 loss=7.038686
batch 4150/6296 loss=6.421824
batch 4200/6296 loss=6.627346
batch 4250/6296 loss=8.839830
batch 4300/6296 loss=7.324478
batch 4350/6296 loss=6.441961
batch 4400/6296 loss=6.238645
batch 4450/6296 loss=7.184214
batch 4500/6296 loss=7.384159
batch 4550/6296 loss=6.511615
batch 4600/6296 loss=7.675725
batch 4650/6296 loss=6.403327
batch 4700/6296 loss=7.450061
batch 4750/6296 loss=6.661733
batch 4800/6296 loss=7.573972
batch 4850/6296 loss=12.557009
batch 4900/6296 loss=6.745996
batch 4950/6296 loss=6.083085
batch 5000/6296 loss=6.342994
batch 5050/6296 loss=6.951640
batch 5100/6296 loss=6.383251
batch 5150/6296 loss=6.396887
batch 5200/6296 loss=7.149507
batch 5250/6296 loss=7.880989
batch 5300/6296 loss=20.121010
batch 5350/6296 loss=6.997768
batch 5400/6296 loss=7.077043
batch 5450/6296 loss=7.271608
batch 5500/6296 loss=7.633379
batch 5550/6296 loss=8.478920
batch 5600/6296 loss=6.926641
batch 5650/6296 loss=7.311662
batch 5700/6296 loss=8.293938
batch 5750/6296 loss=7.724913
batch 5800/6296 loss=7.746942
batch 5850/6296 loss=6.041880
batch 5900/6296 loss=7.519735
batch 5950/6296 loss=7.596672
batch 6000/6296 loss=6.786121
batch 6050/6296 loss=6.975188
batch 6100/6296 loss=28.048536
batch 6150/6296 loss=6.886067
batch 6200/6296 loss=6.826485
batch 6250/6296 loss=7.518544
epoch=2 train_loss=7.196689 val_loss=6.609166 best=5.840732 patience=1/50
batch 0/6296 loss=7.256386
batch 50/6296 loss=6.577663
batch 100/6296 loss=6.959035
batch 150/6296 loss=7.322983
batch 200/6296 loss=6.823692
batch 250/6296 loss=6.778618
batch 300/6296 loss=9.210091
batch 350/6296 loss=7.356770
batch 400/6296 loss=7.031906
batch 450/6296 loss=7.342908
batch 500/6296 loss=8.243484
batch 550/6296 loss=8.382277
batch 600/6296 loss=10.434848
batch 650/6296 loss=6.670085
batch 700/6296 loss=8.643922
batch 750/6296 loss=8.707914
batch 800/6296 loss=10.718085
batch 850/6296 loss=7.264628
batch 900/6296 loss=7.484567
batch 950/6296 loss=7.497176
batch 1000/6296 loss=7.790931
batch 1050/6296 loss=6.357395
batch 1100/6296 loss=7.220604
batch 1150/6296 loss=7.040027
batch 1200/6296 loss=9.334440
batch 1250/6296 loss=8.357104
batch 1300/6296 loss=9.433675
batch 1350/6296 loss=11.625243
batch 1400/6296 loss=7.448108
batch 1450/6296 loss=8.228078
batch 1500/6296 loss=7.305105
batch 1550/6296 loss=7.343466
batch 1600/6296 loss=8.772368
batch 1650/6296 loss=9.834399
batch 1700/6296 loss=11.054091
batch 1750/6296 loss=9.417200
batch 1800/6296 loss=7.479134
batch 1850/6296 loss=7.046259
batch 1900/6296 loss=7.307390
batch 1950/6296 loss=29.949955
batch 2000/6296 loss=7.836250
batch 2050/6296 loss=6.942450
batch 2100/6296 loss=7.872537
batch 2150/6296 loss=9.007605
batch 2200/6296 loss=9.547378
batch 2250/6296 loss=14.858411
batch 2300/6296 loss=7.133659
batch 2350/6296 loss=7.227071
batch 2400/6296 loss=8.735034
batch 2450/6296 loss=9.603065
batch 2500/6296 loss=9.183757
batch 2550/6296 loss=7.199326
batch 2600/6296 loss=8.560556
batch 2650/6296 loss=8.507884
batch 2700/6296 loss=7.137939
batch 2750/6296 loss=8.807765
batch 2800/6296 loss=8.279152
batch 2850/6296 loss=9.207245
batch 2900/6296 loss=10.583770
batch 2950/6296 loss=7.604951
batch 3000/6296 loss=8.707378
batch 3050/6296 loss=12.623144
batch 3100/6296 loss=9.995897
batch 3150/6296 loss=8.899787
batch 3200/6296 loss=10.742021
batch 3250/6296 loss=9.295099
batch 3300/6296 loss=8.675285
batch 3350/6296 loss=7.640459
batch 3400/6296 loss=8.111264
batch 3450/6296 loss=9.597426
batch 3500/6296 loss=11.272674
batch 3550/6296 loss=9.529576
batch 3600/6296 loss=9.540636
batch 3650/6296 loss=7.630940
batch 3700/6296 loss=8.944297
batch 3750/6296 loss=12.643986
batch 3800/6296 loss=19.281445
batch 3850/6296 loss=10.459101
batch 3900/6296 loss=10.803147
batch 3950/6296 loss=8.095700
batch 4000/6296 loss=12.281035
batch 4050/6296 loss=7.894542
batch 4100/6296 loss=10.282374
batch 4150/6296 loss=14.833887
batch 4200/6296 loss=9.208838
batch 4250/6296 loss=8.796268
batch 4300/6296 loss=10.333903
batch 4350/6296 loss=7.213134
batch 4400/6296 loss=9.166979
batch 4450/6296 loss=7.854550
batch 4500/6296 loss=10.821149
batch 4550/6296 loss=8.476402
batch 4600/6296 loss=9.435403
batch 4650/6296 loss=8.419927
batch 4700/6296 loss=11.526459
batch 4750/6296 loss=7.812858
batch 4800/6296 loss=9.011906
batch 4850/6296 loss=7.274597
batch 4900/6296 loss=10.283045
batch 4950/6296 loss=8.371974
batch 5000/6296 loss=8.570841
batch 5050/6296 loss=9.834723
batch 5100/6296 loss=8.351321
batch 5150/6296 loss=13.840919
batch 5200/6296 loss=8.233187
batch 5250/6296 loss=10.108228
batch 5300/6296 loss=7.618125
batch 5350/6296 loss=7.999785
batch 5400/6296 loss=7.662956
batch 5450/6296 loss=10.068659
batch 5500/6296 loss=9.079596
batch 5550/6296 loss=8.714429
batch 5600/6296 loss=9.840044
batch 5650/6296 loss=8.255923
batch 5700/6296 loss=8.388046
batch 5750/6296 loss=8.052167
batch 5800/6296 loss=48.572124
batch 5850/6296 loss=8.000684
batch 5900/6296 loss=7.468323
batch 5950/6296 loss=9.928411
batch 6000/6296 loss=8.518764
batch 6050/6296 loss=8.107370
batch 6100/6296 loss=8.017962
batch 6150/6296 loss=9.257011
batch 6200/6296 loss=8.310511
batch 6250/6296 loss=8.397881
epoch=3 train_loss=9.520450 val_loss=7.538155 best=5.840732 patience=2/50
batch 0/6296 loss=8.826149
batch 50/6296 loss=7.743228
batch 100/6296 loss=8.387056
batch 150/6296 loss=8.982574
batch 200/6296 loss=7.642964
batch 250/6296 loss=7.956949
batch 300/6296 loss=10.325165
batch 350/6296 loss=8.308204
batch 400/6296 loss=11.933577
batch 450/6296 loss=9.027013
batch 500/6296 loss=8.837401
batch 550/6296 loss=8.423251
batch 600/6296 loss=9.365946
batch 650/6296 loss=9.795537
batch 700/6296 loss=7.546002
batch 750/6296 loss=8.608272
batch 800/6296 loss=10.463346
batch 850/6296 loss=7.354497
batch 900/6296 loss=7.845911
batch 950/6296 loss=7.798139
batch 1000/6296 loss=7.833545
batch 1050/6296 loss=8.885535
batch 1100/6296 loss=9.281995
batch 1150/6296 loss=8.584969
batch 1200/6296 loss=8.586338
batch 1250/6296 loss=9.052428
batch 1300/6296 loss=7.603548
batch 1350/6296 loss=8.495188
batch 1400/6296 loss=8.238116
batch 1450/6296 loss=9.091837
batch 1500/6296 loss=7.451768
batch 1550/6296 loss=7.399499
batch 1600/6296 loss=7.898027
batch 1650/6296 loss=7.652188
batch 1700/6296 loss=8.048527
batch 1750/6296 loss=8.640441
batch 1800/6296 loss=7.958278
batch 1850/6296 loss=9.290198
batch 1900/6296 loss=9.093576
batch 1950/6296 loss=9.144368
batch 2000/6296 loss=8.581431
batch 2050/6296 loss=9.817688
batch 2100/6296 loss=12.952228
batch 2150/6296 loss=7.982497
batch 2200/6296 loss=8.060366
batch 2250/6296 loss=8.049543
batch 2300/6296 loss=8.851021
batch 2350/6296 loss=8.732551
batch 2400/6296 loss=8.135113
batch 2450/6296 loss=12.770539
batch 2500/6296 loss=7.937061
batch 2550/6296 loss=9.429369
batch 2600/6296 loss=8.412018
batch 2650/6296 loss=8.320061
batch 2700/6296 loss=8.189255
batch 2750/6296 loss=8.902637
batch 2800/6296 loss=9.996944
batch 2850/6296 loss=8.439262
batch 2900/6296 loss=8.399184
batch 2950/6296 loss=9.071779
batch 3000/6296 loss=8.053191
batch 3050/6296 loss=9.446883
batch 3100/6296 loss=9.553787
batch 3150/6296 loss=9.488103
batch 3200/6296 loss=7.854578
batch 3250/6296 loss=8.673705
batch 3300/6296 loss=8.400546
batch 3350/6296 loss=7.219084
batch 3400/6296 loss=8.952159
batch 3450/6296 loss=7.767948
batch 3500/6296 loss=8.198714
batch 3550/6296 loss=10.059923
batch 3600/6296 loss=12.304201
batch 3650/6296 loss=9.809319
batch 3700/6296 loss=9.415751
batch 3750/6296 loss=7.956273
batch 3800/6296 loss=8.397327
batch 3850/6296 loss=9.577641
batch 3900/6296 loss=8.795116
batch 3950/6296 loss=13.880020
batch 4000/6296 loss=7.493999
batch 4050/6296 loss=7.849853
batch 4100/6296 loss=9.523203
batch 4150/6296 loss=11.910499
batch 4200/6296 loss=10.485123
batch 4250/6296 loss=7.871522
batch 4300/6296 loss=8.184417
batch 4350/6296 loss=11.276700
batch 4400/6296 loss=8.021512
batch 4450/6296 loss=9.006219
batch 4500/6296 loss=9.111377
batch 4550/6296 loss=8.254191
batch 4600/6296 loss=7.938077
batch 4650/6296 loss=9.263564
batch 4700/6296 loss=9.703478
batch 4750/6296 loss=8.327777
batch 4800/6296 loss=8.258901
batch 4850/6296 loss=7.981613
batch 4900/6296 loss=10.523835
batch 4950/6296 loss=9.754171
batch 5000/6296 loss=8.009933
batch 5050/6296 loss=8.920316
batch 5100/6296 loss=9.564229
batch 5150/6296 loss=8.357358
batch 5200/6296 loss=9.852757
batch 5250/6296 loss=10.540904
batch 5300/6296 loss=10.334661
batch 5350/6296 loss=13.364108
batch 5400/6296 loss=9.017608
batch 5450/6296 loss=8.285747
batch 5500/6296 loss=11.510207
batch 5550/6296 loss=8.965487
batch 5600/6296 loss=9.640663
batch 5650/6296 loss=8.070652
batch 5700/6296 loss=9.649218
batch 5750/6296 loss=8.013881
batch 5800/6296 loss=9.765561
batch 5850/6296 loss=9.423179
batch 5900/6296 loss=10.887749
batch 5950/6296 loss=8.884864
batch 6000/6296 loss=15.315143
batch 6050/6296 loss=8.077713
batch 6100/6296 loss=10.967431
batch 6150/6296 loss=8.618559
batch 6200/6296 loss=8.378554
batch 6250/6296 loss=10.407863
epoch=4 train_loss=9.186190 val_loss=7.782127 best=5.840732 patience=3/50
batch 0/6296 loss=9.951416
batch 50/6296 loss=8.852518
batch 100/6296 loss=7.894634
batch 150/6296 loss=7.758186
batch 200/6296 loss=7.687646
batch 250/6296 loss=8.150472
batch 300/6296 loss=9.790356
batch 350/6296 loss=8.439893
batch 400/6296 loss=8.552207
batch 450/6296 loss=9.344090
batch 500/6296 loss=8.215663
batch 550/6296 loss=11.539431
batch 600/6296 loss=10.971751
batch 650/6296 loss=8.287412
batch 700/6296 loss=7.873705
batch 750/6296 loss=8.697576
batch 800/6296 loss=9.063376
batch 850/6296 loss=8.579818
batch 900/6296 loss=8.699523
batch 950/6296 loss=8.939693
batch 1000/6296 loss=15.590289
batch 1050/6296 loss=15.090518
batch 1100/6296 loss=11.927592
batch 1150/6296 loss=8.253973
batch 1200/6296 loss=8.085645
batch 1250/6296 loss=10.376098
batch 1300/6296 loss=9.135544
batch 1350/6296 loss=8.993488
batch 1400/6296 loss=10.934173
batch 1450/6296 loss=9.606818
batch 1500/6296 loss=13.518588
batch 1550/6296 loss=11.531407
batch 1600/6296 loss=8.533328
batch 1650/6296 loss=8.108150
batch 1700/6296 loss=8.122838
batch 1750/6296 loss=8.607775
batch 1800/6296 loss=9.837162
batch 1850/6296 loss=10.690421
batch 1900/6296 loss=8.827776
batch 1950/6296 loss=11.684389
batch 2000/6296 loss=8.551697
batch 2050/6296 loss=8.311022
batch 2100/6296 loss=9.104135
batch 2150/6296 loss=9.608523
batch 2200/6296 loss=8.778038
batch 2250/6296 loss=8.451057
batch 2300/6296 loss=9.007985
batch 2350/6296 loss=8.751568
batch 2400/6296 loss=9.101884
batch 2450/6296 loss=13.551703
batch 2500/6296 loss=8.993703
batch 2550/6296 loss=12.943656
batch 2600/6296 loss=8.305826
batch 2650/6296 loss=9.351481
batch 2700/6296 loss=9.599988
batch 2750/6296 loss=8.774604
batch 2800/6296 loss=9.934900
batch 2850/6296 loss=8.936081
batch 2900/6296 loss=18.127537
batch 2950/6296 loss=8.387084
batch 3000/6296 loss=25.444124
batch 3050/6296 loss=8.781667
batch 3100/6296 loss=9.137016
batch 3150/6296 loss=9.470344
batch 3200/6296 loss=9.497026
batch 3250/6296 loss=8.868387
batch 3300/6296 loss=8.294803
batch 3350/6296 loss=9.327621
batch 3400/6296 loss=8.137936
batch 3450/6296 loss=11.883224
batch 3500/6296 loss=9.717463
batch 3550/6296 loss=9.199549
batch 3600/6296 loss=9.484722
batch 3650/6296 loss=9.454512
batch 3700/6296 loss=9.774542
batch 3750/6296 loss=11.099986
batch 3800/6296 loss=8.277208
batch 3850/6296 loss=15.299921
batch 3900/6296 loss=12.237619
batch 3950/6296 loss=8.928802
batch 4000/6296 loss=8.380774
batch 4050/6296 loss=8.766379
batch 4100/6296 loss=8.596663
batch 4150/6296 loss=8.961421
batch 4200/6296 loss=7.978655
batch 4250/6296 loss=9.746256
batch 4300/6296 loss=8.305995
batch 4350/6296 loss=9.914348
batch 4400/6296 loss=8.603377
batch 4450/6296 loss=8.639686
batch 4500/6296 loss=11.099977
batch 4550/6296 loss=9.231106
batch 4600/6296 loss=10.126404
batch 4650/6296 loss=11.249652
batch 4700/6296 loss=8.728106
batch 4750/6296 loss=9.090241
batch 4800/6296 loss=9.376358
batch 4850/6296 loss=8.327325
batch 4900/6296 loss=9.347001
batch 4950/6296 loss=9.227340
batch 5000/6296 loss=8.725540
batch 5050/6296 loss=9.140030
batch 5100/6296 loss=8.424144
batch 5150/6296 loss=9.094037
batch 5200/6296 loss=12.958106
batch 5250/6296 loss=9.108992
batch 5300/6296 loss=9.718452
batch 5350/6296 loss=11.250362
batch 5400/6296 loss=10.421535
batch 5450/6296 loss=10.948587
batch 5500/6296 loss=9.167392
batch 5550/6296 loss=10.669123
batch 5600/6296 loss=9.007447
batch 5650/6296 loss=8.727206
batch 5700/6296 loss=10.546444
batch 5750/6296 loss=9.152020
batch 5800/6296 loss=8.988835
batch 5850/6296 loss=10.547256
batch 5900/6296 loss=8.338434
batch 5950/6296 loss=9.079017
batch 6000/6296 loss=9.090484
batch 6050/6296 loss=9.337733
batch 6100/6296 loss=15.791808
batch 6150/6296 loss=10.730477
batch 6200/6296 loss=8.977968
batch 6250/6296 loss=8.738427
epoch=5 train_loss=9.860431 val_loss=8.351833 best=5.840732 patience=4/50
batch 0/6296 loss=9.103500
batch 50/6296 loss=10.574933
batch 100/6296 loss=8.579640
batch 150/6296 loss=11.973414
batch 200/6296 loss=11.260464
batch 250/6296 loss=9.773269
batch 300/6296 loss=12.776439
batch 350/6296 loss=9.673529
batch 400/6296 loss=10.549586
batch 450/6296 loss=9.031433
batch 500/6296 loss=10.820122
batch 550/6296 loss=13.869123
batch 600/6296 loss=9.477207
batch 650/6296 loss=11.369397
batch 700/6296 loss=9.640006
batch 750/6296 loss=10.191690
batch 800/6296 loss=8.896918
batch 850/6296 loss=11.821426
batch 900/6296 loss=10.281778
batch 950/6296 loss=9.567276
batch 1000/6296 loss=8.775337
batch 1050/6296 loss=12.560306
batch 1100/6296 loss=10.294495
batch 1150/6296 loss=11.892717
batch 1200/6296 loss=11.499469
batch 1250/6296 loss=10.748285
batch 1300/6296 loss=9.256407
batch 1350/6296 loss=9.779030
batch 1400/6296 loss=9.039898
batch 1450/6296 loss=8.736352
batch 1500/6296 loss=9.717336
batch 1550/6296 loss=18.362410
batch 1600/6296 loss=9.140325
batch 1650/6296 loss=8.626893
batch 1700/6296 loss=9.233706
batch 1750/6296 loss=9.813912
batch 1800/6296 loss=9.608252
batch 1850/6296 loss=9.281783
batch 1900/6296 loss=15.189349
batch 1950/6296 loss=9.525856
batch 2000/6296 loss=9.566876
batch 2050/6296 loss=9.490722
batch 2100/6296 loss=10.570324
batch 2150/6296 loss=9.661138
batch 2200/6296 loss=10.813485
batch 2250/6296 loss=10.735950
batch 2300/6296 loss=11.792192
batch 2350/6296 loss=11.254311
batch 2400/6296 loss=9.385910
batch 2450/6296 loss=10.347382
batch 2500/6296 loss=10.383983
batch 2550/6296 loss=17.030231
batch 2600/6296 loss=11.504415
batch 2650/6296 loss=8.999421
batch 2700/6296 loss=14.045524
batch 2750/6296 loss=9.838041
batch 2800/6296 loss=10.591870
batch 2850/6296 loss=10.905242
batch 2900/6296 loss=9.327460
batch 2950/6296 loss=10.119700
batch 3000/6296 loss=9.179037
batch 3050/6296 loss=9.997731
batch 3100/6296 loss=11.922114
batch 3150/6296 loss=9.102296
batch 3200/6296 loss=8.955825
batch 3250/6296 loss=10.087312
batch 3300/6296 loss=10.972220
batch 3350/6296 loss=9.264897
batch 3400/6296 loss=9.664238
batch 3450/6296 loss=9.454341
batch 3500/6296 loss=11.495002
batch 3550/6296 loss=11.076763
batch 3600/6296 loss=11.825945
batch 3650/6296 loss=12.088843
batch 3700/6296 loss=10.866230
batch 3750/6296 loss=9.697641
batch 3800/6296 loss=10.879200
batch 3850/6296 loss=10.196207
batch 3900/6296 loss=10.759459
batch 3950/6296 loss=10.166788
batch 4000/6296 loss=12.254180
batch 4050/6296 loss=10.084108
batch 4100/6296 loss=10.827816
batch 4150/6296 loss=11.442604
batch 4200/6296 loss=10.360985
batch 4250/6296 loss=13.486585
batch 4300/6296 loss=11.697823
batch 4350/6296 loss=14.412137
batch 4400/6296 loss=9.894230
batch 4450/6296 loss=10.024010
batch 4500/6296 loss=11.232930
batch 4550/6296 loss=11.087071
batch 4600/6296 loss=11.444613
batch 4650/6296 loss=10.980872
batch 4700/6296 loss=10.432852
batch 4750/6296 loss=9.365642
batch 4800/6296 loss=11.905567
batch 4850/6296 loss=12.919359
batch 4900/6296 loss=11.747655
batch 4950/6296 loss=16.071758
batch 5000/6296 loss=11.195561
batch 5050/6296 loss=10.193912
batch 5100/6296 loss=10.726102
batch 5150/6296 loss=9.724548
batch 5200/6296 loss=9.471625
batch 5250/6296 loss=10.299915
batch 5300/6296 loss=10.002981
batch 5350/6296 loss=13.570212
batch 5400/6296 loss=11.035715
batch 5450/6296 loss=10.136670
batch 5500/6296 loss=11.057540
batch 5550/6296 loss=11.527334
batch 5600/6296 loss=9.962578
batch 5650/6296 loss=11.855746
batch 5700/6296 loss=10.136630
batch 5750/6296 loss=9.981990
batch 5800/6296 loss=10.491636
batch 5850/6296 loss=11.240626
batch 5900/6296 loss=10.828467
batch 5950/6296 loss=11.318560
batch 6000/6296 loss=10.443903
batch 6050/6296 loss=10.238960
batch 6100/6296 loss=12.765704
batch 6150/6296 loss=10.896358
batch 6200/6296 loss=16.442816
batch 6250/6296 loss=11.082892
epoch=6 train_loss=10.888268 val_loss=9.976641 best=5.840732 patience=5/50
batch 0/6296 loss=16.350311
batch 50/6296 loss=9.797211
batch 100/6296 loss=11.829017
batch 150/6296 loss=10.416877
batch 200/6296 loss=10.037724
batch 250/6296 loss=9.795033
batch 300/6296 loss=10.083968
batch 350/6296 loss=11.259042
batch 400/6296 loss=10.892055
batch 450/6296 loss=11.625358
batch 500/6296 loss=9.611623
batch 550/6296 loss=11.035985
batch 600/6296 loss=11.273196
batch 650/6296 loss=12.806285
batch 700/6296 loss=11.441411
batch 750/6296 loss=10.465836
batch 800/6296 loss=11.748578
batch 850/6296 loss=12.979883
batch 900/6296 loss=9.799362
batch 950/6296 loss=11.359932
batch 1000/6296 loss=10.169690
batch 1050/6296 loss=11.267148
batch 1100/6296 loss=11.150226
batch 1150/6296 loss=11.431688
batch 1200/6296 loss=10.623315
batch 1250/6296 loss=10.407875
batch 1300/6296 loss=10.737033
batch 1350/6296 loss=10.046638
batch 1400/6296 loss=14.883039
batch 1450/6296 loss=11.972007
batch 1500/6296 loss=9.948955
batch 1550/6296 loss=10.505852
batch 1600/6296 loss=10.889476
batch 1650/6296 loss=10.034922
batch 1700/6296 loss=10.550519
batch 1750/6296 loss=10.883699
batch 1800/6296 loss=11.307873
batch 1850/6296 loss=10.856603
batch 1900/6296 loss=11.801789
batch 1950/6296 loss=10.016804
batch 2000/6296 loss=10.114390
batch 2050/6296 loss=10.739867
batch 2100/6296 loss=10.592401
batch 2150/6296 loss=10.331708
batch 2200/6296 loss=10.439433
batch 2250/6296 loss=12.134908
batch 2300/6296 loss=12.455664
batch 2350/6296 loss=14.683866
batch 2400/6296 loss=18.431374
batch 2450/6296 loss=11.187967
batch 2500/6296 loss=10.866275
batch 2550/6296 loss=11.351573
batch 2600/6296 loss=11.524059
batch 2650/6296 loss=10.506270
batch 2700/6296 loss=11.023449
batch 2750/6296 loss=9.789845
batch 2800/6296 loss=10.443664
batch 2850/6296 loss=11.783759
batch 2900/6296 loss=12.484159
batch 2950/6296 loss=10.901755
batch 3000/6296 loss=11.078467
batch 3050/6296 loss=10.389063
batch 3100/6296 loss=10.646469
batch 3150/6296 loss=10.925928
batch 3200/6296 loss=10.571805
batch 3250/6296 loss=9.203812
batch 3300/6296 loss=10.123713
batch 3350/6296 loss=9.451606
batch 3400/6296 loss=10.160178
batch 3450/6296 loss=10.381599
batch 3500/6296 loss=9.932022
batch 3550/6296 loss=9.553234
batch 3600/6296 loss=10.356643
batch 3650/6296 loss=10.327234
batch 3700/6296 loss=12.042926
batch 3750/6296 loss=8.729565
batch 3800/6296 loss=9.719943
batch 3850/6296 loss=10.415848
batch 3900/6296 loss=9.182384
batch 3950/6296 loss=9.246346
batch 4000/6296 loss=8.682979
batch 4050/6296 loss=9.392572
batch 4100/6296 loss=9.840587
batch 4150/6296 loss=8.879431
batch 4200/6296 loss=8.673850
batch 4250/6296 loss=9.267745
batch 4300/6296 loss=9.402690
batch 4350/6296 loss=9.230629
batch 4400/6296 loss=9.149810
batch 4450/6296 loss=9.460463
batch 4500/6296 loss=9.203883
batch 4550/6296 loss=9.597972
batch 4600/6296 loss=9.380250
batch 4650/6296 loss=9.788449
batch 4700/6296 loss=8.350057
batch 4750/6296 loss=10.246331
batch 4800/6296 loss=8.923919
batch 4850/6296 loss=8.748957
batch 4900/6296 loss=8.922572
batch 4950/6296 loss=8.568826
batch 5000/6296 loss=9.416443
batch 5050/6296 loss=8.513240
batch 5100/6296 loss=8.960650
batch 5150/6296 loss=11.041817
batch 5200/6296 loss=9.235950
batch 5250/6296 loss=9.490417
batch 5300/6296 loss=9.347725
batch 5350/6296 loss=8.672668
batch 5400/6296 loss=8.859267
batch 5450/6296 loss=8.414161
batch 5500/6296 loss=8.825294
batch 5550/6296 loss=8.644590
batch 5600/6296 loss=9.112883
batch 5650/6296 loss=11.076518
batch 5700/6296 loss=9.957381
batch 5750/6296 loss=8.031893
batch 5800/6296 loss=10.598673
batch 5850/6296 loss=8.393842
batch 5900/6296 loss=8.576292
batch 5950/6296 loss=8.489505
batch 6000/6296 loss=8.452977
batch 6050/6296 loss=8.432940
batch 6100/6296 loss=7.762077
batch 6150/6296 loss=8.709033
batch 6200/6296 loss=10.564132
batch 6250/6296 loss=7.607136
epoch=7 train_loss=10.303137 val_loss=8.321107 best=5.840732 patience=6/50
batch 0/6296 loss=8.534048
batch 50/6296 loss=8.349953
batch 100/6296 loss=10.574653
batch 150/6296 loss=8.276793
batch 200/6296 loss=8.370245
batch 250/6296 loss=8.646399
batch 300/6296 loss=8.908889
batch 350/6296 loss=8.576485
batch 400/6296 loss=8.166403
batch 450/6296 loss=8.186658
batch 500/6296 loss=8.136523
batch 550/6296 loss=7.838336
batch 600/6296 loss=8.837746
batch 650/6296 loss=7.418938
batch 700/6296 loss=7.923523
batch 750/6296 loss=8.315595
batch 800/6296 loss=8.078082
batch 850/6296 loss=8.411458
batch 900/6296 loss=8.803112
batch 950/6296 loss=7.670554
batch 1000/6296 loss=9.313250
batch 1050/6296 loss=7.490949
batch 1100/6296 loss=8.834929
batch 1150/6296 loss=9.166194
batch 1200/6296 loss=8.608001
batch 1250/6296 loss=9.563188
batch 1300/6296 loss=11.451039
batch 1350/6296 loss=8.378870
batch 1400/6296 loss=8.697707
batch 1450/6296 loss=8.650329
batch 1500/6296 loss=8.341765
batch 1550/6296 loss=8.441852
batch 1600/6296 loss=8.293943
batch 1650/6296 loss=8.437845
batch 1700/6296 loss=7.919651
batch 1750/6296 loss=7.533536
batch 1800/6296 loss=8.385818
batch 1850/6296 loss=7.305669
batch 1900/6296 loss=8.293061
batch 1950/6296 loss=8.507527
batch 2000/6296 loss=8.007812
batch 2050/6296 loss=8.224526
batch 2100/6296 loss=7.776079
batch 2150/6296 loss=9.010545
batch 2200/6296 loss=7.471335
batch 2250/6296 loss=8.276087
batch 2300/6296 loss=7.345598
batch 2350/6296 loss=8.333063
batch 2400/6296 loss=8.262383
batch 2450/6296 loss=8.331912
batch 2500/6296 loss=8.115219
batch 2550/6296 loss=8.508698
batch 2600/6296 loss=8.395709
batch 2650/6296 loss=7.863589
batch 2700/6296 loss=7.759902
batch 2750/6296 loss=7.515491
batch 2800/6296 loss=7.653444
batch 2850/6296 loss=7.193902
batch 2900/6296 loss=7.488360
batch 2950/6296 loss=8.435567
batch 3000/6296 loss=7.870342
batch 3050/6296 loss=7.468631
batch 3100/6296 loss=7.916954
batch 3150/6296 loss=7.287128
batch 3200/6296 loss=7.015700
batch 3250/6296 loss=7.637104
batch 3300/6296 loss=8.406178
batch 3350/6296 loss=7.813005
batch 3400/6296 loss=7.482996
batch 3450/6296 loss=7.653296
batch 3500/6296 loss=7.433508
batch 3550/6296 loss=8.320993
batch 3600/6296 loss=8.307701
batch 3650/6296 loss=8.618444
batch 3700/6296 loss=8.037701
batch 3750/6296 loss=8.445249
batch 3800/6296 loss=8.890323
batch 3850/6296 loss=7.257776
batch 3900/6296 loss=7.667431
batch 3950/6296 loss=7.934653
batch 4000/6296 loss=7.761232
batch 4050/6296 loss=9.981117
batch 4100/6296 loss=7.492723
batch 4150/6296 loss=7.231719
batch 4200/6296 loss=7.487083
batch 4250/6296 loss=7.871507
batch 4300/6296 loss=7.953572
batch 4350/6296 loss=8.393257
batch 4400/6296 loss=7.396128
batch 4450/6296 loss=8.073494
batch 4500/6296 loss=7.786320
batch 4550/6296 loss=7.838476
batch 4600/6296 loss=7.905727
batch 4650/6296 loss=7.439369
batch 4700/6296 loss=7.570976
batch 4750/6296 loss=7.332593
batch 4800/6296 loss=7.823280
batch 4850/6296 loss=7.777467
batch 4900/6296 loss=8.325376
batch 4950/6296 loss=7.580835
batch 5000/6296 loss=7.845088
batch 5050/6296 loss=7.268268
batch 5100/6296 loss=7.923119
batch 5150/6296 loss=7.603290
batch 5200/6296 loss=7.671510
batch 5250/6296 loss=7.294276
batch 5300/6296 loss=7.753651
batch 5350/6296 loss=8.006824
batch 5400/6296 loss=7.451938
batch 5450/6296 loss=7.234970
batch 5500/6296 loss=7.621690
batch 5550/6296 loss=7.187134
batch 5600/6296 loss=7.682808
batch 5650/6296 loss=7.573566
batch 5700/6296 loss=7.611887
batch 5750/6296 loss=7.580411
batch 5800/6296 loss=7.310050
batch 5850/6296 loss=7.843763
batch 5900/6296 loss=7.554958
batch 5950/6296 loss=7.344241
batch 6000/6296 loss=7.553593
batch 6050/6296 loss=7.448939
batch 6100/6296 loss=8.004798
batch 6150/6296 loss=7.629643
batch 6200/6296 loss=8.165366
batch 6250/6296 loss=8.535211
epoch=8 train_loss=8.139110 val_loss=7.520728 best=5.840732 patience=7/50
batch 0/6296 loss=8.017283
batch 50/6296 loss=8.013708
batch 100/6296 loss=8.410113
batch 150/6296 loss=8.050292
batch 200/6296 loss=7.388342
batch 250/6296 loss=7.208398
batch 300/6296 loss=6.986192
batch 350/6296 loss=8.168497
batch 400/6296 loss=7.837021
batch 450/6296 loss=7.903403
batch 500/6296 loss=7.010280
batch 550/6296 loss=7.780396
batch 600/6296 loss=7.351010
batch 650/6296 loss=8.674937
batch 700/6296 loss=7.732573
batch 750/6296 loss=8.737479
batch 800/6296 loss=7.523798
batch 850/6296 loss=7.919388
batch 900/6296 loss=8.167597
batch 950/6296 loss=8.514400
batch 1000/6296 loss=8.276141
batch 1050/6296 loss=8.696271
batch 1100/6296 loss=7.834480
batch 1150/6296 loss=7.610936
batch 1200/6296 loss=7.518564
batch 1250/6296 loss=7.155982
batch 1300/6296 loss=7.732540
batch 1350/6296 loss=7.482477
batch 1400/6296 loss=7.269479
batch 1450/6296 loss=7.248824
batch 1500/6296 loss=7.349448
batch 1550/6296 loss=7.724265
batch 1600/6296 loss=7.720851
batch 1650/6296 loss=8.163994
batch 1700/6296 loss=7.414562
batch 1750/6296 loss=6.988065
batch 1800/6296 loss=7.822295
batch 1850/6296 loss=7.890836
batch 1900/6296 loss=7.732739
batch 1950/6296 loss=8.022158
batch 2000/6296 loss=7.458812
batch 2050/6296 loss=6.567196
batch 2100/6296 loss=7.731198
batch 2150/6296 loss=7.272027
batch 2200/6296 loss=7.615399
batch 2250/6296 loss=7.170470
batch 2300/6296 loss=7.227272
batch 2350/6296 loss=8.396935
batch 2400/6296 loss=7.494751
batch 2450/6296 loss=8.165932
batch 2500/6296 loss=8.572726
batch 2550/6296 loss=7.630397
batch 2600/6296 loss=7.199998
batch 2650/6296 loss=7.728641
batch 2700/6296 loss=7.429431
batch 2750/6296 loss=7.292014
batch 2800/6296 loss=8.372714
batch 2850/6296 loss=7.505184
batch 2900/6296 loss=7.723894
batch 2950/6296 loss=7.757027
batch 3000/6296 loss=6.685931
batch 3050/6296 loss=6.831715
batch 3100/6296 loss=6.835533
batch 3150/6296 loss=7.554352
batch 3200/6296 loss=7.536620
batch 3250/6296 loss=8.095357
batch 3300/6296 loss=7.471480
batch 3350/6296 loss=7.993845
batch 3400/6296 loss=7.034432
batch 3450/6296 loss=7.509496
batch 3500/6296 loss=8.772798
batch 3550/6296 loss=8.184907
batch 3600/6296 loss=6.997005
batch 3650/6296 loss=7.578162
batch 3700/6296 loss=8.027288
batch 3750/6296 loss=7.621648
batch 3800/6296 loss=7.748980
batch 3850/6296 loss=7.659716
batch 3900/6296 loss=7.420223
batch 3950/6296 loss=6.816663
batch 4000/6296 loss=7.388468
batch 4050/6296 loss=7.694475
batch 4100/6296 loss=7.972929
batch 4150/6296 loss=7.328520
batch 4200/6296 loss=7.222962
batch 4250/6296 loss=8.125125
batch 4300/6296 loss=7.477267
batch 4350/6296 loss=7.442694
batch 4400/6296 loss=7.761282
batch 4450/6296 loss=8.012740
batch 4500/6296 loss=8.136540
batch 4550/6296 loss=7.647458
batch 4600/6296 loss=9.090057
batch 4650/6296 loss=7.124115
batch 4700/6296 loss=7.444501
batch 4750/6296 loss=7.460121
batch 4800/6296 loss=7.540350
batch 4850/6296 loss=7.575717
batch 4900/6296 loss=7.748578
batch 4950/6296 loss=7.099792
batch 5000/6296 loss=7.449764
batch 5050/6296 loss=9.932927
batch 5100/6296 loss=7.844579
batch 5150/6296 loss=6.831642
batch 5200/6296 loss=7.748891
batch 5250/6296 loss=6.872473
batch 5300/6296 loss=7.884819
batch 5350/6296 loss=8.193766
batch 5400/6296 loss=8.048552
batch 5450/6296 loss=8.544477
batch 5500/6296 loss=8.237159
batch 5550/6296 loss=8.002719
batch 5600/6296 loss=7.755743
batch 5650/6296 loss=7.892175
batch 5700/6296 loss=8.121570
batch 5750/6296 loss=7.394454
batch 5800/6296 loss=7.063853
batch 5850/6296 loss=7.146469
batch 5900/6296 loss=7.805754
batch 5950/6296 loss=7.966564
batch 6000/6296 loss=7.750603
batch 6050/6296 loss=7.849036
batch 6100/6296 loss=7.239868
batch 6150/6296 loss=7.213670
batch 6200/6296 loss=7.797745
batch 6250/6296 loss=9.521881
epoch=9 train_loss=7.804503 val_loss=7.441850 best=5.840732 patience=8/50
batch 0/6296 loss=7.216698
batch 50/6296 loss=7.433241
batch 100/6296 loss=7.143050
batch 150/6296 loss=7.023708
batch 200/6296 loss=7.572640
batch 250/6296 loss=7.723909
batch 300/6296 loss=7.493070
batch 350/6296 loss=7.234656
batch 400/6296 loss=7.489136
batch 450/6296 loss=7.918977
batch 500/6296 loss=7.570006
batch 550/6296 loss=8.273109
batch 600/6296 loss=7.039979
batch 650/6296 loss=7.146608
batch 700/6296 loss=7.252903
batch 750/6296 loss=7.587340
batch 800/6296 loss=7.977483
batch 850/6296 loss=7.639290
batch 900/6296 loss=7.347007
batch 950/6296 loss=7.003868
batch 1000/6296 loss=8.065437
batch 1050/6296 loss=7.773953
batch 1100/6296 loss=7.564649
batch 1150/6296 loss=6.712908
batch 1200/6296 loss=7.283483
batch 1250/6296 loss=7.225852
batch 1300/6296 loss=7.291074
batch 1350/6296 loss=7.908681
batch 1400/6296 loss=6.852821
batch 1450/6296 loss=7.319069
batch 1500/6296 loss=7.255667
batch 1550/6296 loss=7.395807
batch 1600/6296 loss=10.285056
batch 1650/6296 loss=7.673308
batch 1700/6296 loss=7.536354
batch 1750/6296 loss=7.724571
batch 1800/6296 loss=7.141576
batch 1850/6296 loss=6.822744
batch 1900/6296 loss=7.422772
batch 1950/6296 loss=6.941040
batch 2000/6296 loss=7.362680
batch 2050/6296 loss=7.328350
batch 2100/6296 loss=7.923995
batch 2150/6296 loss=8.532204
batch 2200/6296 loss=6.938112
batch 2250/6296 loss=7.139550
batch 2300/6296 loss=7.797467
batch 2350/6296 loss=6.971835
batch 2400/6296 loss=7.763745
batch 2450/6296 loss=7.428722
batch 2500/6296 loss=8.347354
batch 2550/6296 loss=7.143620
batch 2600/6296 loss=7.225020
batch 2650/6296 loss=6.786289
batch 2700/6296 loss=7.460233
batch 2750/6296 loss=7.777161
batch 2800/6296 loss=8.171038
batch 2850/6296 loss=6.975255
batch 2900/6296 loss=7.874880
batch 2950/6296 loss=6.692143
batch 3000/6296 loss=6.962398
batch 3050/6296 loss=7.308849
batch 3100/6296 loss=7.320540
batch 3150/6296 loss=7.193298
batch 3200/6296 loss=6.968898
batch 3250/6296 loss=9.378886
batch 3300/6296 loss=6.975104
batch 3350/6296 loss=6.883873
batch 3400/6296 loss=8.297780
batch 3450/6296 loss=6.837534
batch 3500/6296 loss=8.240435
batch 3550/6296 loss=7.081769
batch 3600/6296 loss=6.990012
batch 3650/6296 loss=7.334045
batch 3700/6296 loss=7.907619
batch 3750/6296 loss=6.909279
batch 3800/6296 loss=7.651680
batch 3850/6296 loss=7.423922
batch 3900/6296 loss=8.016302
batch 3950/6296 loss=6.860292
batch 4000/6296 loss=6.931190
batch 4050/6296 loss=8.026759
batch 4100/6296 loss=7.387460
batch 4150/6296 loss=7.112841
batch 4200/6296 loss=6.977840
batch 4250/6296 loss=7.738451
batch 4300/6296 loss=7.098003
batch 4350/6296 loss=6.488896
batch 4400/6296 loss=7.370303
batch 4450/6296 loss=7.450182
batch 4500/6296 loss=7.632165
batch 4550/6296 loss=7.330904
batch 4600/6296 loss=7.939342
batch 4650/6296 loss=6.426041
batch 4700/6296 loss=6.696402
batch 4750/6296 loss=8.123639
batch 4800/6296 loss=7.029123
batch 4850/6296 loss=7.098225
batch 4900/6296 loss=7.516968
batch 4950/6296 loss=7.620277
batch 5000/6296 loss=7.848080
batch 5050/6296 loss=8.914699
batch 5100/6296 loss=6.545186
batch 5150/6296 loss=7.025502
batch 5200/6296 loss=7.879996
batch 5250/6296 loss=8.066024
batch 5300/6296 loss=7.177743
batch 5350/6296 loss=7.681790
batch 5400/6296 loss=7.399018
batch 5450/6296 loss=8.706125
batch 5500/6296 loss=7.447888
batch 5550/6296 loss=6.771794
batch 5600/6296 loss=7.094602
batch 5650/6296 loss=8.280101
batch 5700/6296 loss=7.668689
batch 5750/6296 loss=7.204923
batch 5800/6296 loss=7.817726
batch 5850/6296 loss=7.222641
batch 5900/6296 loss=6.367296
batch 5950/6296 loss=7.054001
batch 6000/6296 loss=7.056093
batch 6050/6296 loss=7.073205
batch 6100/6296 loss=7.434854
batch 6150/6296 loss=7.406663
batch 6200/6296 loss=7.934991
batch 6250/6296 loss=7.083515
epoch=10 train_loss=7.630955 val_loss=7.163273 best=5.840732 patience=9/50
batch 0/6296 loss=6.885248
batch 50/6296 loss=7.431883
batch 100/6296 loss=6.841736
batch 150/6296 loss=7.719468
batch 200/6296 loss=7.982082
batch 250/6296 loss=7.576029
batch 300/6296 loss=7.315076
batch 350/6296 loss=6.716583
batch 400/6296 loss=7.595380
batch 450/6296 loss=7.303171
batch 500/6296 loss=7.832162
batch 550/6296 loss=7.470990
batch 600/6296 loss=7.258902
batch 650/6296 loss=7.012760
batch 700/6296 loss=14.193056
batch 750/6296 loss=7.279735
batch 800/6296 loss=7.569190
batch 850/6296 loss=7.920723
batch 900/6296 loss=7.518616
batch 950/6296 loss=7.828655
batch 1000/6296 loss=7.403241
batch 1050/6296 loss=7.489424
batch 1100/6296 loss=8.077078
batch 1150/6296 loss=7.176132
batch 1200/6296 loss=7.128009
batch 1250/6296 loss=8.309290
batch 1300/6296 loss=7.448547
batch 1350/6296 loss=7.284593
batch 1400/6296 loss=7.828290
batch 1450/6296 loss=7.393691
batch 1500/6296 loss=7.931776
batch 1550/6296 loss=7.084962
batch 1600/6296 loss=8.507384
batch 1650/6296 loss=7.363792
batch 1700/6296 loss=7.952429
batch 1750/6296 loss=7.028984
batch 1800/6296 loss=7.205371
batch 1850/6296 loss=7.352477
batch 1900/6296 loss=7.677605
batch 1950/6296 loss=7.486629
batch 2000/6296 loss=8.042262
batch 2050/6296 loss=7.270731
batch 2100/6296 loss=7.251593
batch 2150/6296 loss=8.149676
batch 2200/6296 loss=7.523164
batch 2250/6296 loss=7.352323
batch 2300/6296 loss=7.749948
batch 2350/6296 loss=8.029910
batch 2400/6296 loss=7.853799
batch 2450/6296 loss=6.892735
batch 2500/6296 loss=7.452997
batch 2550/6296 loss=6.994429
batch 2600/6296 loss=7.352978
batch 2650/6296 loss=7.477979
batch 2700/6296 loss=7.173615
batch 2750/6296 loss=8.293235
batch 2800/6296 loss=7.539628
batch 2850/6296 loss=7.827541
batch 2900/6296 loss=7.039194
batch 2950/6296 loss=7.279690
batch 3000/6296 loss=8.443322
batch 3050/6296 loss=7.938058
batch 3100/6296 loss=7.496449
batch 3150/6296 loss=7.040260
batch 3200/6296 loss=8.076392
batch 3250/6296 loss=7.268734
batch 3300/6296 loss=6.840163
batch 3350/6296 loss=7.379951
batch 3400/6296 loss=8.597896
batch 3450/6296 loss=7.634529
batch 3500/6296 loss=7.560905
batch 3550/6296 loss=7.040599
batch 3600/6296 loss=7.098211
batch 3650/6296 loss=7.676157
batch 3700/6296 loss=7.378705
batch 3750/6296 loss=7.248891
batch 3800/6296 loss=7.716241
batch 3850/6296 loss=7.212867
batch 3900/6296 loss=7.368380
batch 3950/6296 loss=7.390125
batch 4000/6296 loss=6.837344
batch 4050/6296 loss=7.778398
batch 4100/6296 loss=7.157960
batch 4150/6296 loss=7.622829
batch 4200/6296 loss=8.135447
batch 4250/6296 loss=7.122559
batch 4300/6296 loss=6.959039
batch 4350/6296 loss=6.920691
batch 4400/6296 loss=7.312741
batch 4450/6296 loss=7.957902
batch 4500/6296 loss=7.580503
batch 4550/6296 loss=7.850929
batch 4600/6296 loss=7.796945
batch 4650/6296 loss=7.463764
batch 4700/6296 loss=7.209062
batch 4750/6296 loss=7.365491
batch 4800/6296 loss=7.230051
batch 4850/6296 loss=7.633892
batch 4900/6296 loss=7.336742
batch 4950/6296 loss=7.716798
batch 5000/6296 loss=7.740515
batch 5050/6296 loss=7.299018
batch 5100/6296 loss=7.713524
batch 5150/6296 loss=6.848289
batch 5200/6296 loss=7.388833
batch 5250/6296 loss=7.328331
batch 5300/6296 loss=7.585296
batch 5350/6296 loss=7.463365
batch 5400/6296 loss=7.081104
batch 5450/6296 loss=6.736917
batch 5500/6296 loss=7.267387
batch 5550/6296 loss=8.297398
batch 5600/6296 loss=7.062997
batch 5650/6296 loss=7.678276
batch 5700/6296 loss=6.356357
batch 5750/6296 loss=7.004103
batch 5800/6296 loss=6.991323
batch 5850/6296 loss=6.608315
batch 5900/6296 loss=7.901563
batch 5950/6296 loss=7.688519
batch 6000/6296 loss=7.664206
batch 6050/6296 loss=7.111366
batch 6100/6296 loss=7.107612
batch 6150/6296 loss=8.238201
batch 6200/6296 loss=7.522012
batch 6250/6296 loss=8.212983
epoch=11 train_loss=7.630324 val_loss=7.315186 best=5.840732 patience=10/50
batch 0/6296 loss=6.594760
batch 50/6296 loss=7.260429
batch 100/6296 loss=7.112809
batch 150/6296 loss=7.574544
batch 200/6296 loss=7.203476
batch 250/6296 loss=6.606569
batch 300/6296 loss=8.292188
batch 350/6296 loss=9.342555
batch 400/6296 loss=7.277798
batch 450/6296 loss=7.888625
batch 500/6296 loss=7.729575
batch 550/6296 loss=7.740985
batch 600/6296 loss=7.124713
batch 650/6296 loss=7.225726
batch 700/6296 loss=7.268086
batch 750/6296 loss=6.836475
batch 800/6296 loss=7.665161
batch 850/6296 loss=7.108321
batch 900/6296 loss=8.007932
batch 950/6296 loss=7.184117
batch 1000/6296 loss=7.645168
batch 1050/6296 loss=7.243362
batch 1100/6296 loss=8.691266
batch 1150/6296 loss=6.698318
batch 1200/6296 loss=7.221013
batch 1250/6296 loss=8.184146
batch 1300/6296 loss=7.442754
batch 1350/6296 loss=7.044683
batch 1400/6296 loss=7.568418
batch 1450/6296 loss=8.295572
batch 1500/6296 loss=7.604401
batch 1550/6296 loss=7.396738
batch 1600/6296 loss=9.668428
batch 1650/6296 loss=7.626456
batch 1700/6296 loss=7.362846
batch 1750/6296 loss=6.852335
batch 1800/6296 loss=7.377870
batch 1850/6296 loss=7.775799
batch 1900/6296 loss=7.736533
batch 1950/6296 loss=7.540721
batch 2000/6296 loss=8.530670
batch 2050/6296 loss=6.996986
batch 2100/6296 loss=6.734447
batch 2150/6296 loss=7.695294
batch 2200/6296 loss=7.210777
batch 2250/6296 loss=6.887817
batch 2300/6296 loss=7.482236
batch 2350/6296 loss=7.102829
batch 2400/6296 loss=9.432811
batch 2450/6296 loss=7.534973
batch 2500/6296 loss=7.564061
batch 2550/6296 loss=7.344899
batch 2600/6296 loss=9.357970
batch 2650/6296 loss=7.347927
batch 2700/6296 loss=7.567763
batch 2750/6296 loss=7.686789
batch 2800/6296 loss=6.825355
batch 2850/6296 loss=6.943257
batch 2900/6296 loss=6.857614
batch 2950/6296 loss=8.205751
batch 3000/6296 loss=7.956017
batch 3050/6296 loss=7.124795
batch 3100/6296 loss=7.330831
batch 3150/6296 loss=6.992638
batch 3200/6296 loss=7.428506
batch 3250/6296 loss=6.836433
batch 3300/6296 loss=7.209761
batch 3350/6296 loss=6.871280
batch 3400/6296 loss=7.267045
batch 3450/6296 loss=7.801321
batch 3500/6296 loss=6.748628
batch 3550/6296 loss=7.270128
batch 3600/6296 loss=7.487085
batch 3650/6296 loss=7.827614
batch 3700/6296 loss=7.036394
batch 3750/6296 loss=8.122683
batch 3800/6296 loss=8.409372
batch 3850/6296 loss=7.104938
batch 3900/6296 loss=6.582927
batch 3950/6296 loss=7.669069
batch 4000/6296 loss=6.721696
batch 4050/6296 loss=6.791904
batch 4100/6296 loss=7.164078
batch 4150/6296 loss=7.627156
batch 4200/6296 loss=7.479227
batch 4250/6296 loss=7.223470
batch 4300/6296 loss=7.228880
batch 4350/6296 loss=7.060347
batch 4400/6296 loss=7.096317
batch 4450/6296 loss=6.813361
batch 4500/6296 loss=7.743700
batch 4550/6296 loss=7.240929
batch 4600/6296 loss=7.582363
batch 4650/6296 loss=7.147429
batch 4700/6296 loss=7.936420
batch 4750/6296 loss=7.625174
batch 4800/6296 loss=7.092621
batch 4850/6296 loss=6.817722
batch 4900/6296 loss=7.919366
batch 4950/6296 loss=6.308420
batch 5000/6296 loss=6.708730
batch 5050/6296 loss=6.932588
batch 5100/6296 loss=6.914109
batch 5150/6296 loss=7.341172
batch 5200/6296 loss=7.573850
batch 5250/6296 loss=7.650927
batch 5300/6296 loss=8.018865
batch 5350/6296 loss=6.777550
batch 5400/6296 loss=7.616412
batch 5450/6296 loss=7.558603
batch 5500/6296 loss=7.202966
batch 5550/6296 loss=6.605161
batch 5600/6296 loss=7.293861
batch 5650/6296 loss=7.022130
batch 5700/6296 loss=7.465785
batch 5750/6296 loss=7.129636
batch 5800/6296 loss=7.857277
batch 5850/6296 loss=7.728009
batch 5900/6296 loss=6.593170
batch 5950/6296 loss=6.874358
batch 6000/6296 loss=7.262714
batch 6050/6296 loss=7.350566
batch 6100/6296 loss=7.103139
batch 6150/6296 loss=8.150116
batch 6200/6296 loss=8.061271
batch 6250/6296 loss=7.591457
epoch=12 train_loss=7.593999 val_loss=7.056939 best=5.840732 patience=11/50
batch 0/6296 loss=7.237606
batch 50/6296 loss=6.749794
batch 100/6296 loss=7.726234
batch 150/6296 loss=7.021091
batch 200/6296 loss=7.817501
batch 250/6296 loss=7.388229
batch 300/6296 loss=7.407059
batch 350/6296 loss=7.403211
batch 400/6296 loss=7.011115
batch 450/6296 loss=6.940494
batch 500/6296 loss=6.942566
batch 550/6296 loss=7.041623
batch 600/6296 loss=7.836614
batch 650/6296 loss=6.668523
batch 700/6296 loss=7.713428
batch 750/6296 loss=7.350415
batch 800/6296 loss=6.908578
batch 850/6296 loss=7.369254
batch 900/6296 loss=7.136499
batch 950/6296 loss=6.669751
batch 1000/6296 loss=6.956321
batch 1050/6296 loss=7.500856
batch 1100/6296 loss=7.426450
batch 1150/6296 loss=7.426127
batch 1200/6296 loss=6.692293
batch 1250/6296 loss=7.195581
batch 1300/6296 loss=6.825189
batch 1350/6296 loss=7.180574
batch 1400/6296 loss=6.675785
batch 1450/6296 loss=7.528696
batch 1500/6296 loss=7.289722
batch 1550/6296 loss=7.849555
batch 1600/6296 loss=7.157416
batch 1650/6296 loss=7.615438
batch 1700/6296 loss=8.452754
batch 1750/6296 loss=7.300978
batch 1800/6296 loss=7.350891
batch 1850/6296 loss=6.800426
batch 1900/6296 loss=7.002044
batch 1950/6296 loss=7.756250
batch 2000/6296 loss=8.306581
batch 2050/6296 loss=7.721912
batch 2100/6296 loss=8.375817
batch 2150/6296 loss=7.033756
batch 2200/6296 loss=7.529402
batch 2250/6296 loss=7.268728
batch 2300/6296 loss=7.161136
batch 2350/6296 loss=7.361742
batch 2400/6296 loss=7.398392
batch 2450/6296 loss=6.858928
batch 2500/6296 loss=7.429588
batch 2550/6296 loss=7.952518
batch 2600/6296 loss=7.862905
batch 2650/6296 loss=6.758365
batch 2700/6296 loss=7.123825
batch 2750/6296 loss=6.437335
batch 2800/6296 loss=7.329721
batch 2850/6296 loss=7.541318
batch 2900/6296 loss=7.410174
batch 2950/6296 loss=7.178151
batch 3000/6296 loss=6.251079
batch 3050/6296 loss=7.257511
batch 3100/6296 loss=7.199857
batch 3150/6296 loss=8.422694
batch 3200/6296 loss=7.898955
batch 3250/6296 loss=7.150331
batch 3300/6296 loss=7.727539
batch 3350/6296 loss=7.065099
batch 3400/6296 loss=7.380104
batch 3450/6296 loss=6.948339
batch 3500/6296 loss=7.186298
batch 3550/6296 loss=7.069974
batch 3600/6296 loss=7.022713
batch 3650/6296 loss=7.243554
batch 3700/6296 loss=7.197276
batch 3750/6296 loss=7.971714
batch 3800/6296 loss=6.657285
batch 3850/6296 loss=7.167933
batch 3900/6296 loss=6.704254
batch 3950/6296 loss=8.130160
batch 4000/6296 loss=7.181852
batch 4050/6296 loss=7.707753
batch 4100/6296 loss=6.789256
batch 4150/6296 loss=7.483794
batch 4200/6296 loss=7.102266
batch 4250/6296 loss=7.075870
batch 4300/6296 loss=8.563468
batch 4350/6296 loss=7.415077
batch 4400/6296 loss=7.287019
batch 4450/6296 loss=7.001445
batch 4500/6296 loss=6.639190
batch 4550/6296 loss=6.507471
batch 4600/6296 loss=7.575620
batch 4650/6296 loss=6.747247
batch 4700/6296 loss=7.964752
batch 4750/6296 loss=7.142466
batch 4800/6296 loss=7.490623
batch 4850/6296 loss=7.117624
batch 4900/6296 loss=7.180025
batch 4950/6296 loss=7.898521
batch 5000/6296 loss=7.566152
batch 5050/6296 loss=7.192657
batch 5100/6296 loss=7.031256
batch 5150/6296 loss=7.776649
batch 5200/6296 loss=6.266473
batch 5250/6296 loss=7.449625
batch 5300/6296 loss=7.226504
batch 5350/6296 loss=7.981706
batch 5400/6296 loss=7.174664
batch 5450/6296 loss=7.116616
batch 5500/6296 loss=7.686179
batch 5550/6296 loss=7.209639
batch 5600/6296 loss=7.207889
batch 5650/6296 loss=6.712172
batch 5700/6296 loss=7.042882
batch 5750/6296 loss=11.402834
batch 5800/6296 loss=8.997485
batch 5850/6296 loss=7.229492
batch 5900/6296 loss=6.745463
batch 5950/6296 loss=7.463179
batch 6000/6296 loss=7.189387
batch 6050/6296 loss=7.477254
batch 6100/6296 loss=7.642812
batch 6150/6296 loss=7.020782
batch 6200/6296 loss=7.159174
batch 6250/6296 loss=7.460178
epoch=13 train_loss=7.516794 val_loss=7.047723 best=5.840732 patience=12/50
batch 0/6296 loss=7.159024
batch 50/6296 loss=7.542114
batch 100/6296 loss=6.963696
batch 150/6296 loss=7.494541
batch 200/6296 loss=7.258453
batch 250/6296 loss=6.632816
batch 300/6296 loss=8.468143
batch 350/6296 loss=7.247339
batch 400/6296 loss=6.826847
batch 450/6296 loss=6.695842
batch 500/6296 loss=7.440158
batch 550/6296 loss=7.302733
batch 600/6296 loss=7.191182
batch 650/6296 loss=8.024289
batch 700/6296 loss=7.733386
batch 750/6296 loss=7.141484
batch 800/6296 loss=8.170524
batch 850/6296 loss=7.231043
batch 900/6296 loss=7.033433
batch 950/6296 loss=6.765105
batch 1000/6296 loss=7.354890
batch 1050/6296 loss=7.064006
batch 1100/6296 loss=7.068373
batch 1150/6296 loss=6.803993
batch 1200/6296 loss=7.990872
batch 1250/6296 loss=6.778372
batch 1300/6296 loss=7.197689
batch 1350/6296 loss=6.909054
batch 1400/6296 loss=7.515167
batch 1450/6296 loss=7.062522
batch 1500/6296 loss=6.815401
batch 1550/6296 loss=6.859998
batch 1600/6296 loss=7.644540
batch 1650/6296 loss=6.851569
batch 1700/6296 loss=6.332876
batch 1750/6296 loss=7.639710
batch 1800/6296 loss=6.677486
batch 1850/6296 loss=6.635499
batch 1900/6296 loss=7.231365
batch 1950/6296 loss=7.534173
batch 2000/6296 loss=6.607553
batch 2050/6296 loss=6.288035
batch 2100/6296 loss=7.003194
batch 2150/6296 loss=7.604124
batch 2200/6296 loss=6.830039
batch 2250/6296 loss=6.835969
batch 2300/6296 loss=8.091903
batch 2350/6296 loss=10.834702
batch 2400/6296 loss=6.707098
batch 2450/6296 loss=6.852251
batch 2500/6296 loss=7.127532
batch 2550/6296 loss=7.791289
batch 2600/6296 loss=7.231647
batch 2650/6296 loss=6.050545
batch 2700/6296 loss=7.114035
batch 2750/6296 loss=7.107863
batch 2800/6296 loss=7.071669
batch 2850/6296 loss=6.687870
batch 2900/6296 loss=7.811338
batch 2950/6296 loss=7.356825
batch 3000/6296 loss=6.739718
batch 3050/6296 loss=6.807984
batch 3100/6296 loss=6.182161
batch 3150/6296 loss=7.187625
batch 3200/6296 loss=8.263173
batch 3250/6296 loss=6.912000
batch 3300/6296 loss=6.958390
batch 3350/6296 loss=7.617771
batch 3400/6296 loss=7.026871
batch 3450/6296 loss=7.031153
batch 3500/6296 loss=6.783310
batch 3550/6296 loss=7.128613
batch 3600/6296 loss=7.446252
batch 3650/6296 loss=7.158286
batch 3700/6296 loss=6.909786
batch 3750/6296 loss=6.548184
batch 3800/6296 loss=8.283938
batch 3850/6296 loss=7.346524
batch 3900/6296 loss=8.670163
batch 3950/6296 loss=7.415255
batch 4000/6296 loss=6.878317
batch 4050/6296 loss=7.414066
batch 4100/6296 loss=7.024095
batch 4150/6296 loss=7.847479
batch 4200/6296 loss=6.822090
batch 4250/6296 loss=6.770947
batch 4300/6296 loss=6.758983
batch 4350/6296 loss=6.957166
batch 4400/6296 loss=7.427882
batch 4450/6296 loss=7.299035
batch 4500/6296 loss=7.527054
batch 4550/6296 loss=6.717511
batch 4600/6296 loss=8.166222
batch 4650/6296 loss=7.020715
batch 4700/6296 loss=6.968429
batch 4750/6296 loss=7.213559
batch 4800/6296 loss=7.734993
batch 4850/6296 loss=7.567333
batch 4900/6296 loss=6.965193
batch 4950/6296 loss=6.906407
batch 5000/6296 loss=6.980353
batch 5050/6296 loss=6.461840
batch 5100/6296 loss=6.814703
batch 5150/6296 loss=7.306555
batch 5200/6296 loss=6.898251
batch 5250/6296 loss=6.839484
batch 5300/6296 loss=6.823192
batch 5350/6296 loss=6.983086
batch 5400/6296 loss=9.116454
batch 5450/6296 loss=6.967770
batch 5500/6296 loss=7.069364
batch 5550/6296 loss=7.107957
batch 5600/6296 loss=7.738973
batch 5650/6296 loss=8.348762
batch 5700/6296 loss=7.009908
batch 5750/6296 loss=6.711450
batch 5800/6296 loss=7.559248
batch 5850/6296 loss=6.751925
batch 5900/6296 loss=7.975772
batch 5950/6296 loss=6.290637
batch 6000/6296 loss=6.536299
batch 6050/6296 loss=7.406398
batch 6100/6296 loss=6.301961
batch 6150/6296 loss=7.015730
batch 6200/6296 loss=7.070943
batch 6250/6296 loss=7.036595
epoch=14 train_loss=7.377681 val_loss=7.195219 best=5.840732 patience=13/50
batch 0/6296 loss=7.815569
batch 50/6296 loss=6.274648
batch 100/6296 loss=7.125040
batch 150/6296 loss=7.214374
batch 200/6296 loss=6.899806
batch 250/6296 loss=7.269998
batch 300/6296 loss=6.863946
batch 350/6296 loss=8.495049
batch 400/6296 loss=6.685175
batch 450/6296 loss=7.047740
batch 500/6296 loss=7.144894
batch 550/6296 loss=6.405853
batch 600/6296 loss=6.965096
batch 650/6296 loss=6.903057
batch 700/6296 loss=7.533161
batch 750/6296 loss=7.777400
batch 800/6296 loss=6.767985
batch 850/6296 loss=7.287927
batch 900/6296 loss=7.548749
batch 950/6296 loss=6.756885
batch 1000/6296 loss=7.256097
batch 1050/6296 loss=6.863193
batch 1100/6296 loss=7.449481
batch 1150/6296 loss=6.614337
batch 1200/6296 loss=7.470075
batch 1250/6296 loss=7.085396
batch 1300/6296 loss=7.029649
batch 1350/6296 loss=7.061334
batch 1400/6296 loss=6.720688
batch 1450/6296 loss=7.201497
batch 1500/6296 loss=7.818634
batch 1550/6296 loss=7.381986
batch 1600/6296 loss=7.343432
batch 1650/6296 loss=6.847270
batch 1700/6296 loss=6.696773
batch 1750/6296 loss=7.185112
batch 1800/6296 loss=6.982040
batch 1850/6296 loss=6.861391
batch 1900/6296 loss=7.436850
batch 1950/6296 loss=6.954413
batch 2000/6296 loss=7.176171
batch 2050/6296 loss=8.492072
batch 2100/6296 loss=7.123483
batch 2150/6296 loss=7.442644
batch 2200/6296 loss=7.457809
batch 2250/6296 loss=8.032681
batch 2300/6296 loss=6.991053
batch 2350/6296 loss=6.908235
batch 2400/6296 loss=7.320201
batch 2450/6296 loss=7.315904
batch 2500/6296 loss=7.501934
batch 2550/6296 loss=6.471155
batch 2600/6296 loss=6.732854
batch 2650/6296 loss=6.754579
batch 2700/6296 loss=7.086830
batch 2750/6296 loss=6.541322
batch 2800/6296 loss=7.066635
batch 2850/6296 loss=6.437618
batch 2900/6296 loss=8.166783
batch 2950/6296 loss=6.756880
batch 3000/6296 loss=7.316408
batch 3050/6296 loss=7.995546
batch 3100/6296 loss=6.914427
batch 3150/6296 loss=6.683974
batch 3200/6296 loss=6.861116
batch 3250/6296 loss=7.216244
batch 3300/6296 loss=9.637679
batch 3350/6296 loss=6.733834
batch 3400/6296 loss=6.729950
batch 3450/6296 loss=6.677751
batch 3500/6296 loss=6.963692
batch 3550/6296 loss=7.490328
batch 3600/6296 loss=6.889178
batch 3650/6296 loss=6.236534
batch 3700/6296 loss=7.221130
batch 3750/6296 loss=6.569520
batch 3800/6296 loss=7.220859
batch 3850/6296 loss=7.488758
batch 3900/6296 loss=7.130087
batch 3950/6296 loss=6.806119
batch 4000/6296 loss=7.493431
batch 4050/6296 loss=6.889304
batch 4100/6296 loss=7.539281
batch 4150/6296 loss=8.225394
batch 4200/6296 loss=7.311828
batch 4250/6296 loss=7.679138
batch 4300/6296 loss=7.010892
batch 4350/6296 loss=7.214809
batch 4400/6296 loss=7.460102
batch 4450/6296 loss=7.636701
batch 4500/6296 loss=7.341385
batch 4550/6296 loss=6.606311
batch 4600/6296 loss=6.900514
batch 4650/6296 loss=7.124235
batch 4700/6296 loss=7.218168
batch 4750/6296 loss=7.947408
batch 4800/6296 loss=7.349783
batch 4850/6296 loss=6.527183
batch 4900/6296 loss=7.245075
batch 4950/6296 loss=7.234919
batch 5000/6296 loss=6.818399
batch 5050/6296 loss=7.086723
batch 5100/6296 loss=7.326167
batch 5150/6296 loss=7.016840
batch 5200/6296 loss=7.529376
batch 5250/6296 loss=7.583702
batch 5300/6296 loss=7.129295
batch 5350/6296 loss=7.234798
batch 5400/6296 loss=5.992158
batch 5450/6296 loss=7.775865
batch 5500/6296 loss=7.029363
batch 5550/6296 loss=7.761930
batch 5600/6296 loss=7.576427
batch 5650/6296 loss=7.253963
batch 5700/6296 loss=7.640790
batch 5750/6296 loss=6.548797
batch 5800/6296 loss=7.323463
batch 5850/6296 loss=7.141719
batch 5900/6296 loss=7.652751
batch 5950/6296 loss=6.999065
batch 6000/6296 loss=7.673698
batch 6050/6296 loss=6.970015
batch 6100/6296 loss=6.354212
batch 6150/6296 loss=7.450687
batch 6200/6296 loss=7.221960
batch 6250/6296 loss=7.352941
epoch=15 train_loss=7.392127 val_loss=7.202211 best=5.840732 patience=14/50
batch 0/6296 loss=7.349111
batch 50/6296 loss=7.119514
batch 100/6296 loss=7.548850
batch 150/6296 loss=7.085320
batch 200/6296 loss=7.114974
batch 250/6296 loss=6.203151
batch 300/6296 loss=6.897970
batch 350/6296 loss=6.781793
batch 400/6296 loss=7.816017
batch 450/6296 loss=6.796360
batch 500/6296 loss=6.755251
batch 550/6296 loss=6.686081
batch 600/6296 loss=7.507137
batch 650/6296 loss=6.173578
batch 700/6296 loss=7.456571
batch 750/6296 loss=7.118245
batch 800/6296 loss=7.125443
batch 850/6296 loss=6.299146
batch 900/6296 loss=6.370690
batch 950/6296 loss=6.961589
batch 1000/6296 loss=6.249699
batch 1050/6296 loss=8.203488
batch 1100/6296 loss=7.160587
batch 1150/6296 loss=7.336711
batch 1200/6296 loss=7.294899
batch 1250/6296 loss=7.402254
batch 1300/6296 loss=6.839374
batch 1350/6296 loss=7.216879
batch 1400/6296 loss=6.790884
batch 1450/6296 loss=6.622339
batch 1500/6296 loss=7.347282
batch 1550/6296 loss=7.043294
batch 1600/6296 loss=6.462668
batch 1650/6296 loss=8.529469
batch 1700/6296 loss=6.947231
batch 1750/6296 loss=6.100626
batch 1800/6296 loss=6.507204
batch 1850/6296 loss=7.230368
batch 1900/6296 loss=6.616325
batch 1950/6296 loss=6.613545
batch 2000/6296 loss=6.583751
batch 2050/6296 loss=7.091991
batch 2100/6296 loss=6.779401
batch 2150/6296 loss=7.256760
batch 2200/6296 loss=6.957658
batch 2250/6296 loss=7.637091
batch 2300/6296 loss=7.241632
batch 2350/6296 loss=7.638396
batch 2400/6296 loss=7.578139
batch 2450/6296 loss=6.955389
batch 2500/6296 loss=6.836400
batch 2550/6296 loss=7.196163
batch 2600/6296 loss=6.698910
batch 2650/6296 loss=5.885237
batch 2700/6296 loss=7.525111
batch 2750/6296 loss=7.171233
batch 2800/6296 loss=6.964958
batch 2850/6296 loss=7.253939
batch 2900/6296 loss=7.591823
batch 2950/6296 loss=6.621549
batch 3000/6296 loss=7.385080
batch 3050/6296 loss=7.776764
batch 3100/6296 loss=6.854569
batch 3150/6296 loss=6.176695
batch 3200/6296 loss=7.115972
batch 3250/6296 loss=6.966747
batch 3300/6296 loss=7.035882
batch 3350/6296 loss=6.466577
batch 3400/6296 loss=6.998537
batch 3450/6296 loss=6.510330
batch 3500/6296 loss=8.156043
batch 3550/6296 loss=7.526559
batch 3600/6296 loss=7.251727
batch 3650/6296 loss=6.510743
batch 3700/6296 loss=6.841913
batch 3750/6296 loss=6.412895
batch 3800/6296 loss=6.507510
batch 3850/6296 loss=7.322824
batch 3900/6296 loss=7.334610
batch 3950/6296 loss=6.695998
batch 4000/6296 loss=7.481247
batch 4050/6296 loss=7.286760
batch 4100/6296 loss=6.962160
batch 4150/6296 loss=7.457503
batch 4200/6296 loss=6.533733
batch 4250/6296 loss=7.970467
batch 4300/6296 loss=7.255762
batch 4350/6296 loss=6.774170
batch 4400/6296 loss=7.146592
batch 4450/6296 loss=7.591580
batch 4500/6296 loss=6.518751
batch 4550/6296 loss=7.289558
batch 4600/6296 loss=6.692424
batch 4650/6296 loss=7.090291
batch 4700/6296 loss=7.238468
batch 4750/6296 loss=6.554417
batch 4800/6296 loss=6.337924
batch 4850/6296 loss=6.770093
batch 4900/6296 loss=7.116863
batch 4950/6296 loss=8.091256
batch 5000/6296 loss=6.523140
batch 5050/6296 loss=7.666226
batch 5100/6296 loss=6.797981
batch 5150/6296 loss=9.163936
batch 5200/6296 loss=6.917942
batch 5250/6296 loss=7.030750
batch 5300/6296 loss=6.623204
batch 5350/6296 loss=7.070527
batch 5400/6296 loss=6.991704
batch 5450/6296 loss=6.901811
batch 5500/6296 loss=6.457804
batch 5550/6296 loss=6.221145
batch 5600/6296 loss=6.592345
batch 5650/6296 loss=7.187354
batch 5700/6296 loss=7.466775
batch 5750/6296 loss=6.220654
batch 5800/6296 loss=7.154657
batch 5850/6296 loss=7.090509
batch 5900/6296 loss=6.456212
batch 5950/6296 loss=6.699945
batch 6000/6296 loss=6.574144
batch 6050/6296 loss=7.056784
batch 6100/6296 loss=6.929310
batch 6150/6296 loss=6.900454
batch 6200/6296 loss=8.120386
batch 6250/6296 loss=7.354652
epoch=16 train_loss=7.302219 val_loss=6.992280 best=5.840732 patience=15/50
batch 0/6296 loss=7.285110
batch 50/6296 loss=6.815625
batch 100/6296 loss=7.225713
batch 150/6296 loss=6.920737
batch 200/6296 loss=8.542778
batch 250/6296 loss=7.029337
batch 300/6296 loss=6.600272
batch 350/6296 loss=5.954095
batch 400/6296 loss=6.327828
batch 450/6296 loss=7.967763
batch 500/6296 loss=6.864415
batch 550/6296 loss=6.410045
batch 600/6296 loss=7.331198
batch 650/6296 loss=6.783026
batch 700/6296 loss=6.762321
batch 750/6296 loss=6.914115
batch 800/6296 loss=7.198808
batch 850/6296 loss=7.360170
batch 900/6296 loss=7.653017
batch 950/6296 loss=6.757949
batch 1000/6296 loss=7.254954
batch 1050/6296 loss=6.937442
batch 1100/6296 loss=6.975649
batch 1150/6296 loss=6.748968
batch 1200/6296 loss=7.545818
batch 1250/6296 loss=8.073595
batch 1300/6296 loss=8.564401
batch 1350/6296 loss=6.537751
batch 1400/6296 loss=6.118083
batch 1450/6296 loss=6.515579
batch 1500/6296 loss=6.779805
batch 1550/6296 loss=7.974610
batch 1600/6296 loss=7.016441
batch 1650/6296 loss=7.027242
batch 1700/6296 loss=7.250567
batch 1750/6296 loss=7.630445
batch 1800/6296 loss=6.518280
batch 1850/6296 loss=7.539875
batch 1900/6296 loss=6.870352
batch 1950/6296 loss=7.501626
batch 2000/6296 loss=7.528253
batch 2050/6296 loss=6.699825
batch 2100/6296 loss=7.443231
batch 2150/6296 loss=5.986361
batch 2200/6296 loss=7.246119
batch 2250/6296 loss=6.247014
batch 2300/6296 loss=6.613366
batch 2350/6296 loss=6.148003
batch 2400/6296 loss=6.673000
batch 2450/6296 loss=6.154891
batch 2500/6296 loss=6.495870
batch 2550/6296 loss=6.754254
batch 2600/6296 loss=7.611387
batch 2650/6296 loss=6.236621
batch 2700/6296 loss=6.714798
batch 2750/6296 loss=7.360649
batch 2800/6296 loss=6.501621
batch 2850/6296 loss=6.505212
batch 2900/6296 loss=6.508744
batch 2950/6296 loss=6.677410
batch 3000/6296 loss=6.736154
batch 3050/6296 loss=7.029379
batch 3100/6296 loss=7.154891
batch 3150/6296 loss=6.896724
batch 3200/6296 loss=7.085159
batch 3250/6296 loss=7.281671
batch 3300/6296 loss=7.067736
batch 3350/6296 loss=6.687698
batch 3400/6296 loss=6.654871
batch 3450/6296 loss=6.662064
batch 3500/6296 loss=7.075612
batch 3550/6296 loss=6.373518
batch 3600/6296 loss=6.837583
batch 3650/6296 loss=6.849870
batch 3700/6296 loss=6.576998
batch 3750/6296 loss=7.022228
batch 3800/6296 loss=7.071758
batch 3850/6296 loss=6.595615
batch 3900/6296 loss=7.048963
batch 3950/6296 loss=8.510202
batch 4000/6296 loss=6.521495
batch 4050/6296 loss=7.291459
batch 4100/6296 loss=6.464377
batch 4150/6296 loss=6.664535
batch 4200/6296 loss=6.927334
batch 4250/6296 loss=7.453462
batch 4300/6296 loss=7.392438
batch 4350/6296 loss=6.326999
batch 4400/6296 loss=6.929416
batch 4450/6296 loss=7.382745
batch 4500/6296 loss=7.240566
batch 4550/6296 loss=6.638828
batch 4600/6296 loss=6.553372
batch 4650/6296 loss=6.908611
batch 4700/6296 loss=6.636195
batch 4750/6296 loss=6.750133
batch 4800/6296 loss=7.460497
batch 4850/6296 loss=6.483329
batch 4900/6296 loss=7.092453
batch 4950/6296 loss=6.893243
batch 5000/6296 loss=6.723099
batch 5050/6296 loss=7.863893
batch 5100/6296 loss=8.081328
batch 5150/6296 loss=6.988412
batch 5200/6296 loss=7.186674
batch 5250/6296 loss=7.117681
batch 5300/6296 loss=6.820436
batch 5350/6296 loss=8.027720
batch 5400/6296 loss=6.465839
batch 5450/6296 loss=8.438093
batch 5500/6296 loss=6.646951
batch 5550/6296 loss=6.823273
batch 5600/6296 loss=7.958760
batch 5650/6296 loss=7.004154
batch 5700/6296 loss=7.320786
batch 5750/6296 loss=6.010828
batch 5800/6296 loss=6.376811
batch 5850/6296 loss=6.215119
batch 5900/6296 loss=6.804977
batch 5950/6296 loss=6.730338
batch 6000/6296 loss=6.611841
batch 6050/6296 loss=6.821561
batch 6100/6296 loss=6.475440
batch 6150/6296 loss=6.007653
batch 6200/6296 loss=7.245697
batch 6250/6296 loss=6.399204
epoch=17 train_loss=7.294668 val_loss=6.980320 best=5.840732 patience=16/50
batch 0/6296 loss=7.482550
batch 50/6296 loss=6.927951
batch 100/6296 loss=6.767487
batch 150/6296 loss=6.411864
batch 200/6296 loss=6.507532
batch 250/6296 loss=7.268465
batch 300/6296 loss=7.006978
batch 350/6296 loss=6.866219
batch 400/6296 loss=6.813954
batch 450/6296 loss=6.344620
batch 500/6296 loss=6.642645
batch 550/6296 loss=6.767209
batch 600/6296 loss=6.390338
batch 650/6296 loss=6.495735
batch 700/6296 loss=7.576871
batch 750/6296 loss=7.174712
batch 800/6296 loss=6.562952
batch 850/6296 loss=6.302997
batch 900/6296 loss=7.010562
batch 950/6296 loss=6.988999
batch 1000/6296 loss=7.313785
batch 1050/6296 loss=6.962646
batch 1100/6296 loss=6.537552
batch 1150/6296 loss=7.034299
batch 1200/6296 loss=6.650199
batch 1250/6296 loss=6.952068
batch 1300/6296 loss=6.806489
batch 1350/6296 loss=6.501023
batch 1400/6296 loss=6.808808
batch 1450/6296 loss=7.069023
batch 1500/6296 loss=6.332000
batch 1550/6296 loss=6.877832
batch 1600/6296 loss=6.983217
batch 1650/6296 loss=6.745600
batch 1700/6296 loss=7.581502
batch 1750/6296 loss=5.971334
batch 1800/6296 loss=6.960921
batch 1850/6296 loss=6.377008
batch 1900/6296 loss=6.571204
batch 1950/6296 loss=6.687936
batch 2000/6296 loss=6.410339
batch 2050/6296 loss=6.830800
batch 2100/6296 loss=7.542812
batch 2150/6296 loss=6.820480
batch 2200/6296 loss=7.395730
batch 2250/6296 loss=6.936583
batch 2300/6296 loss=7.076097
batch 2350/6296 loss=6.610608
batch 2400/6296 loss=7.137775
batch 2450/6296 loss=6.823744
batch 2500/6296 loss=6.555687
batch 2550/6296 loss=7.272526
batch 2600/6296 loss=7.099668
batch 2650/6296 loss=6.845265
batch 2700/6296 loss=6.697381
batch 2750/6296 loss=7.034383
batch 2800/6296 loss=6.912045
batch 2850/6296 loss=7.351148
batch 2900/6296 loss=6.256247
batch 2950/6296 loss=7.536223
batch 3000/6296 loss=7.776399
batch 3050/6296 loss=6.631340
batch 3100/6296 loss=7.040572
batch 3150/6296 loss=6.300089
batch 3200/6296 loss=7.374107
batch 3250/6296 loss=6.407755
batch 3300/6296 loss=6.213028
batch 3350/6296 loss=7.072122
batch 3400/6296 loss=7.431726
batch 3450/6296 loss=6.471948
batch 3500/6296 loss=6.232852
batch 3550/6296 loss=6.623577
batch 3600/6296 loss=7.756998
batch 3650/6296 loss=6.442412
batch 3700/6296 loss=6.311162
batch 3750/6296 loss=6.401676
batch 3800/6296 loss=6.186462
batch 3850/6296 loss=6.631219
batch 3900/6296 loss=7.336320
batch 3950/6296 loss=6.959522
batch 4000/6296 loss=6.871408
batch 4050/6296 loss=6.060171
batch 4100/6296 loss=5.890157
batch 4150/6296 loss=6.445335
batch 4200/6296 loss=7.259086
batch 4250/6296 loss=6.655048
batch 4300/6296 loss=6.987324
batch 4350/6296 loss=6.180852
batch 4400/6296 loss=6.657337
batch 4450/6296 loss=6.630333
batch 4500/6296 loss=6.168015
batch 4550/6296 loss=6.455917
batch 4600/6296 loss=8.339884
batch 4650/6296 loss=6.521736
batch 4700/6296 loss=6.632445
batch 4750/6296 loss=6.729926
batch 4800/6296 loss=6.270741
batch 4850/6296 loss=7.463220
batch 4900/6296 loss=7.080719
batch 4950/6296 loss=6.371216
batch 5000/6296 loss=6.982324
batch 5050/6296 loss=6.465566
batch 5100/6296 loss=6.699356
batch 5150/6296 loss=6.486693
batch 5200/6296 loss=6.742242
batch 5250/6296 loss=7.066095
batch 5300/6296 loss=7.197381
batch 5350/6296 loss=6.931237
batch 5400/6296 loss=7.566817
batch 5450/6296 loss=6.666055
batch 5500/6296 loss=7.501640
batch 5550/6296 loss=7.038709
batch 5600/6296 loss=7.190213
batch 5650/6296 loss=6.775211
batch 5700/6296 loss=6.760015
batch 5750/6296 loss=6.158124
batch 5800/6296 loss=6.765762
batch 5850/6296 loss=7.144929
batch 5900/6296 loss=6.422396
batch 5950/6296 loss=6.516299
batch 6000/6296 loss=7.242305
batch 6050/6296 loss=7.178464
batch 6100/6296 loss=6.192586
batch 6150/6296 loss=7.050591
batch 6200/6296 loss=6.791846
batch 6250/6296 loss=6.601665
epoch=18 train_loss=7.112606 val_loss=6.909177 best=5.840732 patience=17/50
batch 0/6296 loss=7.217708
batch 50/6296 loss=6.115369
batch 100/6296 loss=7.313196
batch 150/6296 loss=6.712407
batch 200/6296 loss=6.739130
batch 250/6296 loss=6.389690
batch 300/6296 loss=6.722739
batch 350/6296 loss=7.142673
batch 400/6296 loss=6.062815
batch 450/6296 loss=6.464462
batch 500/6296 loss=6.406353
batch 550/6296 loss=8.612781
batch 600/6296 loss=7.477971
batch 650/6296 loss=6.183510
batch 700/6296 loss=6.441667
batch 750/6296 loss=7.880890
batch 800/6296 loss=5.993975
batch 850/6296 loss=6.971208
batch 900/6296 loss=7.546222
batch 950/6296 loss=6.781785
batch 1000/6296 loss=6.450462
batch 1050/6296 loss=6.401741
batch 1100/6296 loss=6.529268
batch 1150/6296 loss=6.832811
batch 1200/6296 loss=6.844467
batch 1250/6296 loss=6.754868
batch 1300/6296 loss=7.243039
batch 1350/6296 loss=6.887784
batch 1400/6296 loss=7.390979
batch 1450/6296 loss=6.900786
batch 1500/6296 loss=6.330916
batch 1550/6296 loss=6.370643
batch 1600/6296 loss=7.110513
batch 1650/6296 loss=7.801831
batch 1700/6296 loss=7.021399
batch 1750/6296 loss=6.841415
batch 1800/6296 loss=7.279436
batch 1850/6296 loss=6.658385
batch 1900/6296 loss=6.055825
batch 1950/6296 loss=6.541650
batch 2000/6296 loss=6.088707
batch 2050/6296 loss=7.887064
batch 2100/6296 loss=7.385139
batch 2150/6296 loss=6.983337
batch 2200/6296 loss=6.355600
batch 2250/6296 loss=6.167255
batch 2300/6296 loss=5.991642
batch 2350/6296 loss=6.490270
batch 2400/6296 loss=6.733575
batch 2450/6296 loss=6.975166
batch 2500/6296 loss=6.278321
batch 2550/6296 loss=6.068635
batch 2600/6296 loss=6.491357
batch 2650/6296 loss=6.254867
batch 2700/6296 loss=6.332616
batch 2750/6296 loss=7.053659
batch 2800/6296 loss=6.019664
batch 2850/6296 loss=7.077419
batch 2900/6296 loss=7.742712
batch 2950/6296 loss=7.117615
batch 3000/6296 loss=6.603151
batch 3050/6296 loss=5.940018
batch 3100/6296 loss=7.732343
batch 3150/6296 loss=6.058246
batch 3200/6296 loss=6.757730
batch 3250/6296 loss=6.107095
batch 3300/6296 loss=6.710386
batch 3350/6296 loss=6.046175
batch 3400/6296 loss=6.187500
batch 3450/6296 loss=6.603166
batch 3500/6296 loss=6.748435
batch 3550/6296 loss=7.122623
batch 3600/6296 loss=7.223667
batch 3650/6296 loss=7.047771
batch 3700/6296 loss=6.766103
batch 3750/6296 loss=6.632791
batch 3800/6296 loss=6.668230
batch 3850/6296 loss=7.294750
batch 3900/6296 loss=7.166388
batch 3950/6296 loss=7.231366
batch 4000/6296 loss=7.364021
batch 4050/6296 loss=7.198387
batch 4100/6296 loss=6.647415
batch 4150/6296 loss=6.101010
batch 4200/6296 loss=6.596214
batch 4250/6296 loss=7.750655
batch 4300/6296 loss=6.116806
batch 4350/6296 loss=6.203622
batch 4400/6296 loss=6.580597
batch 4450/6296 loss=6.959612
batch 4500/6296 loss=6.783390
batch 4550/6296 loss=6.892287
batch 4600/6296 loss=6.443096
batch 4650/6296 loss=6.108546
batch 4700/6296 loss=8.168845
batch 4750/6296 loss=7.209905
batch 4800/6296 loss=6.678195
batch 4850/6296 loss=6.098576
batch 4900/6296 loss=6.586288
batch 4950/6296 loss=7.033315
batch 5000/6296 loss=7.655577
batch 5050/6296 loss=7.162772
batch 5100/6296 loss=6.474676
batch 5150/6296 loss=7.445935
batch 5200/6296 loss=6.673696
batch 5250/6296 loss=6.280613
batch 5300/6296 loss=6.018732
batch 5350/6296 loss=6.806806
batch 5400/6296 loss=7.307947
batch 5450/6296 loss=6.946365
batch 5500/6296 loss=6.886647
batch 5550/6296 loss=6.335563
batch 5600/6296 loss=6.526218
batch 5650/6296 loss=6.027596
batch 5700/6296 loss=6.429103
batch 5750/6296 loss=6.304656
batch 5800/6296 loss=7.051404
batch 5850/6296 loss=7.264761
batch 5900/6296 loss=7.388507
batch 5950/6296 loss=6.638491
batch 6000/6296 loss=7.108716
batch 6050/6296 loss=7.124380
batch 6100/6296 loss=6.504106
batch 6150/6296 loss=6.223306
batch 6200/6296 loss=6.528349
batch 6250/6296 loss=7.378440
epoch=19 train_loss=7.061451 val_loss=6.681745 best=5.840732 patience=18/50
batch 0/6296 loss=6.673401
batch 50/6296 loss=6.636470
batch 100/6296 loss=6.250706
batch 150/6296 loss=6.795418
batch 200/6296 loss=7.800626
batch 250/6296 loss=6.897164
batch 300/6296 loss=6.122978
batch 350/6296 loss=7.321603
batch 400/6296 loss=5.973928
batch 450/6296 loss=6.672092
batch 500/6296 loss=6.291588
batch 550/6296 loss=6.586615
batch 600/6296 loss=7.070470
batch 650/6296 loss=7.634525
batch 700/6296 loss=6.648960
batch 750/6296 loss=6.764260
batch 800/6296 loss=6.972486
batch 850/6296 loss=8.057611
batch 900/6296 loss=7.897087
batch 950/6296 loss=7.019349
batch 1000/6296 loss=6.180377
batch 1050/6296 loss=6.476570
batch 1100/6296 loss=7.757108
batch 1150/6296 loss=6.954432
batch 1200/6296 loss=7.481540
batch 1250/6296 loss=6.167253
batch 1300/6296 loss=6.827332
batch 1350/6296 loss=6.662828
batch 1400/6296 loss=6.096045
batch 1450/6296 loss=5.879034
batch 1500/6296 loss=6.637616
batch 1550/6296 loss=7.066251
batch 1600/6296 loss=6.890146
batch 1650/6296 loss=6.005011
batch 1700/6296 loss=6.831819
batch 1750/6296 loss=7.644379
batch 1800/6296 loss=5.943994
batch 1850/6296 loss=6.717586
batch 1900/6296 loss=6.470330
batch 1950/6296 loss=6.357374
batch 2000/6296 loss=6.512137
batch 2050/6296 loss=7.049367
batch 2100/6296 loss=7.016593
batch 2150/6296 loss=7.203106
batch 2200/6296 loss=6.086031
batch 2250/6296 loss=7.030220
batch 2300/6296 loss=6.866395
batch 2350/6296 loss=6.490621
batch 2400/6296 loss=6.429899
batch 2450/6296 loss=6.636147
batch 2500/6296 loss=6.610424
batch 2550/6296 loss=6.379560
batch 2600/6296 loss=7.264941
batch 2650/6296 loss=7.135251
batch 2700/6296 loss=6.432504
batch 2750/6296 loss=6.628038
batch 2800/6296 loss=7.229198
batch 2850/6296 loss=6.623037
batch 2900/6296 loss=8.033022
batch 2950/6296 loss=6.273115
batch 3000/6296 loss=7.018198
batch 3050/6296 loss=5.728448
batch 3100/6296 loss=6.550740
batch 3150/6296 loss=7.046791
batch 3200/6296 loss=6.587337
batch 3250/6296 loss=7.126995
batch 3300/6296 loss=6.510236
batch 3350/6296 loss=6.709850
batch 3400/6296 loss=6.863976
batch 3450/6296 loss=6.612367
batch 3500/6296 loss=9.789653
batch 3550/6296 loss=6.826658
batch 3600/6296 loss=7.271701
batch 3650/6296 loss=6.263009
batch 3700/6296 loss=7.318449
batch 3750/6296 loss=6.304006
batch 3800/6296 loss=6.325678
batch 3850/6296 loss=6.573522
batch 3900/6296 loss=6.948051
batch 3950/6296 loss=6.748100
batch 4000/6296 loss=6.747591
batch 4050/6296 loss=6.170279
batch 4100/6296 loss=5.911352
batch 4150/6296 loss=6.351575
batch 4200/6296 loss=6.924231
batch 4250/6296 loss=7.077075
batch 4300/6296 loss=6.329206
batch 4350/6296 loss=6.562297
batch 4400/6296 loss=6.116794
batch 4450/6296 loss=6.840431
batch 4500/6296 loss=7.775679
batch 4550/6296 loss=5.852009
batch 4600/6296 loss=5.977087
batch 4650/6296 loss=6.511652
batch 4700/6296 loss=6.381357
batch 4750/6296 loss=6.906980
batch 4800/6296 loss=6.931951
batch 4850/6296 loss=6.613320
batch 4900/6296 loss=6.784078
batch 4950/6296 loss=6.300863
batch 5000/6296 loss=6.694055
batch 5050/6296 loss=6.446886
batch 5100/6296 loss=6.287252
batch 5150/6296 loss=6.741437
batch 5200/6296 loss=6.429416
batch 5250/6296 loss=6.229757
batch 5300/6296 loss=7.012746
batch 5350/6296 loss=9.071997
batch 5400/6296 loss=6.796199
batch 5450/6296 loss=7.033635
batch 5500/6296 loss=8.101814
batch 5550/6296 loss=7.326932
batch 5600/6296 loss=6.671381
batch 5650/6296 loss=6.852881
batch 5700/6296 loss=6.838049
batch 5750/6296 loss=6.259721
batch 5800/6296 loss=6.262469
batch 5850/6296 loss=7.655872
batch 5900/6296 loss=7.227512
batch 5950/6296 loss=6.287698
batch 6000/6296 loss=7.580319
batch 6050/6296 loss=6.486422
batch 6100/6296 loss=6.313474
batch 6150/6296 loss=5.952236
batch 6200/6296 loss=7.739901
batch 6250/6296 loss=6.825935
epoch=20 train_loss=7.031295 val_loss=6.581478 best=5.840732 patience=19/50
batch 0/6296 loss=6.229895
batch 50/6296 loss=7.082884
batch 100/6296 loss=6.851871
batch 150/6296 loss=6.774770
batch 200/6296 loss=6.071079
batch 250/6296 loss=6.686496
batch 300/6296 loss=6.436482
batch 350/6296 loss=6.330986
batch 400/6296 loss=6.694182
batch 450/6296 loss=6.904182
batch 500/6296 loss=7.609242
batch 550/6296 loss=6.641281
batch 600/6296 loss=5.995043
batch 650/6296 loss=5.975911
batch 700/6296 loss=7.106781
batch 750/6296 loss=6.572732
batch 800/6296 loss=6.062993
batch 850/6296 loss=6.866768
batch 900/6296 loss=6.002876
batch 950/6296 loss=7.017742
batch 1000/6296 loss=6.923679
batch 1050/6296 loss=6.299167
batch 1100/6296 loss=6.607936
batch 1150/6296 loss=6.983234
batch 1200/6296 loss=6.596019
batch 1250/6296 loss=6.975279
batch 1300/6296 loss=6.353435
batch 1350/6296 loss=6.901163
batch 1400/6296 loss=6.356829
batch 1450/6296 loss=7.245752
batch 1500/6296 loss=6.286631
batch 1550/6296 loss=6.582467
batch 1600/6296 loss=7.621202
batch 1650/6296 loss=7.524964
batch 1700/6296 loss=6.856651
batch 1750/6296 loss=7.089998
batch 1800/6296 loss=6.323732
batch 1850/6296 loss=6.384044
batch 1900/6296 loss=7.034196
batch 1950/6296 loss=7.610770
batch 2000/6296 loss=7.098903
batch 2050/6296 loss=7.132854
batch 2100/6296 loss=6.302413
batch 2150/6296 loss=8.137424
batch 2200/6296 loss=6.897858
batch 2250/6296 loss=6.536793
batch 2300/6296 loss=6.294064
batch 2350/6296 loss=7.179787
batch 2400/6296 loss=6.901937
batch 2450/6296 loss=6.402647
batch 2500/6296 loss=7.543630
batch 2550/6296 loss=6.486061
batch 2600/6296 loss=6.741307
batch 2650/6296 loss=6.725392
batch 2700/6296 loss=6.720259
batch 2750/6296 loss=6.262984
batch 2800/6296 loss=7.011169
batch 2850/6296 loss=7.332700
batch 2900/6296 loss=7.040366
batch 2950/6296 loss=6.012361
batch 3000/6296 loss=6.548970
batch 3050/6296 loss=6.651756
batch 3100/6296 loss=6.785465
batch 3150/6296 loss=8.088574
batch 3200/6296 loss=6.471124
batch 3250/6296 loss=6.340599
batch 3300/6296 loss=7.102046
batch 3350/6296 loss=6.936722
batch 3400/6296 loss=7.216993
batch 3450/6296 loss=6.389987
batch 3500/6296 loss=6.326950
batch 3550/6296 loss=6.669359
batch 3600/6296 loss=6.805690
batch 3650/6296 loss=6.701923
batch 3700/6296 loss=6.427442
batch 3750/6296 loss=6.059376
batch 3800/6296 loss=6.127368
batch 3850/6296 loss=6.462920
batch 3900/6296 loss=6.852246
batch 3950/6296 loss=8.004001
batch 4000/6296 loss=6.772945
batch 4050/6296 loss=6.969606
batch 4100/6296 loss=7.121527
batch 4150/6296 loss=7.458617
batch 4200/6296 loss=6.393656
batch 4250/6296 loss=7.201758
batch 4300/6296 loss=7.275669
batch 4350/6296 loss=6.011826
batch 4400/6296 loss=6.390709
batch 4450/6296 loss=6.565703
batch 4500/6296 loss=6.550009
batch 4550/6296 loss=6.724195
batch 4600/6296 loss=6.855130
batch 4650/6296 loss=6.714202
batch 4700/6296 loss=6.624175
batch 4750/6296 loss=6.943531
batch 4800/6296 loss=6.527817
batch 4850/6296 loss=6.362262
batch 4900/6296 loss=5.890176
batch 4950/6296 loss=6.386590
batch 5000/6296 loss=6.909825
batch 5050/6296 loss=6.438252
batch 5100/6296 loss=7.036327
batch 5150/6296 loss=5.908000
batch 5200/6296 loss=8.219275
batch 5250/6296 loss=7.355019
batch 5300/6296 loss=7.525275
batch 5350/6296 loss=6.390817
batch 5400/6296 loss=6.461804
batch 5450/6296 loss=6.495284
batch 5500/6296 loss=6.777408
batch 5550/6296 loss=7.197982
batch 5600/6296 loss=6.539011
batch 5650/6296 loss=7.079116
batch 5700/6296 loss=6.996147
batch 5750/6296 loss=6.542523
batch 5800/6296 loss=6.899720
batch 5850/6296 loss=6.374589
batch 5900/6296 loss=7.274576
batch 5950/6296 loss=6.675231
batch 6000/6296 loss=6.720718
batch 6050/6296 loss=7.301801
batch 6100/6296 loss=6.112998
batch 6150/6296 loss=8.626224
batch 6200/6296 loss=6.063333
batch 6250/6296 loss=6.745038
epoch=21 train_loss=7.055481 val_loss=6.496911 best=5.840732 patience=20/50
batch 0/6296 loss=6.509171
batch 50/6296 loss=6.487541
batch 100/6296 loss=6.695064
batch 150/6296 loss=6.072937
batch 200/6296 loss=6.476785
batch 250/6296 loss=6.509322
batch 300/6296 loss=6.498577
batch 350/6296 loss=6.735451
batch 400/6296 loss=5.884715
batch 450/6296 loss=6.867521
batch 500/6296 loss=6.906348
batch 550/6296 loss=7.219131
batch 600/6296 loss=6.996212
batch 650/6296 loss=6.864046
batch 700/6296 loss=6.853883
batch 750/6296 loss=6.487213
batch 800/6296 loss=6.737894
batch 850/6296 loss=6.418816
batch 900/6296 loss=7.285497
batch 950/6296 loss=6.401628
batch 1000/6296 loss=7.249580
batch 1050/6296 loss=7.082334
batch 1100/6296 loss=6.967981
batch 1150/6296 loss=7.108360
batch 1200/6296 loss=6.576244
batch 1250/6296 loss=6.632265
batch 1300/6296 loss=6.575268
batch 1350/6296 loss=7.101950
batch 1400/6296 loss=6.167510
batch 1450/6296 loss=6.976018
batch 1500/6296 loss=6.429602
batch 1550/6296 loss=6.007375
batch 1600/6296 loss=7.550398
batch 1650/6296 loss=6.572397
batch 1700/6296 loss=6.127106
batch 1750/6296 loss=6.844599
batch 1800/6296 loss=7.019680
batch 1850/6296 loss=7.886565
batch 1900/6296 loss=6.291954
batch 1950/6296 loss=6.623786
batch 2000/6296 loss=5.883634
batch 2050/6296 loss=7.997032
batch 2100/6296 loss=6.333951
batch 2150/6296 loss=7.036078
batch 2200/6296 loss=6.276027
batch 2250/6296 loss=6.041910
batch 2300/6296 loss=6.191796
batch 2350/6296 loss=6.172955
batch 2400/6296 loss=7.461372
batch 2450/6296 loss=6.201199
batch 2500/6296 loss=6.644830
batch 2550/6296 loss=7.276096
batch 2600/6296 loss=6.714707
batch 2650/6296 loss=6.445751
batch 2700/6296 loss=6.213580
batch 2750/6296 loss=6.152050
batch 2800/6296 loss=6.684476
batch 2850/6296 loss=6.600421
batch 2900/6296 loss=7.034191
batch 2950/6296 loss=6.078889
batch 3000/6296 loss=6.506201
batch 3050/6296 loss=7.142922
batch 3100/6296 loss=6.243846
batch 3150/6296 loss=6.853496
batch 3200/6296 loss=7.429823
batch 3250/6296 loss=5.518441
batch 3300/6296 loss=6.857526
batch 3350/6296 loss=7.014789
batch 3400/6296 loss=6.493729
batch 3450/6296 loss=7.465137
batch 3500/6296 loss=6.381426
batch 3550/6296 loss=7.171677
batch 3600/6296 loss=8.396800
batch 3650/6296 loss=7.393829
batch 3700/6296 loss=6.610185
batch 3750/6296 loss=6.458294
batch 3800/6296 loss=6.796047
batch 3850/6296 loss=6.224041
batch 3900/6296 loss=6.002489
batch 3950/6296 loss=6.424152
batch 4000/6296 loss=6.520146
batch 4050/6296 loss=6.105331
batch 4100/6296 loss=6.924079
batch 4150/6296 loss=6.839664
batch 4200/6296 loss=7.016313
batch 4250/6296 loss=6.199534
batch 4300/6296 loss=6.623498
batch 4350/6296 loss=6.545957
batch 4400/6296 loss=7.782352
batch 4450/6296 loss=6.246640
batch 4500/6296 loss=6.782938
batch 4550/6296 loss=6.766775
batch 4600/6296 loss=7.555131
batch 4650/6296 loss=6.671101
batch 4700/6296 loss=6.762161
batch 4750/6296 loss=6.921256
batch 4800/6296 loss=7.123401
batch 4850/6296 loss=6.380640
batch 4900/6296 loss=6.397326
batch 4950/6296 loss=6.511281
batch 5000/6296 loss=7.028100
batch 5050/6296 loss=5.788342
batch 5100/6296 loss=6.395678
batch 5150/6296 loss=6.755910
batch 5200/6296 loss=6.523860
batch 5250/6296 loss=7.077216
batch 5300/6296 loss=6.298415
batch 5350/6296 loss=7.721361
batch 5400/6296 loss=5.988168
batch 5450/6296 loss=7.104547
batch 5500/6296 loss=7.222591
batch 5550/6296 loss=6.891684
batch 5600/6296 loss=7.694092
batch 5650/6296 loss=5.993864
batch 5700/6296 loss=6.874460
batch 5750/6296 loss=6.651364
batch 5800/6296 loss=6.466545
batch 5850/6296 loss=6.847664
batch 5900/6296 loss=6.650168
batch 5950/6296 loss=6.616531
batch 6000/6296 loss=6.864810
batch 6050/6296 loss=7.015615
batch 6100/6296 loss=6.734449
batch 6150/6296 loss=6.448568
batch 6200/6296 loss=8.619341
batch 6250/6296 loss=7.217452
epoch=22 train_loss=6.959971 val_loss=6.484860 best=5.840732 patience=21/50
batch 0/6296 loss=6.404533
batch 50/6296 loss=6.193717
batch 100/6296 loss=6.168311
batch 150/6296 loss=7.002565
batch 200/6296 loss=7.372079
batch 250/6296 loss=7.195653
batch 300/6296 loss=7.096727
batch 350/6296 loss=6.596610
batch 400/6296 loss=6.284328
batch 450/6296 loss=6.520494
batch 500/6296 loss=6.453589
batch 550/6296 loss=6.182988
batch 600/6296 loss=7.444001
batch 650/6296 loss=6.534698
batch 700/6296 loss=7.185927
batch 750/6296 loss=6.569869
batch 800/6296 loss=6.813217
batch 850/6296 loss=8.152501
batch 900/6296 loss=7.220175
batch 950/6296 loss=6.394153
batch 1000/6296 loss=7.677429
batch 1050/6296 loss=7.330677
batch 1100/6296 loss=6.703130
batch 1150/6296 loss=6.899780
batch 1200/6296 loss=9.166421
batch 1250/6296 loss=5.865005
batch 1300/6296 loss=6.928232
batch 1350/6296 loss=6.943334
batch 1400/6296 loss=6.622391
batch 1450/6296 loss=6.658178
batch 1500/6296 loss=6.572392
batch 1550/6296 loss=6.085370
batch 1600/6296 loss=6.623689
batch 1650/6296 loss=6.479047
batch 1700/6296 loss=7.141529
batch 1750/6296 loss=6.739303
batch 1800/6296 loss=7.694457
batch 1850/6296 loss=6.314697
batch 1900/6296 loss=7.568685
batch 1950/6296 loss=6.510723
batch 2000/6296 loss=8.003905
batch 2050/6296 loss=6.433068
batch 2100/6296 loss=7.119531
batch 2150/6296 loss=7.546335
batch 2200/6296 loss=6.277431
batch 2250/6296 loss=6.586569
batch 2300/6296 loss=7.187511
batch 2350/6296 loss=7.246044
batch 2400/6296 loss=7.000972
batch 2450/6296 loss=6.613607
batch 2500/6296 loss=6.690198
batch 2550/6296 loss=6.408722
batch 2600/6296 loss=6.619042
batch 2650/6296 loss=6.100842
batch 2700/6296 loss=6.099873
batch 2750/6296 loss=7.475946
batch 2800/6296 loss=6.869438
batch 2850/6296 loss=6.469731
batch 2900/6296 loss=6.212722
batch 2950/6296 loss=6.244263
batch 3000/6296 loss=6.278076
batch 3050/6296 loss=6.689022
batch 3100/6296 loss=6.598907
batch 3150/6296 loss=7.001908
batch 3200/6296 loss=6.310782
batch 3250/6296 loss=6.288876
batch 3300/6296 loss=6.600884
batch 3350/6296 loss=6.385602
batch 3400/6296 loss=6.827007
batch 3450/6296 loss=6.442871
batch 3500/6296 loss=6.339976
batch 3550/6296 loss=6.477950
batch 3600/6296 loss=6.531679
batch 3650/6296 loss=6.744026
batch 3700/6296 loss=6.550461
batch 3750/6296 loss=6.152776
batch 3800/6296 loss=6.813095
batch 3850/6296 loss=6.891347
batch 3900/6296 loss=6.225047
batch 3950/6296 loss=6.492336
batch 4000/6296 loss=6.555907
batch 4050/6296 loss=6.215285
batch 4100/6296 loss=7.614377
batch 4150/6296 loss=5.694904
batch 4200/6296 loss=6.385055
batch 4250/6296 loss=6.586023
batch 4300/6296 loss=5.753476
batch 4350/6296 loss=7.136793
batch 4400/6296 loss=6.593307
batch 4450/6296 loss=6.448488
batch 4500/6296 loss=5.899371
batch 4550/6296 loss=6.043279
batch 4600/6296 loss=6.534336
batch 4650/6296 loss=7.040546
batch 4700/6296 loss=6.435688
batch 4750/6296 loss=5.997063
batch 4800/6296 loss=7.008895
batch 4850/6296 loss=7.643564
batch 4900/6296 loss=6.066017
batch 4950/6296 loss=7.606079
batch 5000/6296 loss=6.417346
batch 5050/6296 loss=6.042730
batch 5100/6296 loss=6.557690
batch 5150/6296 loss=6.037444
batch 5200/6296 loss=6.552141
batch 5250/6296 loss=6.355198
batch 5300/6296 loss=6.754154
batch 5350/6296 loss=7.073974
batch 5400/6296 loss=6.081220
batch 5450/6296 loss=6.151726
batch 5500/6296 loss=6.614577
batch 5550/6296 loss=6.595924
batch 5600/6296 loss=6.818047
batch 5650/6296 loss=6.375694
batch 5700/6296 loss=7.189004
batch 5750/6296 loss=5.911315
batch 5800/6296 loss=5.860176
batch 5850/6296 loss=6.584184
batch 5900/6296 loss=6.586263
batch 5950/6296 loss=6.770541
batch 6000/6296 loss=6.272296
batch 6050/6296 loss=6.939853
batch 6100/6296 loss=6.519052
batch 6150/6296 loss=6.359924
batch 6200/6296 loss=6.515117
batch 6250/6296 loss=6.096533
epoch=23 train_loss=6.984650 val_loss=6.430449 best=5.840732 patience=22/50
batch 0/6296 loss=6.763483
batch 50/6296 loss=6.637642
batch 100/6296 loss=7.253919
batch 150/6296 loss=7.087191
batch 200/6296 loss=6.634772
batch 250/6296 loss=6.755382
batch 300/6296 loss=7.332071
batch 350/6296 loss=6.379581
batch 400/6296 loss=6.241811
batch 450/6296 loss=6.481608
batch 500/6296 loss=6.463840
batch 550/6296 loss=6.219201
batch 600/6296 loss=6.477077
batch 650/6296 loss=6.501323
batch 700/6296 loss=6.436132
batch 750/6296 loss=7.732086
batch 800/6296 loss=7.174469
batch 850/6296 loss=6.185332
batch 900/6296 loss=6.137219
batch 950/6296 loss=6.608763
batch 1000/6296 loss=6.160040
batch 1050/6296 loss=5.951639
batch 1100/6296 loss=6.080751
batch 1150/6296 loss=6.599432
batch 1200/6296 loss=7.269133
batch 1250/6296 loss=6.238873
batch 1300/6296 loss=6.211856
batch 1350/6296 loss=6.237769
batch 1400/6296 loss=6.845886
batch 1450/6296 loss=6.650006
batch 1500/6296 loss=6.909343
batch 1550/6296 loss=6.058445
batch 1600/6296 loss=6.096667
batch 1650/6296 loss=6.656957
batch 1700/6296 loss=7.867001
batch 1750/6296 loss=6.225048
batch 1800/6296 loss=6.733515
batch 1850/6296 loss=6.164671
batch 1900/6296 loss=6.417001
batch 1950/6296 loss=6.007549
batch 2000/6296 loss=6.780406
batch 2050/6296 loss=6.666586
batch 2100/6296 loss=5.999032
batch 2150/6296 loss=7.537078
batch 2200/6296 loss=5.962175
batch 2250/6296 loss=6.627353
batch 2300/6296 loss=6.255722
batch 2350/6296 loss=6.136493
batch 2400/6296 loss=6.745202
batch 2450/6296 loss=6.507347
batch 2500/6296 loss=6.294616
batch 2550/6296 loss=6.226618
batch 2600/6296 loss=6.087171
batch 2650/6296 loss=6.103084
batch 2700/6296 loss=6.831169
batch 2750/6296 loss=6.526255
batch 2800/6296 loss=6.774951
batch 2850/6296 loss=6.435102
batch 2900/6296 loss=6.255430
batch 2950/6296 loss=6.991089
batch 3000/6296 loss=6.652780
batch 3050/6296 loss=6.456967
batch 3100/6296 loss=6.046638
batch 3150/6296 loss=6.699708
batch 3200/6296 loss=6.118317
batch 3250/6296 loss=6.695493
batch 3300/6296 loss=6.195977
batch 3350/6296 loss=6.660837
batch 3400/6296 loss=6.554138
batch 3450/6296 loss=7.320665
batch 3500/6296 loss=6.201204
batch 3550/6296 loss=6.525172
batch 3600/6296 loss=5.775095
batch 3650/6296 loss=6.665891
batch 3700/6296 loss=6.189488
batch 3750/6296 loss=6.082142
batch 3800/6296 loss=6.185188
batch 3850/6296 loss=5.986717
batch 3900/6296 loss=6.254260
batch 3950/6296 loss=6.377296
batch 4000/6296 loss=6.013750
batch 4050/6296 loss=5.893796
batch 4100/6296 loss=6.060881
batch 4150/6296 loss=6.394524
batch 4200/6296 loss=7.044647
batch 4250/6296 loss=6.063523
batch 4300/6296 loss=5.887044
batch 4350/6296 loss=7.927887
batch 4400/6296 loss=6.151408
batch 4450/6296 loss=7.059442
batch 4500/6296 loss=7.261397
batch 4550/6296 loss=6.800142
batch 4600/6296 loss=6.299031
batch 4650/6296 loss=6.524799
batch 4700/6296 loss=7.013392
batch 4750/6296 loss=6.513165
batch 4800/6296 loss=6.277842
batch 4850/6296 loss=5.811016
batch 4900/6296 loss=6.750661
batch 4950/6296 loss=6.382541
batch 5000/6296 loss=5.711555
batch 5050/6296 loss=6.604970
batch 5100/6296 loss=6.197464
batch 5150/6296 loss=6.262470
batch 5200/6296 loss=5.865959
batch 5250/6296 loss=7.335954
batch 5300/6296 loss=7.459973
batch 5350/6296 loss=5.973419
batch 5400/6296 loss=5.861042
batch 5450/6296 loss=6.087013
batch 5500/6296 loss=6.104267
batch 5550/6296 loss=6.827339
batch 5600/6296 loss=5.977375
batch 5650/6296 loss=6.541289
batch 5700/6296 loss=6.298858
batch 5750/6296 loss=6.554895
batch 5800/6296 loss=6.589413
batch 5850/6296 loss=6.707381
batch 5900/6296 loss=6.598769
batch 5950/6296 loss=6.534839
batch 6000/6296 loss=6.605134
batch 6050/6296 loss=6.798103
batch 6100/6296 loss=6.078259
batch 6150/6296 loss=5.785224
batch 6200/6296 loss=6.394282
batch 6250/6296 loss=6.566656
epoch=24 train_loss=6.816965 val_loss=6.590832 best=5.840732 patience=23/50
batch 0/6296 loss=6.961863
batch 50/6296 loss=7.023015
batch 100/6296 loss=6.653155
batch 150/6296 loss=6.172482
batch 200/6296 loss=6.748487
batch 250/6296 loss=5.765631
batch 300/6296 loss=7.010785
batch 350/6296 loss=6.265438
batch 400/6296 loss=6.173112
batch 450/6296 loss=6.329372
batch 500/6296 loss=6.290153
batch 550/6296 loss=6.504933
batch 600/6296 loss=6.851482
batch 650/6296 loss=6.140149
batch 700/6296 loss=6.385326
batch 750/6296 loss=6.454486
batch 800/6296 loss=5.948379
batch 850/6296 loss=5.880985
batch 900/6296 loss=6.115346
batch 950/6296 loss=5.900462
batch 1000/6296 loss=6.445896
batch 1050/6296 loss=5.914568
batch 1100/6296 loss=6.884039
batch 1150/6296 loss=7.686072
batch 1200/6296 loss=6.460533
batch 1250/6296 loss=8.277770
batch 1300/6296 loss=6.015138
batch 1350/6296 loss=6.411849
batch 1400/6296 loss=7.655807
batch 1450/6296 loss=6.494110
batch 1500/6296 loss=5.920480
batch 1550/6296 loss=7.468254
batch 1600/6296 loss=6.648276
batch 1650/6296 loss=5.911183
batch 1700/6296 loss=6.506412
batch 1750/6296 loss=6.976076
batch 1800/6296 loss=7.057332
batch 1850/6296 loss=6.777938
batch 1900/6296 loss=6.084094
batch 1950/6296 loss=6.572238
batch 2000/6296 loss=6.020321
batch 2050/6296 loss=6.360144
batch 2100/6296 loss=6.729142
batch 2150/6296 loss=6.019343
batch 2200/6296 loss=6.351725
batch 2250/6296 loss=7.070500
batch 2300/6296 loss=5.837608
batch 2350/6296 loss=6.666656
batch 2400/6296 loss=6.438465
batch 2450/6296 loss=7.291111
batch 2500/6296 loss=6.592823
batch 2550/6296 loss=7.987249
batch 2600/6296 loss=6.761645
batch 2650/6296 loss=6.301988
batch 2700/6296 loss=6.207643
batch 2750/6296 loss=6.152356
batch 2800/6296 loss=7.329815
batch 2850/6296 loss=8.125239
batch 2900/6296 loss=6.257322
batch 2950/6296 loss=6.419824
batch 3000/6296 loss=6.207186
batch 3050/6296 loss=7.103975
batch 3100/6296 loss=6.166377
batch 3150/6296 loss=6.207359
batch 3200/6296 loss=7.348110
batch 3250/6296 loss=6.380428
batch 3300/6296 loss=5.942134
batch 3350/6296 loss=6.623727
batch 3400/6296 loss=6.565450
batch 3450/6296 loss=5.920659
batch 3500/6296 loss=6.347267
batch 3550/6296 loss=5.970672
batch 3600/6296 loss=6.311822
batch 3650/6296 loss=6.981408
batch 3700/6296 loss=6.865526
batch 3750/6296 loss=6.219579
batch 3800/6296 loss=6.477545
batch 3850/6296 loss=5.826520
batch 3900/6296 loss=6.411935
batch 3950/6296 loss=6.900968
batch 4000/6296 loss=7.147317
batch 4050/6296 loss=6.874088
batch 4100/6296 loss=6.357885
batch 4150/6296 loss=6.936104
batch 4200/6296 loss=6.270360
batch 4250/6296 loss=6.290745
batch 4300/6296 loss=6.168514
batch 4350/6296 loss=7.408174
batch 4400/6296 loss=6.611485
batch 4450/6296 loss=6.859848
batch 4500/6296 loss=5.426553
batch 4550/6296 loss=6.463870
batch 4600/6296 loss=7.108616
batch 4650/6296 loss=7.365004
batch 4700/6296 loss=6.934172
batch 4750/6296 loss=6.035635
batch 4800/6296 loss=7.147934
batch 4850/6296 loss=6.177577
batch 4900/6296 loss=6.751737
batch 4950/6296 loss=7.122147
batch 5000/6296 loss=6.397394
batch 5050/6296 loss=6.595906
batch 5100/6296 loss=6.529422
batch 5150/6296 loss=7.446256
batch 5200/6296 loss=6.373960
batch 5250/6296 loss=6.507632
batch 5300/6296 loss=6.685262
batch 5350/6296 loss=6.597299
batch 5400/6296 loss=6.370437
batch 5450/6296 loss=6.739272
batch 5500/6296 loss=6.902823
batch 5550/6296 loss=7.043369
batch 5600/6296 loss=6.150937
batch 5650/6296 loss=6.683010
batch 5700/6296 loss=6.441216
batch 5750/6296 loss=6.036960
batch 5800/6296 loss=6.238205
batch 5850/6296 loss=6.848891
batch 5900/6296 loss=6.356445
batch 5950/6296 loss=6.214422
batch 6000/6296 loss=7.008670
batch 6050/6296 loss=6.308813
batch 6100/6296 loss=6.444310
batch 6150/6296 loss=5.599769
batch 6200/6296 loss=6.302330
batch 6250/6296 loss=5.793192
epoch=25 train_loss=6.795272 val_loss=6.265498 best=5.840732 patience=24/50
batch 0/6296 loss=6.114969
batch 50/6296 loss=6.417962
batch 100/6296 loss=5.695464
batch 150/6296 loss=6.519444
batch 200/6296 loss=6.513901
batch 250/6296 loss=6.944522
batch 300/6296 loss=6.620677
batch 350/6296 loss=6.718376
batch 400/6296 loss=6.195705
batch 450/6296 loss=6.558728
batch 500/6296 loss=6.204015
batch 550/6296 loss=6.227486
batch 600/6296 loss=7.604924
batch 650/6296 loss=7.157510
batch 700/6296 loss=6.392858
batch 750/6296 loss=6.902507
batch 800/6296 loss=6.413914
batch 850/6296 loss=6.692342
batch 900/6296 loss=6.522550
batch 950/6296 loss=6.691175
batch 1000/6296 loss=6.981721
batch 1050/6296 loss=7.690132
batch 1100/6296 loss=8.296363
batch 1150/6296 loss=6.459156
batch 1200/6296 loss=7.042103
batch 1250/6296 loss=6.710362
batch 1300/6296 loss=6.367969
batch 1350/6296 loss=6.069678
batch 1400/6296 loss=6.907317
batch 1450/6296 loss=6.348224
batch 1500/6296 loss=6.473056
batch 1550/6296 loss=6.596745
batch 1600/6296 loss=6.204210
batch 1650/6296 loss=6.401792
batch 1700/6296 loss=5.718964
batch 1750/6296 loss=6.668622
batch 1800/6296 loss=7.359909
batch 1850/6296 loss=6.200334
batch 1900/6296 loss=6.211040
batch 1950/6296 loss=6.889130
batch 2000/6296 loss=6.409828
batch 2050/6296 loss=6.721495
batch 2100/6296 loss=6.214210
batch 2150/6296 loss=5.902641
batch 2200/6296 loss=6.357336
batch 2250/6296 loss=6.150186
batch 2300/6296 loss=7.087580
batch 2350/6296 loss=7.853288
batch 2400/6296 loss=7.810449
batch 2450/6296 loss=6.298165
batch 2500/6296 loss=6.365452
batch 2550/6296 loss=7.466545
batch 2600/6296 loss=7.045401
batch 2650/6296 loss=6.827440
batch 2700/6296 loss=5.869396
batch 2750/6296 loss=6.612059
batch 2800/6296 loss=7.345455
batch 2850/6296 loss=7.568698
batch 2900/6296 loss=5.778919
batch 2950/6296 loss=6.199173
batch 3000/6296 loss=7.819512
batch 3050/6296 loss=7.021408
batch 3100/6296 loss=6.387164
batch 3150/6296 loss=6.498490
batch 3200/6296 loss=6.192572
batch 3250/6296 loss=6.100466
batch 3300/6296 loss=6.450302
batch 3350/6296 loss=6.656251
batch 3400/6296 loss=6.199979
batch 3450/6296 loss=6.289398
batch 3500/6296 loss=5.952377
batch 3550/6296 loss=6.840829
batch 3600/6296 loss=6.336918
batch 3650/6296 loss=5.855073
batch 3700/6296 loss=6.276529
batch 3750/6296 loss=5.656370
batch 3800/6296 loss=6.931632
batch 3850/6296 loss=6.908498
batch 3900/6296 loss=6.421103
batch 3950/6296 loss=6.903187
batch 4000/6296 loss=6.430624
batch 4050/6296 loss=6.340445
batch 4100/6296 loss=6.012630
batch 4150/6296 loss=6.288298
batch 4200/6296 loss=6.469320
batch 4250/6296 loss=5.977238
batch 4300/6296 loss=6.891839
batch 4350/6296 loss=6.062869
batch 4400/6296 loss=6.738189
batch 4450/6296 loss=6.632380
batch 4500/6296 loss=6.366220
batch 4550/6296 loss=6.679260
batch 4600/6296 loss=6.380783
batch 4650/6296 loss=6.294530
batch 4700/6296 loss=5.677097
batch 4750/6296 loss=7.356644
batch 4800/6296 loss=6.747389
batch 4850/6296 loss=6.460304
batch 4900/6296 loss=7.540516
batch 4950/6296 loss=6.427166
batch 5000/6296 loss=7.284110
batch 5050/6296 loss=6.065871
batch 5100/6296 loss=6.155540
batch 5150/6296 loss=6.159776
batch 5200/6296 loss=6.156861
batch 5250/6296 loss=7.142036
batch 5300/6296 loss=6.709805
batch 5350/6296 loss=6.144944
batch 5400/6296 loss=6.382541
batch 5450/6296 loss=6.220548
batch 5500/6296 loss=6.610404
batch 5550/6296 loss=6.062119
batch 5600/6296 loss=6.807250
batch 5650/6296 loss=8.440455
batch 5700/6296 loss=6.072501
batch 5750/6296 loss=6.452475
batch 5800/6296 loss=7.855402
batch 5850/6296 loss=6.649578
batch 5900/6296 loss=6.532253
batch 5950/6296 loss=6.577170
batch 6000/6296 loss=6.722562
batch 6050/6296 loss=5.802366
batch 6100/6296 loss=6.528052
batch 6150/6296 loss=5.950111
batch 6200/6296 loss=6.483933
batch 6250/6296 loss=5.779090
epoch=26 train_loss=6.850280 val_loss=6.438518 best=5.840732 patience=25/50
batch 0/6296 loss=6.250937
batch 50/6296 loss=6.517911
batch 100/6296 loss=5.956475
batch 150/6296 loss=7.729853
batch 200/6296 loss=5.819298
batch 250/6296 loss=6.753315
batch 300/6296 loss=6.625137
batch 350/6296 loss=6.458763
batch 400/6296 loss=6.350670
batch 450/6296 loss=5.672892
batch 500/6296 loss=6.871546
batch 550/6296 loss=6.719032
batch 600/6296 loss=6.136293
batch 650/6296 loss=6.315326
batch 700/6296 loss=6.445199
batch 750/6296 loss=5.467576
batch 800/6296 loss=6.038129
batch 850/6296 loss=7.265034
batch 900/6296 loss=6.001159
batch 950/6296 loss=6.120612
batch 1000/6296 loss=6.195674
batch 1050/6296 loss=6.771824
batch 1100/6296 loss=6.961737
batch 1150/6296 loss=6.973067
batch 1200/6296 loss=6.034300
batch 1250/6296 loss=6.044477
batch 1300/6296 loss=6.624547
batch 1350/6296 loss=6.284399
batch 1400/6296 loss=6.162305
batch 1450/6296 loss=6.751464
batch 1500/6296 loss=6.381691
batch 1550/6296 loss=6.703362
batch 1600/6296 loss=6.526778
batch 1650/6296 loss=6.037102
batch 1700/6296 loss=5.968407
batch 1750/6296 loss=6.068699
batch 1800/6296 loss=6.890461
batch 1850/6296 loss=5.747665
batch 1900/6296 loss=6.371023
batch 1950/6296 loss=6.264134
batch 2000/6296 loss=5.486727
batch 2050/6296 loss=5.702984
batch 2100/6296 loss=6.001415
batch 2150/6296 loss=5.775610
batch 2200/6296 loss=6.433355
batch 2250/6296 loss=6.510376
batch 2300/6296 loss=6.552166
batch 2350/6296 loss=6.136982
batch 2400/6296 loss=6.666837
batch 2450/6296 loss=6.221182
batch 2500/6296 loss=6.268989
batch 2550/6296 loss=6.666098
batch 2600/6296 loss=6.303829
batch 2650/6296 loss=6.395652
batch 2700/6296 loss=6.427214
batch 2750/6296 loss=6.917511
batch 2800/6296 loss=6.454746
batch 2850/6296 loss=7.122972
batch 2900/6296 loss=6.473752
batch 2950/6296 loss=6.424860
batch 3000/6296 loss=6.576649
batch 3050/6296 loss=7.261375
batch 3100/6296 loss=6.067772
batch 3150/6296 loss=7.106147
batch 3200/6296 loss=6.383686
batch 3250/6296 loss=5.767302
batch 3300/6296 loss=6.479070
batch 3350/6296 loss=5.808235
batch 3400/6296 loss=6.266822
batch 3450/6296 loss=6.792919
batch 3500/6296 loss=6.193898
batch 3550/6296 loss=7.556765
batch 3600/6296 loss=6.001125
batch 3650/6296 loss=6.809265
batch 3700/6296 loss=5.829682
batch 3750/6296 loss=6.118885
batch 3800/6296 loss=5.900198
batch 3850/6296 loss=5.990633
batch 3900/6296 loss=6.254784
batch 3950/6296 loss=6.309791
batch 4000/6296 loss=6.181039
batch 4050/6296 loss=6.464717
batch 4100/6296 loss=6.151314
batch 4150/6296 loss=6.014733
batch 4200/6296 loss=6.304735
batch 4250/6296 loss=6.037560
batch 4300/6296 loss=6.582111
batch 4350/6296 loss=6.523897
batch 4400/6296 loss=5.880865
batch 4450/6296 loss=6.034855
batch 4500/6296 loss=6.342260
batch 4550/6296 loss=6.736319
batch 4600/6296 loss=6.022139
batch 4650/6296 loss=6.269321
batch 4700/6296 loss=5.425657
batch 4750/6296 loss=6.041502
batch 4800/6296 loss=10.056788
batch 4850/6296 loss=6.690037
batch 4900/6296 loss=6.165397
batch 4950/6296 loss=7.070665
batch 5000/6296 loss=7.063530
batch 5050/6296 loss=6.053406
batch 5100/6296 loss=6.486368
batch 5150/6296 loss=6.509947
batch 5200/6296 loss=6.267190
batch 5250/6296 loss=5.817941
batch 5300/6296 loss=5.970189
batch 5350/6296 loss=6.642082
batch 5400/6296 loss=6.622336
batch 5450/6296 loss=7.135448
batch 5500/6296 loss=6.986782
batch 5550/6296 loss=6.304513
batch 5600/6296 loss=5.854873
batch 5650/6296 loss=6.595722
batch 5700/6296 loss=6.695551
batch 5750/6296 loss=6.085098
batch 5800/6296 loss=5.566417
batch 5850/6296 loss=6.722843
batch 5900/6296 loss=6.210228
batch 5950/6296 loss=6.974230
batch 6000/6296 loss=5.880082
batch 6050/6296 loss=6.444801
batch 6100/6296 loss=6.121025
batch 6150/6296 loss=8.529128
batch 6200/6296 loss=5.777839
batch 6250/6296 loss=6.458899
epoch=27 train_loss=6.726978 val_loss=6.233754 best=5.840732 patience=26/50
batch 0/6296 loss=6.219548
batch 50/6296 loss=6.157957
batch 100/6296 loss=6.848677
batch 150/6296 loss=5.851917
batch 200/6296 loss=6.287861
batch 250/6296 loss=6.506002
batch 300/6296 loss=6.304451
batch 350/6296 loss=6.520855
batch 400/6296 loss=6.441833
batch 450/6296 loss=6.386903
batch 500/6296 loss=6.880355
batch 550/6296 loss=6.342569
batch 600/6296 loss=8.174329
batch 650/6296 loss=6.164617
batch 700/6296 loss=6.459592
batch 750/6296 loss=7.306236
batch 800/6296 loss=5.227742
batch 850/6296 loss=6.933446
batch 900/6296 loss=5.926065
batch 950/6296 loss=6.618880
batch 1000/6296 loss=5.781065
batch 1050/6296 loss=6.974768
batch 1100/6296 loss=6.848697
batch 1150/6296 loss=6.427542
batch 1200/6296 loss=6.150438
batch 1250/6296 loss=6.848319
batch 1300/6296 loss=6.129383
batch 1350/6296 loss=6.803724
batch 1400/6296 loss=6.024125
batch 1450/6296 loss=6.254116
batch 1500/6296 loss=5.720159
batch 1550/6296 loss=6.838216
batch 1600/6296 loss=5.676851
batch 1650/6296 loss=6.247565
batch 1700/6296 loss=6.968291
batch 1750/6296 loss=6.008958
batch 1800/6296 loss=7.260890
batch 1850/6296 loss=6.126107
batch 1900/6296 loss=6.339521
batch 1950/6296 loss=6.321721
batch 2000/6296 loss=6.100377
batch 2050/6296 loss=6.895059
batch 2100/6296 loss=5.946232
batch 2150/6296 loss=5.602649
batch 2200/6296 loss=6.083883
batch 2250/6296 loss=6.568606
batch 2300/6296 loss=6.339082
batch 2350/6296 loss=6.973998
batch 2400/6296 loss=5.338749
batch 2450/6296 loss=6.820195
batch 2500/6296 loss=5.930946
batch 2550/6296 loss=6.134368
batch 2600/6296 loss=5.690145
batch 2650/6296 loss=5.749872
batch 2700/6296 loss=6.398599
batch 2750/6296 loss=5.908177
batch 2800/6296 loss=6.286304
batch 2850/6296 loss=6.355188
batch 2900/6296 loss=6.817020
batch 2950/6296 loss=7.495842
batch 3000/6296 loss=6.396622
batch 3050/6296 loss=6.416416
batch 3100/6296 loss=6.974191
batch 3150/6296 loss=6.303142
batch 3200/6296 loss=6.875970
batch 3250/6296 loss=5.680773
batch 3300/6296 loss=6.498631
batch 3350/6296 loss=5.420750
batch 3400/6296 loss=7.296157
batch 3450/6296 loss=5.734247
batch 3500/6296 loss=5.604254
batch 3550/6296 loss=6.144226
batch 3600/6296 loss=6.440660
batch 3650/6296 loss=6.611787
batch 3700/6296 loss=6.109210
batch 3750/6296 loss=6.832726
batch 3800/6296 loss=6.650665
batch 3850/6296 loss=5.525250
batch 3900/6296 loss=5.233264
batch 3950/6296 loss=7.478009
batch 4000/6296 loss=6.684020
batch 4050/6296 loss=6.709853
batch 4100/6296 loss=7.569612
batch 4150/6296 loss=6.374832
batch 4200/6296 loss=6.167911
batch 4250/6296 loss=6.431184
batch 4300/6296 loss=6.874600
batch 4350/6296 loss=7.630025
batch 4400/6296 loss=6.311067
batch 4450/6296 loss=6.337043
batch 4500/6296 loss=5.932434
batch 4550/6296 loss=6.574922
batch 4600/6296 loss=6.637811
batch 4650/6296 loss=6.411528
batch 4700/6296 loss=6.305270
batch 4750/6296 loss=6.391681
batch 4800/6296 loss=6.394160
batch 4850/6296 loss=6.084408
batch 4900/6296 loss=6.247697
batch 4950/6296 loss=6.783553
batch 5000/6296 loss=6.759664
batch 5050/6296 loss=6.326721
batch 5100/6296 loss=5.903011
batch 5150/6296 loss=6.140430
batch 5200/6296 loss=5.899213
batch 5250/6296 loss=5.824486
batch 5300/6296 loss=6.687397
batch 5350/6296 loss=5.798566
batch 5400/6296 loss=5.970695
batch 5450/6296 loss=6.248597
batch 5500/6296 loss=6.402139
batch 5550/6296 loss=6.520208
batch 5600/6296 loss=6.864623
batch 5650/6296 loss=6.388865
batch 5700/6296 loss=6.664590
batch 5750/6296 loss=6.064114
batch 5800/6296 loss=7.362268
batch 5850/6296 loss=6.839545
batch 5900/6296 loss=6.348709
batch 5950/6296 loss=6.188244
batch 6000/6296 loss=5.928747
batch 6050/6296 loss=7.182842
batch 6100/6296 loss=7.422553
batch 6150/6296 loss=5.914932
batch 6200/6296 loss=6.074797
batch 6250/6296 loss=5.449837
epoch=28 train_loss=6.726178 val_loss=6.256901 best=5.840732 patience=27/50
batch 0/6296 loss=6.920080
batch 50/6296 loss=6.697015
batch 100/6296 loss=5.827487
batch 150/6296 loss=7.086793
batch 200/6296 loss=6.451921
batch 250/6296 loss=6.437071
batch 300/6296 loss=5.966109
batch 350/6296 loss=6.597782
batch 400/6296 loss=6.118839
batch 450/6296 loss=6.246532
batch 500/6296 loss=6.939924
batch 550/6296 loss=6.195122
batch 600/6296 loss=6.817764
batch 650/6296 loss=6.679867
batch 700/6296 loss=5.886766
batch 750/6296 loss=6.390995
batch 800/6296 loss=5.874998
batch 850/6296 loss=6.984555
batch 900/6296 loss=7.758365
batch 950/6296 loss=6.833852
batch 1000/6296 loss=6.337763
batch 1050/6296 loss=6.739534
batch 1100/6296 loss=6.413948
batch 1150/6296 loss=6.008857
batch 1200/6296 loss=6.828828
batch 1250/6296 loss=7.975957
batch 1300/6296 loss=6.363284
batch 1350/6296 loss=5.919956
batch 1400/6296 loss=6.528776
batch 1450/6296 loss=6.104453
batch 1500/6296 loss=5.806764
batch 1550/6296 loss=6.599193
batch 1600/6296 loss=6.703720
batch 1650/6296 loss=7.669076
batch 1700/6296 loss=5.895902
batch 1750/6296 loss=6.264910
batch 1800/6296 loss=6.649650
batch 1850/6296 loss=6.323294
batch 1900/6296 loss=6.690624
batch 1950/6296 loss=5.718997
batch 2000/6296 loss=6.074634
batch 2050/6296 loss=6.073276
batch 2100/6296 loss=5.485609
batch 2150/6296 loss=7.401175
batch 2200/6296 loss=6.323996
batch 2250/6296 loss=6.930658
batch 2300/6296 loss=5.924243
batch 2350/6296 loss=6.384374
batch 2400/6296 loss=6.799561
batch 2450/6296 loss=6.888215
batch 2500/6296 loss=6.055521
batch 2550/6296 loss=5.970560
batch 2600/6296 loss=6.477008
batch 2650/6296 loss=6.087254
batch 2700/6296 loss=6.036441
batch 2750/6296 loss=5.722810
batch 2800/6296 loss=6.138248
batch 2850/6296 loss=6.144180
batch 2900/6296 loss=6.843507
batch 2950/6296 loss=5.879388
batch 3000/6296 loss=6.452885
batch 3050/6296 loss=6.391720
batch 3100/6296 loss=6.291791
batch 3150/6296 loss=6.665123
batch 3200/6296 loss=5.677362
batch 3250/6296 loss=6.460560
batch 3300/6296 loss=6.489903
batch 3350/6296 loss=6.098724
batch 3400/6296 loss=6.494586
batch 3450/6296 loss=5.843170
batch 3500/6296 loss=5.804042
batch 3550/6296 loss=8.764548
batch 3600/6296 loss=7.266706
batch 3650/6296 loss=5.969747
batch 3700/6296 loss=6.451775
batch 3750/6296 loss=6.816158
batch 3800/6296 loss=6.372610
batch 3850/6296 loss=6.371707
batch 3900/6296 loss=5.924212
batch 3950/6296 loss=6.244907
batch 4000/6296 loss=6.299700
batch 4050/6296 loss=5.664983
batch 4100/6296 loss=5.838595
batch 4150/6296 loss=6.193970
batch 4200/6296 loss=6.689131
batch 4250/6296 loss=5.815434
batch 4300/6296 loss=6.122288
batch 4350/6296 loss=6.578276
batch 4400/6296 loss=6.399697
batch 4450/6296 loss=7.135200
batch 4500/6296 loss=5.565261
batch 4550/6296 loss=6.014568
batch 4600/6296 loss=6.812973
batch 4650/6296 loss=6.106364
batch 4700/6296 loss=6.061347
batch 4750/6296 loss=6.837006
batch 4800/6296 loss=5.941835
batch 4850/6296 loss=5.660639
batch 4900/6296 loss=7.240747
batch 4950/6296 loss=6.078683
batch 5000/6296 loss=7.021790
batch 5050/6296 loss=8.235440
batch 5100/6296 loss=6.610990
batch 5150/6296 loss=6.417194
batch 5200/6296 loss=6.546509
batch 5250/6296 loss=5.864599
batch 5300/6296 loss=6.481483
batch 5350/6296 loss=6.400455
batch 5400/6296 loss=6.797228
batch 5450/6296 loss=6.752645
batch 5500/6296 loss=5.832168
batch 5550/6296 loss=6.719693
batch 5600/6296 loss=6.008115
batch 5650/6296 loss=7.201181
batch 5700/6296 loss=6.477426
batch 5750/6296 loss=5.937657
batch 5800/6296 loss=6.064985
batch 5850/6296 loss=5.691627
batch 5900/6296 loss=6.266460
batch 5950/6296 loss=6.435276
batch 6000/6296 loss=6.295353
batch 6050/6296 loss=6.378136
batch 6100/6296 loss=6.502578
batch 6150/6296 loss=6.091051
batch 6200/6296 loss=6.359872
batch 6250/6296 loss=6.204940
epoch=29 train_loss=6.620280 val_loss=6.085678 best=5.840732 patience=28/50
batch 0/6296 loss=6.207485
batch 50/6296 loss=5.445457
batch 100/6296 loss=6.055206
batch 150/6296 loss=6.543108
batch 200/6296 loss=6.637589
batch 250/6296 loss=6.148149
batch 300/6296 loss=6.916946
batch 350/6296 loss=6.449869
batch 400/6296 loss=6.541416
batch 450/6296 loss=5.452785
batch 500/6296 loss=5.760089
batch 550/6296 loss=5.791883
batch 600/6296 loss=5.878312
batch 650/6296 loss=7.959706
batch 700/6296 loss=6.726142
batch 750/6296 loss=6.014047
batch 800/6296 loss=6.271909
batch 850/6296 loss=6.331304
batch 900/6296 loss=6.976892
batch 950/6296 loss=6.351223
batch 1000/6296 loss=6.639833
batch 1050/6296 loss=6.497355
batch 1100/6296 loss=6.262448
batch 1150/6296 loss=6.926183
batch 1200/6296 loss=6.321703
batch 1250/6296 loss=5.886955
batch 1300/6296 loss=6.168288
batch 1350/6296 loss=7.559938
batch 1400/6296 loss=6.856244
batch 1450/6296 loss=6.250601
batch 1500/6296 loss=6.440353
batch 1550/6296 loss=6.782131
batch 1600/6296 loss=7.966791
batch 1650/6296 loss=6.305783
batch 1700/6296 loss=6.477062
batch 1750/6296 loss=7.014812
batch 1800/6296 loss=6.400568
batch 1850/6296 loss=6.815756
batch 1900/6296 loss=6.463560
batch 1950/6296 loss=6.354755
batch 2000/6296 loss=6.815599
batch 2050/6296 loss=6.923196
batch 2100/6296 loss=6.455573
batch 2150/6296 loss=6.968210
batch 2200/6296 loss=6.058434
batch 2250/6296 loss=6.407737
batch 2300/6296 loss=6.173352
batch 2350/6296 loss=6.048035
batch 2400/6296 loss=7.365680
batch 2450/6296 loss=7.103958
batch 2500/6296 loss=6.666811
batch 2550/6296 loss=6.717359
batch 2600/6296 loss=6.307123
batch 2650/6296 loss=5.607271
batch 2700/6296 loss=6.276353
batch 2750/6296 loss=6.417818
batch 2800/6296 loss=6.577683
batch 2850/6296 loss=6.739069
batch 2900/6296 loss=6.147328
batch 2950/6296 loss=5.615860
batch 3000/6296 loss=6.226594
batch 3050/6296 loss=5.778486
batch 3100/6296 loss=5.667618
batch 3150/6296 loss=6.767602
batch 3200/6296 loss=6.357772
batch 3250/6296 loss=6.387458
batch 3300/6296 loss=6.856716
batch 3350/6296 loss=5.992998
batch 3400/6296 loss=6.095164
batch 3450/6296 loss=5.912765
batch 3500/6296 loss=5.824174
batch 3550/6296 loss=5.655331
batch 3600/6296 loss=6.358285
batch 3650/6296 loss=6.618867
batch 3700/6296 loss=6.471036
batch 3750/6296 loss=6.101084
batch 3800/6296 loss=6.497993
batch 3850/6296 loss=7.073062
batch 3900/6296 loss=5.841785
batch 3950/6296 loss=6.695367
batch 4000/6296 loss=5.621311
batch 4050/6296 loss=6.553581
batch 4100/6296 loss=6.393484
batch 4150/6296 loss=6.264400
batch 4200/6296 loss=6.949498
batch 4250/6296 loss=5.963054
batch 4300/6296 loss=6.517229
batch 4350/6296 loss=6.029623
batch 4400/6296 loss=6.150318
batch 4450/6296 loss=7.117340
batch 4500/6296 loss=5.681437
batch 4550/6296 loss=6.880949
batch 4600/6296 loss=7.028728
batch 4650/6296 loss=6.690162
batch 4700/6296 loss=5.882421
batch 4750/6296 loss=6.067174
batch 4800/6296 loss=6.387306
batch 4850/6296 loss=6.484983
batch 4900/6296 loss=5.803053
batch 4950/6296 loss=5.927972
batch 5000/6296 loss=6.810052
batch 5050/6296 loss=6.562842
batch 5100/6296 loss=5.969509
batch 5150/6296 loss=6.941072
batch 5200/6296 loss=6.091281
batch 5250/6296 loss=6.180545
batch 5300/6296 loss=6.438624
batch 5350/6296 loss=7.152841
batch 5400/6296 loss=6.628788
batch 5450/6296 loss=6.182045
batch 5500/6296 loss=6.608355
batch 5550/6296 loss=5.880512
batch 5600/6296 loss=6.758850
batch 5650/6296 loss=6.163939
batch 5700/6296 loss=6.671518
batch 5750/6296 loss=5.912757
batch 5800/6296 loss=6.289566
batch 5850/6296 loss=7.031209
batch 5900/6296 loss=6.687019
batch 5950/6296 loss=6.983219
batch 6000/6296 loss=6.646686
batch 6050/6296 loss=6.445278
batch 6100/6296 loss=7.109552
batch 6150/6296 loss=5.715782
batch 6200/6296 loss=6.448384
batch 6250/6296 loss=5.827223
epoch=30 train_loss=6.745031 val_loss=5.912809 best=5.840732 patience=29/50
batch 0/6296 loss=5.524816
batch 50/6296 loss=6.507362
batch 100/6296 loss=6.441026
batch 150/6296 loss=5.663712
batch 200/6296 loss=6.230931
batch 250/6296 loss=6.852315
batch 300/6296 loss=5.535829
batch 350/6296 loss=6.516118
batch 400/6296 loss=6.934816
batch 450/6296 loss=6.175603
batch 500/6296 loss=7.099098
batch 550/6296 loss=7.343679
batch 600/6296 loss=6.226717
batch 650/6296 loss=6.437168
batch 700/6296 loss=5.929484
batch 750/6296 loss=7.061103
batch 800/6296 loss=6.031227
batch 850/6296 loss=6.386583
batch 900/6296 loss=6.259152
batch 950/6296 loss=6.525347
batch 1000/6296 loss=6.997463
batch 1050/6296 loss=5.751984
batch 1100/6296 loss=6.421220
batch 1150/6296 loss=7.185880
batch 1200/6296 loss=5.611745
batch 1250/6296 loss=6.465189
batch 1300/6296 loss=6.538899
batch 1350/6296 loss=6.195528
batch 1400/6296 loss=6.403816
batch 1450/6296 loss=5.987291
batch 1500/6296 loss=6.047104
batch 1550/6296 loss=5.716523
batch 1600/6296 loss=7.043794
batch 1650/6296 loss=6.173712
batch 1700/6296 loss=6.398668
batch 1750/6296 loss=6.189821
batch 1800/6296 loss=5.257812
batch 1850/6296 loss=5.939126
batch 1900/6296 loss=7.037770
batch 1950/6296 loss=5.839713
batch 2000/6296 loss=6.632160
batch 2050/6296 loss=6.810813
batch 2100/6296 loss=5.801070
batch 2150/6296 loss=7.338400
batch 2200/6296 loss=6.522075
batch 2250/6296 loss=6.887492
batch 2300/6296 loss=5.812919
batch 2350/6296 loss=6.675491
batch 2400/6296 loss=6.537260
batch 2450/6296 loss=6.325644
batch 2500/6296 loss=6.120782
batch 2550/6296 loss=5.987939
batch 2600/6296 loss=6.540643
batch 2650/6296 loss=6.918205
batch 2700/6296 loss=6.371651
batch 2750/6296 loss=6.518486
batch 2800/6296 loss=6.206164
batch 2850/6296 loss=6.598485
batch 2900/6296 loss=6.519227
batch 2950/6296 loss=6.770676
batch 3000/6296 loss=7.041584
batch 3050/6296 loss=5.875115
batch 3100/6296 loss=6.542947
batch 3150/6296 loss=6.583140
batch 3200/6296 loss=5.798377
batch 3250/6296 loss=6.269918
batch 3300/6296 loss=6.530986
batch 3350/6296 loss=6.147895
batch 3400/6296 loss=6.554210
batch 3450/6296 loss=6.383129
batch 3500/6296 loss=5.812204
batch 3550/6296 loss=5.406183
batch 3600/6296 loss=5.836583
batch 3650/6296 loss=5.977352
batch 3700/6296 loss=6.227591
batch 3750/6296 loss=7.218151
batch 3800/6296 loss=6.067391
batch 3850/6296 loss=6.217318
batch 3900/6296 loss=5.856723
batch 3950/6296 loss=5.960800
batch 4000/6296 loss=5.869283
batch 4050/6296 loss=5.841553
batch 4100/6296 loss=6.529640
batch 4150/6296 loss=6.390977
batch 4200/6296 loss=6.136833
batch 4250/6296 loss=5.897510
batch 4300/6296 loss=7.699372
batch 4350/6296 loss=6.124341
batch 4400/6296 loss=6.730100
batch 4450/6296 loss=5.965303
batch 4500/6296 loss=5.660545
batch 4550/6296 loss=6.423313
batch 4600/6296 loss=5.856674
batch 4650/6296 loss=6.431854
batch 4700/6296 loss=6.375800
batch 4750/6296 loss=6.428333
batch 4800/6296 loss=6.027977
batch 4850/6296 loss=6.093238
batch 4900/6296 loss=4.867915
batch 4950/6296 loss=6.386101
batch 5000/6296 loss=7.072099
batch 5050/6296 loss=6.633550
batch 5100/6296 loss=5.621468
batch 5150/6296 loss=5.930798
batch 5200/6296 loss=6.153471
batch 5250/6296 loss=6.436826
batch 5300/6296 loss=6.695245
batch 5350/6296 loss=6.634929
batch 5400/6296 loss=6.336891
batch 5450/6296 loss=7.198256
batch 5500/6296 loss=5.393874
batch 5550/6296 loss=6.936209
batch 5600/6296 loss=5.860406
batch 5650/6296 loss=7.194617
batch 5700/6296 loss=7.133531
batch 5750/6296 loss=6.579517
batch 5800/6296 loss=5.980197
batch 5850/6296 loss=7.372903
batch 5900/6296 loss=7.290242
batch 5950/6296 loss=6.667732
batch 6000/6296 loss=6.009552
batch 6050/6296 loss=6.120402
batch 6100/6296 loss=6.057163
batch 6150/6296 loss=5.987536
batch 6200/6296 loss=5.799165
batch 6250/6296 loss=6.179536
epoch=31 train_loss=6.745454 val_loss=6.111529 best=5.840732 patience=30/50
batch 0/6296 loss=5.787451
batch 50/6296 loss=6.875664
batch 100/6296 loss=6.977742
batch 150/6296 loss=6.358533
batch 200/6296 loss=6.358769
batch 250/6296 loss=6.502095
batch 300/6296 loss=6.134201
batch 350/6296 loss=5.790700
batch 400/6296 loss=5.967692
batch 450/6296 loss=6.303707
batch 500/6296 loss=5.412837
batch 550/6296 loss=6.533838
batch 600/6296 loss=6.515921
batch 650/6296 loss=7.939712
batch 700/6296 loss=6.052118
batch 750/6296 loss=6.175355
batch 800/6296 loss=5.827301
batch 850/6296 loss=6.827805
batch 900/6296 loss=6.445264
batch 950/6296 loss=6.923560
batch 1000/6296 loss=5.800684
batch 1050/6296 loss=5.925305
batch 1100/6296 loss=6.711795
batch 1150/6296 loss=7.100739
batch 1200/6296 loss=7.198855
batch 1250/6296 loss=6.898378
batch 1300/6296 loss=6.953343
batch 1350/6296 loss=5.777925
batch 1400/6296 loss=6.069675
batch 1450/6296 loss=7.011771
batch 1500/6296 loss=6.357854
batch 1550/6296 loss=6.512823
batch 1600/6296 loss=6.015736
batch 1650/6296 loss=6.185926
batch 1700/6296 loss=5.856618
batch 1750/6296 loss=6.200868
batch 1800/6296 loss=5.974691
batch 1850/6296 loss=6.531213
batch 1900/6296 loss=5.638052
batch 1950/6296 loss=6.407154
batch 2000/6296 loss=6.177089
batch 2050/6296 loss=6.285167
batch 2100/6296 loss=6.043412
batch 2150/6296 loss=5.962239
batch 2200/6296 loss=5.896829
batch 2250/6296 loss=8.893756
batch 2300/6296 loss=5.842620
batch 2350/6296 loss=5.897884
batch 2400/6296 loss=5.925842
batch 2450/6296 loss=6.723442
batch 2500/6296 loss=6.612511
batch 2550/6296 loss=6.938037
batch 2600/6296 loss=5.896299
batch 2650/6296 loss=6.829117
batch 2700/6296 loss=7.162764
batch 2750/6296 loss=6.069073
batch 2800/6296 loss=6.487881
batch 2850/6296 loss=6.059263
batch 2900/6296 loss=5.752325
batch 2950/6296 loss=6.574835
batch 3000/6296 loss=6.578465
batch 3050/6296 loss=5.910213
batch 3100/6296 loss=5.926455
batch 3150/6296 loss=6.151668
batch 3200/6296 loss=5.953930
batch 3250/6296 loss=5.798037
batch 3300/6296 loss=6.205756
batch 3350/6296 loss=5.849777
batch 3400/6296 loss=5.887392
batch 3450/6296 loss=6.387788
batch 3500/6296 loss=6.246100
batch 3550/6296 loss=6.081468
batch 3600/6296 loss=6.191732
batch 3650/6296 loss=5.967287
batch 3700/6296 loss=6.353105
batch 3750/6296 loss=6.368260
batch 3800/6296 loss=6.221327
batch 3850/6296 loss=6.266468
batch 3900/6296 loss=6.140444
batch 3950/6296 loss=6.533236
batch 4000/6296 loss=6.005456
batch 4050/6296 loss=6.527442
batch 4100/6296 loss=7.033699
batch 4150/6296 loss=6.133266
batch 4200/6296 loss=6.694996
batch 4250/6296 loss=5.990938
batch 4300/6296 loss=6.498385
batch 4350/6296 loss=5.531152
batch 4400/6296 loss=6.393831
batch 4450/6296 loss=6.093277
batch 4500/6296 loss=5.557513
batch 4550/6296 loss=5.773834
batch 4600/6296 loss=6.247102
batch 4650/6296 loss=6.635176
batch 4700/6296 loss=6.300848
batch 4750/6296 loss=6.485739
batch 4800/6296 loss=7.512821
batch 4850/6296 loss=6.627148
batch 4900/6296 loss=6.100557
batch 4950/6296 loss=7.218494
batch 5000/6296 loss=5.795282
batch 5050/6296 loss=6.828202
batch 5100/6296 loss=5.517227
batch 5150/6296 loss=6.469644
batch 5200/6296 loss=6.363125
batch 5250/6296 loss=6.121292
batch 5300/6296 loss=5.895516
batch 5350/6296 loss=6.314281
batch 5400/6296 loss=6.227785
batch 5450/6296 loss=6.415585
batch 5500/6296 loss=6.265344
batch 5550/6296 loss=6.314970
batch 5600/6296 loss=7.268671
batch 5650/6296 loss=6.230093
batch 5700/6296 loss=6.648187
batch 5750/6296 loss=6.075607
batch 5800/6296 loss=6.930884
batch 5850/6296 loss=7.010967
batch 5900/6296 loss=9.131531
batch 5950/6296 loss=7.174255
batch 6000/6296 loss=6.623201
batch 6050/6296 loss=6.703371
batch 6100/6296 loss=6.275924
batch 6150/6296 loss=5.945842
batch 6200/6296 loss=6.841573
batch 6250/6296 loss=6.221596
epoch=32 train_loss=6.706550 val_loss=6.254223 best=5.840732 patience=31/50
batch 0/6296 loss=6.177842
batch 50/6296 loss=6.445288
batch 100/6296 loss=6.374229
batch 150/6296 loss=6.952348
batch 200/6296 loss=6.262508
batch 250/6296 loss=6.904622
batch 300/6296 loss=6.149341
batch 350/6296 loss=5.936752
batch 400/6296 loss=6.085588
batch 450/6296 loss=6.812768
batch 500/6296 loss=6.164062
batch 550/6296 loss=5.925798
batch 600/6296 loss=6.596533
batch 650/6296 loss=5.974916
batch 700/6296 loss=6.259199
batch 750/6296 loss=5.706907
batch 800/6296 loss=7.166519
batch 850/6296 loss=6.137381
batch 900/6296 loss=6.426907
batch 950/6296 loss=5.668298
batch 1000/6296 loss=6.216153
batch 1050/6296 loss=7.476505
batch 1100/6296 loss=6.819662
batch 1150/6296 loss=6.010580
batch 1200/6296 loss=6.520635
batch 1250/6296 loss=6.030734
batch 1300/6296 loss=7.364241
batch 1350/6296 loss=6.475957
batch 1400/6296 loss=6.408625
batch 1450/6296 loss=6.888410
batch 1500/6296 loss=7.038252
batch 1550/6296 loss=6.155360
batch 1600/6296 loss=6.133606
batch 1650/6296 loss=5.734283
batch 1700/6296 loss=6.068874
batch 1750/6296 loss=7.211436
batch 1800/6296 loss=6.095127
batch 1850/6296 loss=6.271611
batch 1900/6296 loss=6.288208
batch 1950/6296 loss=6.817856
batch 2000/6296 loss=6.732676
batch 2050/6296 loss=6.973717
batch 2100/6296 loss=5.969748
batch 2150/6296 loss=7.177229
batch 2200/6296 loss=6.279222
batch 2250/6296 loss=6.776915
batch 2300/6296 loss=6.591173
batch 2350/6296 loss=7.053398
batch 2400/6296 loss=6.816162
batch 2450/6296 loss=7.294727
batch 2500/6296 loss=6.949626
batch 2550/6296 loss=5.783084
batch 2600/6296 loss=7.033967
batch 2650/6296 loss=6.499085
batch 2700/6296 loss=6.328429
batch 2750/6296 loss=6.173534
batch 2800/6296 loss=6.641006
batch 2850/6296 loss=5.554440
batch 2900/6296 loss=6.008624
batch 2950/6296 loss=5.983061
batch 3000/6296 loss=6.234057
batch 3050/6296 loss=6.471915
batch 3100/6296 loss=6.094344
batch 3150/6296 loss=6.762141
batch 3200/6296 loss=6.543998
batch 3250/6296 loss=6.441673
batch 3300/6296 loss=6.369243
batch 3350/6296 loss=6.458034
batch 3400/6296 loss=6.421609
batch 3450/6296 loss=6.534673
batch 3500/6296 loss=8.036613
batch 3550/6296 loss=6.469022
batch 3600/6296 loss=5.979877
batch 3650/6296 loss=6.753030
batch 3700/6296 loss=6.618137
batch 3750/6296 loss=6.302527
batch 3800/6296 loss=6.700728
batch 3850/6296 loss=6.165668
batch 3900/6296 loss=6.817329
batch 3950/6296 loss=6.374344
batch 4000/6296 loss=6.679662
batch 4050/6296 loss=7.181776
batch 4100/6296 loss=5.917749
batch 4150/6296 loss=6.286916
batch 4200/6296 loss=6.109909
batch 4250/6296 loss=6.989850
batch 4300/6296 loss=6.618679
batch 4350/6296 loss=5.955455
batch 4400/6296 loss=6.899924
batch 4450/6296 loss=6.886516
batch 4500/6296 loss=6.457210
batch 4550/6296 loss=6.896062
batch 4600/6296 loss=6.637164
batch 4650/6296 loss=7.093781
batch 4700/6296 loss=7.189117
batch 4750/6296 loss=6.774090
batch 4800/6296 loss=6.047420
batch 4850/6296 loss=7.188817
batch 4900/6296 loss=6.465376
batch 4950/6296 loss=6.368759
batch 5000/6296 loss=6.978378
batch 5050/6296 loss=7.592015
batch 5100/6296 loss=6.373726
batch 5150/6296 loss=8.624147
batch 5200/6296 loss=6.393096
batch 5250/6296 loss=6.406201
batch 5300/6296 loss=6.167483
batch 5350/6296 loss=6.931511
batch 5400/6296 loss=6.557773
batch 5450/6296 loss=6.290928
batch 5500/6296 loss=6.429412
batch 5550/6296 loss=6.053708
batch 5600/6296 loss=6.896132
batch 5650/6296 loss=6.300104
batch 5700/6296 loss=7.351508
batch 5750/6296 loss=5.968139
batch 5800/6296 loss=6.049160
batch 5850/6296 loss=6.164669
batch 5900/6296 loss=5.963772
batch 5950/6296 loss=6.798262
batch 6000/6296 loss=6.016658
batch 6050/6296 loss=6.408979
batch 6100/6296 loss=6.374845
batch 6150/6296 loss=5.992183
batch 6200/6296 loss=5.741783
batch 6250/6296 loss=6.256880
epoch=33 train_loss=6.842457 val_loss=6.351795 best=5.840732 patience=32/50
batch 0/6296 loss=7.140225
batch 50/6296 loss=6.387994
batch 100/6296 loss=7.209354
batch 150/6296 loss=6.106380
batch 200/6296 loss=6.348624
batch 250/6296 loss=6.197929
batch 300/6296 loss=6.152195
batch 350/6296 loss=8.968884
batch 400/6296 loss=6.253772
batch 450/6296 loss=6.413237
batch 500/6296 loss=6.505345
batch 550/6296 loss=6.129664
batch 600/6296 loss=6.254279
batch 650/6296 loss=6.048162
batch 700/6296 loss=6.419062
batch 750/6296 loss=6.668390
batch 800/6296 loss=6.030401
batch 850/6296 loss=5.594274
batch 900/6296 loss=6.399437
batch 950/6296 loss=7.210918
batch 1000/6296 loss=6.723747
batch 1050/6296 loss=6.408766
batch 1100/6296 loss=6.320500
batch 1150/6296 loss=7.800249
batch 1200/6296 loss=6.438350
batch 1250/6296 loss=6.413040
batch 1300/6296 loss=6.056260
batch 1350/6296 loss=6.913818
batch 1400/6296 loss=6.239912
batch 1450/6296 loss=5.993852
batch 1500/6296 loss=6.698085
batch 1550/6296 loss=6.078102
batch 1600/6296 loss=6.362669
batch 1650/6296 loss=6.460102
batch 1700/6296 loss=7.401069
batch 1750/6296 loss=6.194254
batch 1800/6296 loss=6.538693
batch 1850/6296 loss=6.386294
batch 1900/6296 loss=5.621227
batch 1950/6296 loss=5.961031
batch 2000/6296 loss=6.323823
batch 2050/6296 loss=6.935745
batch 2100/6296 loss=6.101910
batch 2150/6296 loss=6.887953
batch 2200/6296 loss=6.454228
batch 2250/6296 loss=6.054813
batch 2300/6296 loss=7.119259
batch 2350/6296 loss=6.173040
batch 2400/6296 loss=5.808174
batch 2450/6296 loss=6.406531
batch 2500/6296 loss=5.781962
batch 2550/6296 loss=5.438276
batch 2600/6296 loss=6.236164
batch 2650/6296 loss=6.647835
batch 2700/6296 loss=7.766470
batch 2750/6296 loss=6.765254
batch 2800/6296 loss=6.776081
batch 2850/6296 loss=5.867456
batch 2900/6296 loss=5.731420
batch 2950/6296 loss=5.728889
batch 3000/6296 loss=6.190560
batch 3050/6296 loss=6.461883
batch 3100/6296 loss=6.234269
batch 3150/6296 loss=6.342121
batch 3200/6296 loss=6.236369
batch 3250/6296 loss=6.257852
batch 3300/6296 loss=7.098536
batch 3350/6296 loss=6.784014
batch 3400/6296 loss=5.804954
batch 3450/6296 loss=8.342822
batch 3500/6296 loss=5.968826
batch 3550/6296 loss=5.873470
batch 3600/6296 loss=8.040201
batch 3650/6296 loss=5.735709
batch 3700/6296 loss=5.962474
batch 3750/6296 loss=5.781626
batch 3800/6296 loss=5.760593
batch 3850/6296 loss=6.239069
batch 3900/6296 loss=6.016792
batch 3950/6296 loss=6.434795
batch 4000/6296 loss=6.124166
batch 4050/6296 loss=6.871641
batch 4100/6296 loss=5.779071
batch 4150/6296 loss=6.285686
batch 4200/6296 loss=5.649719
batch 4250/6296 loss=6.471790
batch 4300/6296 loss=5.816303
batch 4350/6296 loss=6.404259
batch 4400/6296 loss=6.484087
batch 4450/6296 loss=7.226319
batch 4500/6296 loss=6.000240
batch 4550/6296 loss=6.480852
batch 4600/6296 loss=6.013829
batch 4650/6296 loss=6.348195
batch 4700/6296 loss=8.830566
batch 4750/6296 loss=6.822372
batch 4800/6296 loss=5.775456
batch 4850/6296 loss=5.271072
batch 4900/6296 loss=5.804714
batch 4950/6296 loss=7.809537
batch 5000/6296 loss=5.844102
batch 5050/6296 loss=6.336631
batch 5100/6296 loss=6.339947
batch 5150/6296 loss=6.027657
batch 5200/6296 loss=6.103209
batch 5250/6296 loss=6.154261
batch 5300/6296 loss=6.438438
batch 5350/6296 loss=5.814546
batch 5400/6296 loss=6.859024
batch 5450/6296 loss=6.239463
batch 5500/6296 loss=6.926350
batch 5550/6296 loss=6.215898
batch 5600/6296 loss=5.742819
batch 5650/6296 loss=6.093345
batch 5700/6296 loss=6.791315
batch 5750/6296 loss=5.985333
batch 5800/6296 loss=6.076933
batch 5850/6296 loss=6.653061
batch 5900/6296 loss=6.189297
batch 5950/6296 loss=5.763269
batch 6000/6296 loss=6.900562
batch 6050/6296 loss=6.801047
batch 6100/6296 loss=7.394148
batch 6150/6296 loss=5.793132
batch 6200/6296 loss=6.567254
batch 6250/6296 loss=6.576053
epoch=34 train_loss=6.768953 val_loss=6.028049 best=5.840732 patience=33/50
batch 0/6296 loss=5.998790
batch 50/6296 loss=5.936876
batch 100/6296 loss=5.263124
batch 150/6296 loss=6.796883
batch 200/6296 loss=5.904487
batch 250/6296 loss=7.032622
batch 300/6296 loss=7.049809
batch 350/6296 loss=5.660432
batch 400/6296 loss=6.471387
batch 450/6296 loss=6.452915
batch 500/6296 loss=6.120457
batch 550/6296 loss=5.991700
batch 600/6296 loss=6.837298
batch 650/6296 loss=6.263568
batch 700/6296 loss=6.001609
batch 750/6296 loss=5.828847
batch 800/6296 loss=6.374742
batch 850/6296 loss=6.365675
batch 900/6296 loss=6.906737
batch 950/6296 loss=7.293448
batch 1000/6296 loss=5.844188
batch 1050/6296 loss=6.458477
batch 1100/6296 loss=5.639395
batch 1150/6296 loss=6.963471
batch 1200/6296 loss=7.117011
batch 1250/6296 loss=7.060460
batch 1300/6296 loss=6.284878
batch 1350/6296 loss=10.933111
batch 1400/6296 loss=6.200390
batch 1450/6296 loss=6.516881
batch 1500/6296 loss=6.219525
batch 1550/6296 loss=6.829778
batch 1600/6296 loss=5.815748
batch 1650/6296 loss=6.377698
batch 1700/6296 loss=6.408679
batch 1750/6296 loss=6.166378
batch 1800/6296 loss=6.520245
batch 1850/6296 loss=6.018085
batch 1900/6296 loss=5.853819
batch 1950/6296 loss=6.155344
batch 2000/6296 loss=6.209787
batch 2050/6296 loss=6.348747
batch 2100/6296 loss=5.706809
batch 2150/6296 loss=6.628694
batch 2200/6296 loss=6.287794
batch 2250/6296 loss=6.261580
batch 2300/6296 loss=6.904410
batch 2350/6296 loss=6.548248
batch 2400/6296 loss=6.134784
batch 2450/6296 loss=6.066308
batch 2500/6296 loss=6.003158
batch 2550/6296 loss=6.534942
batch 2600/6296 loss=5.780356
batch 2650/6296 loss=5.602394
batch 2700/6296 loss=6.462787
batch 2750/6296 loss=5.739817
batch 2800/6296 loss=6.373554
batch 2850/6296 loss=7.542005
batch 2900/6296 loss=7.051460
batch 2950/6296 loss=6.201241
batch 3000/6296 loss=6.393031
batch 3050/6296 loss=6.488828
batch 3100/6296 loss=6.434544
batch 3150/6296 loss=5.852418
batch 3200/6296 loss=6.901615
batch 3250/6296 loss=5.981172
batch 3300/6296 loss=6.421989
batch 3350/6296 loss=6.615510
batch 3400/6296 loss=6.720289
batch 3450/6296 loss=6.533440
batch 3500/6296 loss=6.141096
batch 3550/6296 loss=6.774367
batch 3600/6296 loss=6.040553
batch 3650/6296 loss=7.355726
batch 3700/6296 loss=5.924451
batch 3750/6296 loss=6.205786
batch 3800/6296 loss=6.068985
batch 3850/6296 loss=5.827062
batch 3900/6296 loss=6.736089
batch 3950/6296 loss=6.890331
batch 4000/6296 loss=5.946582
batch 4050/6296 loss=7.106390
batch 4100/6296 loss=6.085397
batch 4150/6296 loss=5.852933
batch 4200/6296 loss=7.060243
batch 4250/6296 loss=6.008844
batch 4300/6296 loss=6.184398
batch 4350/6296 loss=6.477481
batch 4400/6296 loss=7.655274
batch 4450/6296 loss=7.127922
batch 4500/6296 loss=5.978557
batch 4550/6296 loss=5.532205
batch 4600/6296 loss=6.287135
batch 4650/6296 loss=5.968305
batch 4700/6296 loss=7.853763
batch 4750/6296 loss=6.648149
batch 4800/6296 loss=6.707195
batch 4850/6296 loss=6.025757
batch 4900/6296 loss=6.830057
batch 4950/6296 loss=6.275142
batch 5000/6296 loss=6.861782
batch 5050/6296 loss=6.485382
batch 5100/6296 loss=5.921266
batch 5150/6296 loss=6.224038
batch 5200/6296 loss=6.284155
batch 5250/6296 loss=5.960122
batch 5300/6296 loss=6.086782
batch 5350/6296 loss=6.194739
batch 5400/6296 loss=5.952801
batch 5450/6296 loss=6.402448
batch 5500/6296 loss=5.707269
batch 5550/6296 loss=5.774348
batch 5600/6296 loss=6.023324
batch 5650/6296 loss=7.447376
batch 5700/6296 loss=7.397041
batch 5750/6296 loss=6.302745
batch 5800/6296 loss=5.783926
batch 5850/6296 loss=6.463185
batch 5900/6296 loss=5.715280
batch 5950/6296 loss=6.678108
batch 6000/6296 loss=8.070971
batch 6050/6296 loss=6.990318
batch 6100/6296 loss=6.119258
batch 6150/6296 loss=6.059652
batch 6200/6296 loss=6.074741
batch 6250/6296 loss=5.959467
epoch=35 train_loss=6.840913 val_loss=6.065294 best=5.840732 patience=34/50
batch 0/6296 loss=6.623013
batch 50/6296 loss=5.798287
batch 100/6296 loss=6.411040
batch 150/6296 loss=7.196849
batch 200/6296 loss=5.881671
batch 250/6296 loss=6.924722
batch 300/6296 loss=6.520822
batch 350/6296 loss=6.479047
batch 400/6296 loss=5.742233
batch 450/6296 loss=6.176403
batch 500/6296 loss=5.877380
batch 550/6296 loss=6.357404
batch 600/6296 loss=7.985072
batch 650/6296 loss=7.301108
batch 700/6296 loss=5.517496
batch 750/6296 loss=5.813632
batch 800/6296 loss=7.181541
batch 850/6296 loss=6.783508
batch 900/6296 loss=5.519675
batch 950/6296 loss=7.123288
batch 1000/6296 loss=6.780486
batch 1050/6296 loss=5.444744
batch 1100/6296 loss=7.116680
batch 1150/6296 loss=6.551995
batch 1200/6296 loss=7.256195
batch 1250/6296 loss=6.841276
batch 1300/6296 loss=7.159044
batch 1350/6296 loss=6.745997
batch 1400/6296 loss=5.904896
batch 1450/6296 loss=7.878439
batch 1500/6296 loss=6.238226
batch 1550/6296 loss=5.982086
batch 1600/6296 loss=5.981439
batch 1650/6296 loss=5.888783
batch 1700/6296 loss=5.603446
batch 1750/6296 loss=6.798494
batch 1800/6296 loss=6.268506
batch 1850/6296 loss=6.283562
batch 1900/6296 loss=6.192550
batch 1950/6296 loss=7.518741
batch 2000/6296 loss=5.857611
batch 2050/6296 loss=5.661114
batch 2100/6296 loss=6.142017
batch 2150/6296 loss=6.834287
batch 2200/6296 loss=6.259848
batch 2250/6296 loss=7.348076
batch 2300/6296 loss=6.276498
batch 2350/6296 loss=5.629358
batch 2400/6296 loss=6.933422
batch 2450/6296 loss=6.385082
batch 2500/6296 loss=6.724813
batch 2550/6296 loss=5.863345
batch 2600/6296 loss=6.004804
batch 2650/6296 loss=6.031398
batch 2700/6296 loss=5.734323
batch 2750/6296 loss=6.387668
batch 2800/6296 loss=5.880290
batch 2850/6296 loss=6.065540
batch 2900/6296 loss=6.222074
batch 2950/6296 loss=6.416908
batch 3000/6296 loss=7.460732
batch 3050/6296 loss=6.100160
batch 3100/6296 loss=6.468492
batch 3150/6296 loss=5.972253
batch 3200/6296 loss=6.987483
batch 3250/6296 loss=6.994359
batch 3300/6296 loss=6.781307
batch 3350/6296 loss=6.570897
batch 3400/6296 loss=6.006415
batch 3450/6296 loss=5.792692
batch 3500/6296 loss=6.585060
batch 3550/6296 loss=5.981622
batch 3600/6296 loss=6.110578
batch 3650/6296 loss=6.812360
batch 3700/6296 loss=6.477056
batch 3750/6296 loss=7.982425
batch 3800/6296 loss=6.720899
batch 3850/6296 loss=7.031398
batch 3900/6296 loss=6.372055
batch 3950/6296 loss=6.752064
batch 4000/6296 loss=8.333113
batch 4050/6296 loss=6.003068
batch 4100/6296 loss=6.888845
batch 4150/6296 loss=6.011265
batch 4200/6296 loss=7.279809
batch 4250/6296 loss=6.128944
batch 4300/6296 loss=6.708516
batch 4350/6296 loss=7.574260
batch 4400/6296 loss=6.302494
batch 4450/6296 loss=6.384437
batch 4500/6296 loss=6.849996
batch 4550/6296 loss=6.684260
batch 4600/6296 loss=6.325032
batch 4650/6296 loss=6.259571
batch 4700/6296 loss=6.166821
batch 4750/6296 loss=6.287542
batch 4800/6296 loss=6.678626
batch 4850/6296 loss=6.220017
batch 4900/6296 loss=6.337875
batch 4950/6296 loss=6.638525
batch 5000/6296 loss=6.447481
batch 5050/6296 loss=6.654166
batch 5100/6296 loss=7.620309
batch 5150/6296 loss=7.027330
batch 5200/6296 loss=6.984239
batch 5250/6296 loss=6.313710
batch 5300/6296 loss=6.910454
batch 5350/6296 loss=6.269784
batch 5400/6296 loss=6.272190
batch 5450/6296 loss=6.870566
batch 5500/6296 loss=6.403126
batch 5550/6296 loss=5.933578
batch 5600/6296 loss=6.142093
batch 5650/6296 loss=5.940746
batch 5700/6296 loss=7.622153
batch 5750/6296 loss=6.223442
batch 5800/6296 loss=6.209015
batch 5850/6296 loss=6.285075
batch 5900/6296 loss=6.429856
batch 5950/6296 loss=5.735169
batch 6000/6296 loss=6.018361
batch 6050/6296 loss=6.665915
batch 6100/6296 loss=6.542946
batch 6150/6296 loss=6.301174
batch 6200/6296 loss=6.747776
batch 6250/6296 loss=6.967807
epoch=36 train_loss=7.027361 val_loss=6.175342 best=5.840732 patience=35/50
batch 0/6296 loss=6.158517
batch 50/6296 loss=7.390816
batch 100/6296 loss=6.169988
batch 150/6296 loss=5.636155
batch 200/6296 loss=6.938840
batch 250/6296 loss=6.706450
batch 300/6296 loss=6.229507
batch 350/6296 loss=6.181669
batch 400/6296 loss=6.058180
batch 450/6296 loss=6.037689
batch 500/6296 loss=7.420803
batch 550/6296 loss=6.518944
batch 600/6296 loss=5.746619
batch 650/6296 loss=6.153578
batch 700/6296 loss=6.761463
batch 750/6296 loss=5.736215
batch 800/6296 loss=6.521422
batch 850/6296 loss=6.692409
batch 900/6296 loss=6.575183
batch 950/6296 loss=5.898973
batch 1000/6296 loss=6.385612
batch 1050/6296 loss=6.144359
batch 1100/6296 loss=6.221860
batch 1150/6296 loss=6.400238
batch 1200/6296 loss=6.902696
batch 1250/6296 loss=6.004768
batch 1300/6296 loss=6.622644
batch 1350/6296 loss=6.023233
batch 1400/6296 loss=5.364282
batch 1450/6296 loss=6.268110
batch 1500/6296 loss=5.924771
batch 1550/6296 loss=6.217531
batch 1600/6296 loss=6.518450
batch 1650/6296 loss=6.973765
batch 1700/6296 loss=6.591625
batch 1750/6296 loss=6.288869
batch 1800/6296 loss=6.129626
batch 1850/6296 loss=6.722626
batch 1900/6296 loss=6.305107
batch 1950/6296 loss=6.589388
batch 2000/6296 loss=5.924763
batch 2050/6296 loss=6.415084
batch 2100/6296 loss=6.549568
batch 2150/6296 loss=6.238363
batch 2200/6296 loss=6.448171
batch 2250/6296 loss=6.406250
batch 2300/6296 loss=7.303056
batch 2350/6296 loss=6.050392
batch 2400/6296 loss=6.634172
batch 2450/6296 loss=6.781971
batch 2500/6296 loss=6.261226
batch 2550/6296 loss=7.155483
batch 2600/6296 loss=5.449358
batch 2650/6296 loss=7.617227
batch 2700/6296 loss=6.184831
batch 2750/6296 loss=7.330192
batch 2800/6296 loss=6.853387
batch 2850/6296 loss=5.735812
batch 2900/6296 loss=6.337242
batch 2950/6296 loss=6.876541
batch 3000/6296 loss=6.198617
batch 3050/6296 loss=6.348110
batch 3100/6296 loss=5.636434
batch 3150/6296 loss=6.423220
batch 3200/6296 loss=6.508996
batch 3250/6296 loss=7.666098
batch 3300/6296 loss=6.336933
batch 3350/6296 loss=6.614048
batch 3400/6296 loss=5.584405
batch 3450/6296 loss=5.823167
batch 3500/6296 loss=6.855068
batch 3550/6296 loss=6.080458
batch 3600/6296 loss=5.674415
batch 3650/6296 loss=6.963859
batch 3700/6296 loss=6.146178
batch 3750/6296 loss=7.110780
batch 3800/6296 loss=6.344901
batch 3850/6296 loss=6.541847
batch 3900/6296 loss=6.083768
batch 3950/6296 loss=7.229623
batch 4000/6296 loss=7.800163
batch 4050/6296 loss=6.502825
batch 4100/6296 loss=7.199922
batch 4150/6296 loss=6.380638
batch 4200/6296 loss=5.459959
batch 4250/6296 loss=6.998581
batch 4300/6296 loss=6.056037
batch 4350/6296 loss=5.718749
batch 4400/6296 loss=6.968339
batch 4450/6296 loss=6.058435
batch 4500/6296 loss=6.313213
batch 4550/6296 loss=6.736064
batch 4600/6296 loss=6.526851
batch 4650/6296 loss=7.167931
batch 4700/6296 loss=6.010045
batch 4750/6296 loss=6.719565
batch 4800/6296 loss=6.257683
batch 4850/6296 loss=6.216818
batch 4900/6296 loss=5.998386
batch 4950/6296 loss=6.117855
batch 5000/6296 loss=6.481945
batch 5050/6296 loss=6.080322
batch 5100/6296 loss=7.185884
batch 5150/6296 loss=6.313167
batch 5200/6296 loss=5.546117
batch 5250/6296 loss=6.681091
batch 5300/6296 loss=6.113701
batch 5350/6296 loss=5.782828
batch 5400/6296 loss=5.942904
batch 5450/6296 loss=6.101268
batch 5500/6296 loss=6.019184
batch 5550/6296 loss=6.836758
batch 5600/6296 loss=6.233362
batch 5650/6296 loss=6.356277
batch 5700/6296 loss=6.273191
batch 5750/6296 loss=6.485515
batch 5800/6296 loss=6.153869
batch 5850/6296 loss=6.343556
batch 5900/6296 loss=5.931455
batch 5950/6296 loss=6.135218
batch 6000/6296 loss=6.336492
batch 6050/6296 loss=6.505919
batch 6100/6296 loss=6.999764
batch 6150/6296 loss=7.966072
batch 6200/6296 loss=7.524909
batch 6250/6296 loss=10.551100
epoch=37 train_loss=6.864774 val_loss=6.251242 best=5.840732 patience=36/50
batch 0/6296 loss=6.582088
batch 50/6296 loss=7.058913
batch 100/6296 loss=7.065146
batch 150/6296 loss=5.926967
batch 200/6296 loss=6.240568
batch 250/6296 loss=5.407085
batch 300/6296 loss=6.109367
batch 350/6296 loss=6.146754
batch 400/6296 loss=6.654242
batch 450/6296 loss=6.530643
batch 500/6296 loss=6.953434
batch 550/6296 loss=6.297587
batch 600/6296 loss=6.473926
batch 650/6296 loss=6.269853
batch 700/6296 loss=5.981285
batch 750/6296 loss=6.016456
batch 800/6296 loss=6.612255
batch 850/6296 loss=5.981533
batch 900/6296 loss=7.089145
batch 950/6296 loss=6.233450
batch 1000/6296 loss=6.429323
batch 1050/6296 loss=6.308622
batch 1100/6296 loss=5.699047
batch 1150/6296 loss=6.840639
batch 1200/6296 loss=6.496728
batch 1250/6296 loss=6.069924
batch 1300/6296 loss=6.389135
batch 1350/6296 loss=6.558113
batch 1400/6296 loss=6.806806
batch 1450/6296 loss=7.252027
batch 1500/6296 loss=6.111125
batch 1550/6296 loss=5.885646
batch 1600/6296 loss=6.642429
batch 1650/6296 loss=7.170874
batch 1700/6296 loss=6.258628
batch 1750/6296 loss=5.729381
batch 1800/6296 loss=5.684972
batch 1850/6296 loss=6.813972
batch 1900/6296 loss=6.691521
batch 1950/6296 loss=5.786511
batch 2000/6296 loss=6.247077
batch 2050/6296 loss=5.831217
batch 2100/6296 loss=6.359978
batch 2150/6296 loss=7.833287
batch 2200/6296 loss=6.378057
batch 2250/6296 loss=6.735036
batch 2300/6296 loss=6.955350
batch 2350/6296 loss=6.305990
batch 2400/6296 loss=6.788111
batch 2450/6296 loss=5.875344
batch 2500/6296 loss=6.342958
batch 2550/6296 loss=5.888726
batch 2600/6296 loss=5.915912
batch 2650/6296 loss=6.134634
batch 2700/6296 loss=6.395535
batch 2750/6296 loss=6.096466
batch 2800/6296 loss=6.209475
batch 2850/6296 loss=5.204363
batch 2900/6296 loss=6.272460
batch 2950/6296 loss=6.827056
batch 3000/6296 loss=6.009116
batch 3050/6296 loss=5.825691
batch 3100/6296 loss=6.605383
batch 3150/6296 loss=6.051375
batch 3200/6296 loss=7.423641
batch 3250/6296 loss=6.782608
batch 3300/6296 loss=7.058981
batch 3350/6296 loss=6.217360
batch 3400/6296 loss=6.059875
batch 3450/6296 loss=7.572824
batch 3500/6296 loss=7.133077
batch 3550/6296 loss=6.151187
batch 3600/6296 loss=6.192229
batch 3650/6296 loss=5.976416
batch 3700/6296 loss=7.515557
batch 3750/6296 loss=5.917572
batch 3800/6296 loss=6.338153
batch 3850/6296 loss=5.869152
batch 3900/6296 loss=6.471139
batch 3950/6296 loss=6.567577
batch 4000/6296 loss=6.646999
batch 4050/6296 loss=6.815212
batch 4100/6296 loss=5.987162
batch 4150/6296 loss=6.347766
batch 4200/6296 loss=6.618745
batch 4250/6296 loss=6.216636
batch 4300/6296 loss=6.432943
batch 4350/6296 loss=6.069940
batch 4400/6296 loss=6.694224
batch 4450/6296 loss=6.937784
batch 4500/6296 loss=6.785924
batch 4550/6296 loss=6.704212
batch 4600/6296 loss=7.094638
batch 4650/6296 loss=6.851823
batch 4700/6296 loss=6.153218
batch 4750/6296 loss=7.106515
batch 4800/6296 loss=6.649217
batch 4850/6296 loss=6.865167
batch 4900/6296 loss=6.156110
batch 4950/6296 loss=5.918033
batch 5000/6296 loss=6.519304
batch 5050/6296 loss=7.066748
batch 5100/6296 loss=7.166415
batch 5150/6296 loss=6.285752
batch 5200/6296 loss=6.313683
batch 5250/6296 loss=6.607461
batch 5300/6296 loss=6.234697
batch 5350/6296 loss=6.187377
batch 5400/6296 loss=6.654103
batch 5450/6296 loss=6.385255
batch 5500/6296 loss=6.919540
batch 5550/6296 loss=6.157075
batch 5600/6296 loss=6.522345
batch 5650/6296 loss=8.964198
batch 5700/6296 loss=7.326873
batch 5750/6296 loss=6.753652
batch 5800/6296 loss=6.310709
batch 5850/6296 loss=5.890995
batch 5900/6296 loss=7.310731
batch 5950/6296 loss=6.572350
batch 6000/6296 loss=6.571651
batch 6050/6296 loss=6.112615
batch 6100/6296 loss=7.346161
batch 6150/6296 loss=6.552556
batch 6200/6296 loss=6.086704
batch 6250/6296 loss=5.804621
epoch=38 train_loss=6.854196 val_loss=6.012955 best=5.840732 patience=37/50
batch 0/6296 loss=6.225920
batch 50/6296 loss=5.717258
batch 100/6296 loss=6.905548
batch 150/6296 loss=6.679996
batch 200/6296 loss=7.107981
batch 250/6296 loss=6.517648
batch 300/6296 loss=5.855742
batch 350/6296 loss=6.213869
batch 400/6296 loss=6.506510
batch 450/6296 loss=6.113631
batch 500/6296 loss=6.153177
batch 550/6296 loss=6.099243
batch 600/6296 loss=6.044506
batch 650/6296 loss=6.662021
batch 700/6296 loss=6.816041
batch 750/6296 loss=6.187639
batch 800/6296 loss=6.547146
batch 850/6296 loss=6.735191
batch 900/6296 loss=6.254357
batch 950/6296 loss=6.504739
batch 1000/6296 loss=6.766053
batch 1050/6296 loss=5.717093
batch 1100/6296 loss=5.981002
batch 1150/6296 loss=6.359074
batch 1200/6296 loss=6.441705
batch 1250/6296 loss=6.103564
batch 1300/6296 loss=6.023511
batch 1350/6296 loss=6.870459
batch 1400/6296 loss=6.438140
batch 1450/6296 loss=6.241626
batch 1500/6296 loss=5.761431
batch 1550/6296 loss=7.026021
batch 1600/6296 loss=6.305610
batch 1650/6296 loss=5.871366
batch 1700/6296 loss=6.455644
batch 1750/6296 loss=5.962840
batch 1800/6296 loss=6.269020
batch 1850/6296 loss=6.387008
batch 1900/6296 loss=6.597963
batch 1950/6296 loss=7.333169
batch 2000/6296 loss=6.806360
batch 2050/6296 loss=6.460262
batch 2100/6296 loss=7.802842
batch 2150/6296 loss=6.764162
batch 2200/6296 loss=5.944521
batch 2250/6296 loss=5.814104
batch 2300/6296 loss=6.615111
batch 2350/6296 loss=6.917728
batch 2400/6296 loss=6.035194
batch 2450/6296 loss=6.617245
batch 2500/6296 loss=5.792779
batch 2550/6296 loss=6.693401
batch 2600/6296 loss=6.387641
batch 2650/6296 loss=6.352364
batch 2700/6296 loss=6.173525
batch 2750/6296 loss=6.561250
batch 2800/6296 loss=6.342845
batch 2850/6296 loss=6.020286
batch 2900/6296 loss=6.557217
batch 2950/6296 loss=6.605548
batch 3000/6296 loss=6.104671
batch 3050/6296 loss=6.320584
batch 3100/6296 loss=6.739727
batch 3150/6296 loss=5.727474
batch 3200/6296 loss=6.824468
batch 3250/6296 loss=6.285229
batch 3300/6296 loss=6.429327
batch 3350/6296 loss=6.029245
batch 3400/6296 loss=6.830725
batch 3450/6296 loss=6.367930
batch 3500/6296 loss=6.257980
batch 3550/6296 loss=5.990222
batch 3600/6296 loss=6.707856
batch 3650/6296 loss=6.436970
batch 3700/6296 loss=6.237182
batch 3750/6296 loss=6.141203
batch 3800/6296 loss=5.874628
batch 3850/6296 loss=6.663419
batch 3900/6296 loss=6.138536
batch 3950/6296 loss=6.225747
batch 4000/6296 loss=7.451834
batch 4050/6296 loss=6.300807
batch 4100/6296 loss=6.719388
batch 4150/6296 loss=6.110239
batch 4200/6296 loss=6.118173
batch 4250/6296 loss=5.540330
batch 4300/6296 loss=5.952430
batch 4350/6296 loss=5.533513
batch 4400/6296 loss=6.606307
batch 4450/6296 loss=6.595127
batch 4500/6296 loss=6.382850
batch 4550/6296 loss=6.412932
batch 4600/6296 loss=6.969869
batch 4650/6296 loss=6.863216
batch 4700/6296 loss=6.401441
batch 4750/6296 loss=6.667663
batch 4800/6296 loss=6.052114
batch 4850/6296 loss=5.579868
batch 4900/6296 loss=6.283165
batch 4950/6296 loss=6.775841
batch 5000/6296 loss=6.108301
batch 5050/6296 loss=6.685277
batch 5100/6296 loss=6.173126
batch 5150/6296 loss=6.982010
batch 5200/6296 loss=6.402954
batch 5250/6296 loss=6.526325
batch 5300/6296 loss=6.405579
batch 5350/6296 loss=6.490272
batch 5400/6296 loss=7.498440
batch 5450/6296 loss=6.716859
batch 5500/6296 loss=6.508453
batch 5550/6296 loss=6.023162
batch 5600/6296 loss=6.556783
batch 5650/6296 loss=7.088914
batch 5700/6296 loss=6.115413
batch 5750/6296 loss=6.532238
batch 5800/6296 loss=6.874240
batch 5850/6296 loss=5.521178
batch 5900/6296 loss=6.404130
batch 5950/6296 loss=6.597244
batch 6000/6296 loss=6.316211
batch 6050/6296 loss=5.885735
batch 6100/6296 loss=6.138231
batch 6150/6296 loss=6.279631
batch 6200/6296 loss=6.209732
batch 6250/6296 loss=6.213194
epoch=39 train_loss=6.620784 val_loss=6.457020 best=5.840732 patience=38/50
batch 0/6296 loss=7.234825
batch 50/6296 loss=6.732451
batch 100/6296 loss=5.612007
batch 150/6296 loss=6.866706
batch 200/6296 loss=6.924103
batch 250/6296 loss=7.553394
batch 300/6296 loss=6.747501
batch 350/6296 loss=6.668211
batch 400/6296 loss=6.364612
batch 450/6296 loss=6.766901
batch 500/6296 loss=6.198506
batch 550/6296 loss=6.285512
batch 600/6296 loss=5.720223
batch 650/6296 loss=6.056179
batch 700/6296 loss=6.520926
batch 750/6296 loss=6.454267
batch 800/6296 loss=6.161935
batch 850/6296 loss=6.652890
batch 900/6296 loss=6.038253
batch 950/6296 loss=5.782156
batch 1000/6296 loss=6.065103
batch 1050/6296 loss=6.482232
batch 1100/6296 loss=5.991447
batch 1150/6296 loss=6.668299
batch 1200/6296 loss=6.782936
batch 1250/6296 loss=6.294289
batch 1300/6296 loss=6.798029
batch 1350/6296 loss=5.942708
batch 1400/6296 loss=7.348400
batch 1450/6296 loss=6.600273
batch 1500/6296 loss=6.783959
batch 1550/6296 loss=6.503648
batch 1600/6296 loss=6.490758
batch 1650/6296 loss=6.127190
batch 1700/6296 loss=6.129937
batch 1750/6296 loss=5.988297
batch 1800/6296 loss=6.405007
batch 1850/6296 loss=6.823390
batch 1900/6296 loss=7.780042
batch 1950/6296 loss=6.368554
batch 2000/6296 loss=6.637115
batch 2050/6296 loss=6.827834
batch 2100/6296 loss=5.893812
batch 2150/6296 loss=6.106822
batch 2200/6296 loss=6.230422
batch 2250/6296 loss=6.526270
batch 2300/6296 loss=6.004944
batch 2350/6296 loss=7.566269
batch 2400/6296 loss=6.915152
batch 2450/6296 loss=6.832806
batch 2500/6296 loss=5.691045
batch 2550/6296 loss=5.873513
batch 2600/6296 loss=7.247005
batch 2650/6296 loss=6.208990
batch 2700/6296 loss=5.838359
batch 2750/6296 loss=6.503000
batch 2800/6296 loss=6.850775
batch 2850/6296 loss=6.365077
batch 2900/6296 loss=6.184609
batch 2950/6296 loss=6.108434
batch 3000/6296 loss=5.460053
batch 3050/6296 loss=6.674397
batch 3100/6296 loss=6.126999
batch 3150/6296 loss=7.265201
batch 3200/6296 loss=6.752811
batch 3250/6296 loss=6.308059
batch 3300/6296 loss=6.105371
batch 3350/6296 loss=6.400617
batch 3400/6296 loss=6.168120
batch 3450/6296 loss=6.436925
batch 3500/6296 loss=6.999361
batch 3550/6296 loss=5.802185
batch 3600/6296 loss=6.543171
batch 3650/6296 loss=5.639274
batch 3700/6296 loss=7.522205
batch 3750/6296 loss=5.627217
batch 3800/6296 loss=6.598969
batch 3850/6296 loss=6.442870
batch 3900/6296 loss=6.180032
batch 3950/6296 loss=6.398929
batch 4000/6296 loss=6.032522
batch 4050/6296 loss=6.536156
batch 4100/6296 loss=6.160161
batch 4150/6296 loss=6.095731
batch 4200/6296 loss=6.846714
batch 4250/6296 loss=6.108944
batch 4300/6296 loss=7.013294
batch 4350/6296 loss=6.573051
batch 4400/6296 loss=6.222134
batch 4450/6296 loss=6.261404
batch 4500/6296 loss=8.102976
batch 4550/6296 loss=6.866381
batch 4600/6296 loss=8.142848
batch 4650/6296 loss=6.255349
batch 4700/6296 loss=6.342543
batch 4750/6296 loss=6.293308
batch 4800/6296 loss=6.777606
batch 4850/6296 loss=5.726392
batch 4900/6296 loss=5.959300
batch 4950/6296 loss=5.960477
batch 5000/6296 loss=6.694764
batch 5050/6296 loss=6.525384
batch 5100/6296 loss=5.701026
batch 5150/6296 loss=7.257017
batch 5200/6296 loss=5.607149
batch 5250/6296 loss=6.110054
batch 5300/6296 loss=6.481761
batch 5350/6296 loss=7.514984
batch 5400/6296 loss=6.074074
batch 5450/6296 loss=5.293601
batch 5500/6296 loss=6.163539
batch 5550/6296 loss=6.257596
batch 5600/6296 loss=6.996208
batch 5650/6296 loss=6.109817
batch 5700/6296 loss=6.994237
batch 5750/6296 loss=6.174949
batch 5800/6296 loss=6.359039
batch 5850/6296 loss=6.374027
batch 5900/6296 loss=6.518582
batch 5950/6296 loss=6.479027
batch 6000/6296 loss=5.994548
batch 6050/6296 loss=6.059583
batch 6100/6296 loss=6.176870
batch 6150/6296 loss=5.808706
batch 6200/6296 loss=6.795181
batch 6250/6296 loss=5.960908
epoch=40 train_loss=6.788374 val_loss=6.161633 best=5.840732 patience=39/50
batch 0/6296 loss=6.656212
batch 50/6296 loss=5.757847
batch 100/6296 loss=6.168149
batch 150/6296 loss=6.276339
batch 200/6296 loss=6.310694
batch 250/6296 loss=6.713162
batch 300/6296 loss=6.382035
batch 350/6296 loss=5.944845
batch 400/6296 loss=6.138687
batch 450/6296 loss=5.964963
batch 500/6296 loss=6.515759
batch 550/6296 loss=6.736854
batch 600/6296 loss=6.546944
batch 650/6296 loss=6.505005
batch 700/6296 loss=8.139195
batch 750/6296 loss=5.553148
batch 800/6296 loss=7.024059
batch 850/6296 loss=6.625938
batch 900/6296 loss=6.097499
batch 950/6296 loss=6.750943
batch 1000/6296 loss=5.828033
batch 1050/6296 loss=5.462425
batch 1100/6296 loss=6.016856
batch 1150/6296 loss=6.825199
batch 1200/6296 loss=5.860137
batch 1250/6296 loss=6.294750
batch 1300/6296 loss=5.870946
batch 1350/6296 loss=6.235213
batch 1400/6296 loss=6.020616
batch 1450/6296 loss=6.985765
batch 1500/6296 loss=7.092896
batch 1550/6296 loss=7.213095
batch 1600/6296 loss=6.648496
batch 1650/6296 loss=6.403255
batch 1700/6296 loss=6.171188
batch 1750/6296 loss=6.595361
batch 1800/6296 loss=5.688341
batch 1850/6296 loss=6.201069
batch 1900/6296 loss=6.760046
batch 1950/6296 loss=5.979196
batch 2000/6296 loss=6.441260
batch 2050/6296 loss=6.747389
batch 2100/6296 loss=5.386590
batch 2150/6296 loss=6.629041
batch 2200/6296 loss=5.762181
batch 2250/6296 loss=5.270805
batch 2300/6296 loss=5.957807
batch 2350/6296 loss=5.649659
batch 2400/6296 loss=6.037434
batch 2450/6296 loss=6.668776
batch 2500/6296 loss=6.226918
batch 2550/6296 loss=6.416472
batch 2600/6296 loss=6.369752
batch 2650/6296 loss=5.998813
batch 2700/6296 loss=6.353265
batch 2750/6296 loss=6.432623
batch 2800/6296 loss=6.689836
batch 2850/6296 loss=6.082672
batch 2900/6296 loss=6.054395
batch 2950/6296 loss=6.211046
batch 3000/6296 loss=7.591243
batch 3050/6296 loss=5.897249
batch 3100/6296 loss=7.623389
batch 3150/6296 loss=6.257706
batch 3200/6296 loss=6.915233
batch 3250/6296 loss=5.967114
batch 3300/6296 loss=5.972452
batch 3350/6296 loss=6.188191
batch 3400/6296 loss=7.070521
batch 3450/6296 loss=7.833226
batch 3500/6296 loss=6.388525
batch 3550/6296 loss=6.481523
batch 3600/6296 loss=6.333764
batch 3650/6296 loss=6.636657
batch 3700/6296 loss=6.248947
batch 3750/6296 loss=5.908439
batch 3800/6296 loss=5.932274
batch 3850/6296 loss=6.856785
batch 3900/6296 loss=6.534501
batch 3950/6296 loss=6.308189
batch 4000/6296 loss=6.140688
batch 4050/6296 loss=5.920479
batch 4100/6296 loss=6.602630
batch 4150/6296 loss=6.347642
batch 4200/6296 loss=5.894396
batch 4250/6296 loss=6.552055
batch 4300/6296 loss=7.197406
batch 4350/6296 loss=6.483829
batch 4400/6296 loss=7.787457
batch 4450/6296 loss=6.695836
batch 4500/6296 loss=6.504107
batch 4550/6296 loss=7.489142
batch 4600/6296 loss=5.300642
batch 4650/6296 loss=5.577999
batch 4700/6296 loss=6.035199
batch 4750/6296 loss=5.567970
batch 4800/6296 loss=6.306013
batch 4850/6296 loss=6.638458
batch 4900/6296 loss=5.998933
batch 4950/6296 loss=6.127728
batch 5000/6296 loss=5.843369
batch 5050/6296 loss=6.971335
batch 5100/6296 loss=6.820627
batch 5150/6296 loss=6.395911
batch 5200/6296 loss=6.613235
batch 5250/6296 loss=6.887031
batch 5300/6296 loss=6.270957
batch 5350/6296 loss=6.952223
batch 5400/6296 loss=5.899829
batch 5450/6296 loss=6.335155
batch 5500/6296 loss=6.800402
batch 5550/6296 loss=5.835673
batch 5600/6296 loss=5.842468
batch 5650/6296 loss=6.395806
batch 5700/6296 loss=6.378160
batch 5750/6296 loss=6.527625
batch 5800/6296 loss=5.668875
batch 5850/6296 loss=6.648825
batch 5900/6296 loss=7.560407
batch 5950/6296 loss=5.824614
batch 6000/6296 loss=6.611392
batch 6050/6296 loss=6.410481
batch 6100/6296 loss=7.492950
batch 6150/6296 loss=6.736670
batch 6200/6296 loss=6.314679
batch 6250/6296 loss=6.243555
epoch=41 train_loss=6.809774 val_loss=5.924084 best=5.840732 patience=40/50
batch 0/6296 loss=6.018903
batch 50/6296 loss=6.883862
batch 100/6296 loss=6.431088
batch 150/6296 loss=6.198982
batch 200/6296 loss=6.209579
batch 250/6296 loss=6.284365
batch 300/6296 loss=6.361123
batch 350/6296 loss=6.502090
batch 400/6296 loss=5.950293
batch 450/6296 loss=6.381265
batch 500/6296 loss=6.436745
batch 550/6296 loss=6.321427
batch 600/6296 loss=6.231318
batch 650/6296 loss=6.710939
batch 700/6296 loss=5.933316
batch 750/6296 loss=5.906126
batch 800/6296 loss=6.892982
batch 850/6296 loss=5.519070
batch 900/6296 loss=5.996719
batch 950/6296 loss=6.098573
batch 1000/6296 loss=6.137933
batch 1050/6296 loss=6.939167
batch 1100/6296 loss=5.102720
batch 1150/6296 loss=5.932775
batch 1200/6296 loss=6.785464
batch 1250/6296 loss=5.769391
batch 1300/6296 loss=6.637711
batch 1350/6296 loss=7.051373
batch 1400/6296 loss=6.891364
batch 1450/6296 loss=7.856287
batch 1500/6296 loss=6.680939
batch 1550/6296 loss=6.616984
batch 1600/6296 loss=6.110580
batch 1650/6296 loss=6.805861
batch 1700/6296 loss=6.726959
batch 1750/6296 loss=6.921163
batch 1800/6296 loss=6.822965
batch 1850/6296 loss=6.042802
batch 1900/6296 loss=6.080058
batch 1950/6296 loss=6.821994
batch 2000/6296 loss=6.400502
batch 2050/6296 loss=5.996914
batch 2100/6296 loss=5.929338
batch 2150/6296 loss=6.250900
batch 2200/6296 loss=6.272607
batch 2250/6296 loss=6.420376
batch 2300/6296 loss=5.836459
batch 2350/6296 loss=5.976111
batch 2400/6296 loss=5.925321
batch 2450/6296 loss=6.282272
batch 2500/6296 loss=6.188188
batch 2550/6296 loss=6.030474
batch 2600/6296 loss=6.262531
batch 2650/6296 loss=6.771836
batch 2700/6296 loss=6.752345
batch 2750/6296 loss=5.644863
batch 2800/6296 loss=6.007992
batch 2850/6296 loss=5.886032
batch 2900/6296 loss=7.188682
batch 2950/6296 loss=5.940033
batch 3000/6296 loss=6.363038
batch 3050/6296 loss=6.609272
batch 3100/6296 loss=7.218460
batch 3150/6296 loss=5.905795
batch 3200/6296 loss=5.579038
batch 3250/6296 loss=7.250582
batch 3300/6296 loss=5.578441
batch 3350/6296 loss=6.202828
batch 3400/6296 loss=6.203178
batch 3450/6296 loss=6.181287
batch 3500/6296 loss=6.795002
batch 3550/6296 loss=7.732172
batch 3600/6296 loss=7.031139
batch 3650/6296 loss=6.258859
batch 3700/6296 loss=6.751439
batch 3750/6296 loss=6.051013
batch 3800/6296 loss=6.858768
batch 3850/6296 loss=6.479112
batch 3900/6296 loss=6.340268
batch 3950/6296 loss=7.032852
batch 4000/6296 loss=6.556764
batch 4050/6296 loss=6.118053
batch 4100/6296 loss=6.294221
batch 4150/6296 loss=6.761343
batch 4200/6296 loss=6.684867
batch 4250/6296 loss=6.156840
batch 4300/6296 loss=6.099300
batch 4350/6296 loss=7.098547
batch 4400/6296 loss=5.737152
batch 4450/6296 loss=6.243935
batch 4500/6296 loss=6.048491
batch 4550/6296 loss=7.197727
batch 4600/6296 loss=7.082411
batch 4650/6296 loss=6.157972
batch 4700/6296 loss=6.139201
batch 4750/6296 loss=6.459664
batch 4800/6296 loss=5.525164
batch 4850/6296 loss=7.073677
batch 4900/6296 loss=6.109253
batch 4950/6296 loss=6.849123
batch 5000/6296 loss=6.055772
batch 5050/6296 loss=6.634148
batch 5100/6296 loss=5.859631
batch 5150/6296 loss=6.304000
batch 5200/6296 loss=6.326511
batch 5250/6296 loss=6.202226
batch 5300/6296 loss=6.068645
batch 5350/6296 loss=6.580257
batch 5400/6296 loss=7.169150
batch 5450/6296 loss=6.215014
batch 5500/6296 loss=6.326111
batch 5550/6296 loss=6.045168
batch 5600/6296 loss=6.174061
batch 5650/6296 loss=5.844706
batch 5700/6296 loss=6.192737
batch 5750/6296 loss=6.112327
batch 5800/6296 loss=6.247987
batch 5850/6296 loss=5.942913
batch 5900/6296 loss=5.949953
batch 5950/6296 loss=6.050960
batch 6000/6296 loss=6.456464
batch 6050/6296 loss=5.740250
batch 6100/6296 loss=5.987089
batch 6150/6296 loss=6.316816
batch 6200/6296 loss=5.546818
batch 6250/6296 loss=6.371517
epoch=42 train_loss=6.874766 val_loss=6.187930 best=5.840732 patience=41/50
batch 0/6296 loss=6.365670
batch 50/6296 loss=6.386521
batch 100/6296 loss=6.368715
batch 150/6296 loss=6.089064
batch 200/6296 loss=5.753500
batch 250/6296 loss=6.514885
batch 300/6296 loss=5.715053
batch 350/6296 loss=6.788977
batch 400/6296 loss=6.209074
batch 450/6296 loss=6.143343
batch 500/6296 loss=6.201342
batch 550/6296 loss=5.825206
batch 600/6296 loss=7.029891
batch 650/6296 loss=5.970087
batch 700/6296 loss=6.169673
batch 750/6296 loss=7.015008
batch 800/6296 loss=5.882802
batch 850/6296 loss=5.663645
batch 900/6296 loss=6.097784
batch 950/6296 loss=5.780221
batch 1000/6296 loss=6.513374
batch 1050/6296 loss=6.710372
batch 1100/6296 loss=5.743898
batch 1150/6296 loss=6.320288
batch 1200/6296 loss=6.913831
batch 1250/6296 loss=5.761584
batch 1300/6296 loss=6.388555
batch 1350/6296 loss=6.421593
batch 1400/6296 loss=5.921188
batch 1450/6296 loss=5.740437
batch 1500/6296 loss=6.386079
batch 1550/6296 loss=6.245805
batch 1600/6296 loss=6.359432
batch 1650/6296 loss=6.090245
batch 1700/6296 loss=6.401914
batch 1750/6296 loss=6.724365
batch 1800/6296 loss=5.610247
batch 1850/6296 loss=6.634931
batch 1900/6296 loss=6.103285
batch 1950/6296 loss=7.104100
batch 2000/6296 loss=5.975125
batch 2050/6296 loss=6.293998
batch 2100/6296 loss=6.664189
batch 2150/6296 loss=6.266790
batch 2200/6296 loss=6.201847
batch 2250/6296 loss=6.759544
batch 2300/6296 loss=5.687394
batch 2350/6296 loss=6.416279
batch 2400/6296 loss=6.546855
batch 2450/6296 loss=6.161411
batch 2500/6296 loss=5.428005
batch 2550/6296 loss=6.506895
batch 2600/6296 loss=6.595386
batch 2650/6296 loss=6.353065
batch 2700/6296 loss=6.269328
batch 2750/6296 loss=6.998548
batch 2800/6296 loss=6.726538
batch 2850/6296 loss=6.035662
batch 2900/6296 loss=7.412261
batch 2950/6296 loss=6.046800
batch 3000/6296 loss=6.571708
batch 3050/6296 loss=5.694232
batch 3100/6296 loss=5.661445
batch 3150/6296 loss=6.392838
batch 3200/6296 loss=7.056457
batch 3250/6296 loss=5.833781
batch 3300/6296 loss=6.199105
batch 3350/6296 loss=6.336905
batch 3400/6296 loss=6.054277
batch 3450/6296 loss=6.194530
batch 3500/6296 loss=6.472847
batch 3550/6296 loss=5.935977
batch 3600/6296 loss=7.493512
batch 3650/6296 loss=6.631031
batch 3700/6296 loss=6.696261
batch 3750/6296 loss=6.818448
batch 3800/6296 loss=6.128411
batch 3850/6296 loss=6.653184
batch 3900/6296 loss=6.727325
batch 3950/6296 loss=6.550533
batch 4000/6296 loss=5.931712
batch 4050/6296 loss=7.275527
batch 4100/6296 loss=6.323421
batch 4150/6296 loss=5.845493
batch 4200/6296 loss=6.272735
batch 4250/6296 loss=6.477635
batch 4300/6296 loss=6.684882
batch 4350/6296 loss=6.022748
batch 4400/6296 loss=5.984282
batch 4450/6296 loss=6.303889
batch 4500/6296 loss=7.369293
batch 4550/6296 loss=8.219700
batch 4600/6296 loss=6.163186
batch 4650/6296 loss=6.578733
batch 4700/6296 loss=6.450392
batch 4750/6296 loss=6.325394
batch 4800/6296 loss=6.009491
batch 4850/6296 loss=5.469146
batch 4900/6296 loss=6.558051
batch 4950/6296 loss=6.787456
batch 5000/6296 loss=5.716260
batch 5050/6296 loss=5.994689
batch 5100/6296 loss=6.484418
batch 5150/6296 loss=7.430112
batch 5200/6296 loss=6.500810
batch 5250/6296 loss=6.814514
batch 5300/6296 loss=6.182866
batch 5350/6296 loss=6.321967
batch 5400/6296 loss=6.239049
batch 5450/6296 loss=6.525826
batch 5500/6296 loss=6.033215
batch 5550/6296 loss=7.130611
batch 5600/6296 loss=6.259496
batch 5650/6296 loss=5.645977
batch 5700/6296 loss=7.558218
batch 5750/6296 loss=6.250460
batch 5800/6296 loss=6.857574
batch 5850/6296 loss=7.104389
batch 5900/6296 loss=5.697620
batch 5950/6296 loss=6.133897
batch 6000/6296 loss=6.123662
batch 6050/6296 loss=6.413383
batch 6100/6296 loss=5.920284
batch 6150/6296 loss=6.315690
batch 6200/6296 loss=7.828072
batch 6250/6296 loss=5.677466
epoch=43 train_loss=6.661669 val_loss=6.191154 best=5.840732 patience=42/50
batch 0/6296 loss=6.200726
batch 50/6296 loss=5.896306
batch 100/6296 loss=6.096731
batch 150/6296 loss=7.038148
batch 200/6296 loss=6.779234
batch 250/6296 loss=6.761922
batch 300/6296 loss=6.629221
batch 350/6296 loss=6.464128
batch 400/6296 loss=6.858159
batch 450/6296 loss=6.390293
batch 500/6296 loss=6.635650
batch 550/6296 loss=5.853454
batch 600/6296 loss=6.260785
batch 650/6296 loss=6.616870
batch 700/6296 loss=7.063736
batch 750/6296 loss=6.026025
batch 800/6296 loss=5.935559
batch 850/6296 loss=8.168728
batch 900/6296 loss=6.818303
batch 950/6296 loss=6.447992
batch 1000/6296 loss=6.152027
batch 1050/6296 loss=6.980621
batch 1100/6296 loss=6.347256
batch 1150/6296 loss=6.715235
batch 1200/6296 loss=5.739691
batch 1250/6296 loss=5.521123
batch 1300/6296 loss=6.672542
batch 1350/6296 loss=7.027092
batch 1400/6296 loss=6.884714
batch 1450/6296 loss=6.366123
batch 1500/6296 loss=6.843912
batch 1550/6296 loss=6.100462
batch 1600/6296 loss=6.053622
batch 1650/6296 loss=6.126997
batch 1700/6296 loss=5.872353
batch 1750/6296 loss=7.553613
batch 1800/6296 loss=6.067589
batch 1850/6296 loss=5.541586
batch 1900/6296 loss=8.874865
batch 1950/6296 loss=8.562425
batch 2000/6296 loss=6.673691
batch 2050/6296 loss=6.285771
batch 2100/6296 loss=6.952567
batch 2150/6296 loss=7.564624
batch 2200/6296 loss=5.936479
batch 2250/6296 loss=6.452194
batch 2300/6296 loss=6.700765
batch 2350/6296 loss=6.574331
batch 2400/6296 loss=6.493375
batch 2450/6296 loss=6.100739
batch 2500/6296 loss=5.659303
batch 2550/6296 loss=7.029710
batch 2600/6296 loss=6.764095
batch 2650/6296 loss=7.252580
batch 2700/6296 loss=7.005991
batch 2750/6296 loss=6.541576
batch 2800/6296 loss=7.114018
batch 2850/6296 loss=6.350737
batch 2900/6296 loss=6.735242
batch 2950/6296 loss=6.538765
batch 3000/6296 loss=6.374168
batch 3050/6296 loss=6.010100
batch 3100/6296 loss=6.919377
batch 3150/6296 loss=6.536890
batch 3200/6296 loss=6.287483
batch 3250/6296 loss=6.497278
batch 3300/6296 loss=6.322047
batch 3350/6296 loss=6.759682
batch 3400/6296 loss=7.016405
batch 3450/6296 loss=6.043363
batch 3500/6296 loss=5.655065
batch 3550/6296 loss=6.743727
batch 3600/6296 loss=7.098928
batch 3650/6296 loss=6.855469
batch 3700/6296 loss=6.286261
batch 3750/6296 loss=6.377056
batch 3800/6296 loss=6.374647
batch 3850/6296 loss=7.163117
batch 3900/6296 loss=6.827265
batch 3950/6296 loss=6.252470
batch 4000/6296 loss=5.739954
batch 4050/6296 loss=6.874863
batch 4100/6296 loss=6.050569
batch 4150/6296 loss=6.369816
batch 4200/6296 loss=7.146122
batch 4250/6296 loss=5.276612
batch 4300/6296 loss=6.714464
batch 4350/6296 loss=6.200730
batch 4400/6296 loss=6.382873
batch 4450/6296 loss=6.082524
batch 4500/6296 loss=5.841554
batch 4550/6296 loss=7.018688
batch 4600/6296 loss=7.000036
batch 4650/6296 loss=6.257073
batch 4700/6296 loss=6.617876
batch 4750/6296 loss=5.513427
batch 4800/6296 loss=5.531465
batch 4850/6296 loss=6.433841
batch 4900/6296 loss=6.574169
batch 4950/6296 loss=6.431904
batch 5000/6296 loss=7.102802
batch 5050/6296 loss=5.959311
batch 5100/6296 loss=6.979341
batch 5150/6296 loss=6.126428
batch 5200/6296 loss=5.892400
batch 5250/6296 loss=6.204386
batch 5300/6296 loss=6.128655
batch 5350/6296 loss=5.894790
batch 5400/6296 loss=6.318542
batch 5450/6296 loss=6.213859
batch 5500/6296 loss=6.019166
batch 5550/6296 loss=7.112392
batch 5600/6296 loss=6.421901
batch 5650/6296 loss=5.999027
batch 5700/6296 loss=6.696614
batch 5750/6296 loss=6.305697
batch 5800/6296 loss=5.767999
batch 5850/6296 loss=5.721394
batch 5900/6296 loss=5.880426
batch 5950/6296 loss=6.250475
batch 6000/6296 loss=8.148345
batch 6050/6296 loss=6.442879
batch 6100/6296 loss=6.146809
batch 6150/6296 loss=5.834374
batch 6200/6296 loss=7.049529
batch 6250/6296 loss=7.521142
epoch=44 train_loss=6.871442 val_loss=6.114107 best=5.840732 patience=43/50
batch 0/6296 loss=7.063246
batch 50/6296 loss=6.316474
batch 100/6296 loss=6.596900
batch 150/6296 loss=6.862103
batch 200/6296 loss=6.145064
batch 250/6296 loss=7.078761
batch 300/6296 loss=6.495530
batch 350/6296 loss=6.340996
batch 400/6296 loss=6.760957
batch 450/6296 loss=6.974852
batch 500/6296 loss=6.339558
batch 550/6296 loss=5.799801
batch 600/6296 loss=6.196046
batch 650/6296 loss=5.663523
batch 700/6296 loss=5.732066
batch 750/6296 loss=6.206843
batch 800/6296 loss=6.531114
batch 850/6296 loss=6.979497
batch 900/6296 loss=5.694230
batch 950/6296 loss=5.647926
batch 1000/6296 loss=7.018567
batch 1050/6296 loss=6.736485
batch 1100/6296 loss=6.574106
batch 1150/6296 loss=6.723896
batch 1200/6296 loss=5.998214
batch 1250/6296 loss=6.264022
batch 1300/6296 loss=6.471101
batch 1350/6296 loss=5.904484
batch 1400/6296 loss=6.766235
batch 1450/6296 loss=6.393948
batch 1500/6296 loss=6.638455
batch 1550/6296 loss=6.858125
batch 1600/6296 loss=7.521617
batch 1650/6296 loss=6.002968
batch 1700/6296 loss=5.860235
batch 1750/6296 loss=6.539155
batch 1800/6296 loss=5.665470
batch 1850/6296 loss=6.512681
batch 1900/6296 loss=6.359576
batch 1950/6296 loss=7.174774
batch 2000/6296 loss=6.523631
batch 2050/6296 loss=6.048832
batch 2100/6296 loss=6.707948
batch 2150/6296 loss=6.429582
batch 2200/6296 loss=6.347961
batch 2250/6296 loss=7.402237
batch 2300/6296 loss=6.413591
batch 2350/6296 loss=5.543033
batch 2400/6296 loss=6.220764
batch 2450/6296 loss=6.640830
batch 2500/6296 loss=6.357386
batch 2550/6296 loss=6.192098
batch 2600/6296 loss=6.082698
batch 2650/6296 loss=6.189027
batch 2700/6296 loss=5.497549
batch 2750/6296 loss=6.086657
batch 2800/6296 loss=6.009864
batch 2850/6296 loss=5.542263
batch 2900/6296 loss=6.227945
batch 2950/6296 loss=7.047041
batch 3000/6296 loss=5.665535
batch 3050/6296 loss=6.026486
batch 3100/6296 loss=6.565465
batch 3150/6296 loss=6.185972
batch 3200/6296 loss=5.851964
batch 3250/6296 loss=6.149135
batch 3300/6296 loss=5.891521
batch 3350/6296 loss=5.643689
batch 3400/6296 loss=6.321355
batch 3450/6296 loss=5.661846
batch 3500/6296 loss=6.216655
batch 3550/6296 loss=5.834184
batch 3600/6296 loss=6.165597
batch 3650/6296 loss=6.133058
batch 3700/6296 loss=5.762665
batch 3750/6296 loss=6.290261
batch 3800/6296 loss=6.242780
batch 3850/6296 loss=5.907037
batch 3900/6296 loss=6.331076
batch 3950/6296 loss=5.952546
batch 4000/6296 loss=6.222399
batch 4050/6296 loss=6.042804
batch 4100/6296 loss=5.680182
batch 4150/6296 loss=5.627852
batch 4200/6296 loss=5.475643
batch 4250/6296 loss=6.145119
batch 4300/6296 loss=6.189630
batch 4350/6296 loss=6.425943
batch 4400/6296 loss=5.914342
batch 4450/6296 loss=6.045236
batch 4500/6296 loss=6.489209
batch 4550/6296 loss=5.797884
batch 4600/6296 loss=6.363353
batch 4650/6296 loss=5.931051
batch 4700/6296 loss=6.293377
batch 4750/6296 loss=6.879488
batch 4800/6296 loss=6.525566
batch 4850/6296 loss=5.933192
batch 4900/6296 loss=5.443554
batch 4950/6296 loss=6.091669
batch 5000/6296 loss=6.546093
batch 5050/6296 loss=6.045125
batch 5100/6296 loss=5.703492
batch 5150/6296 loss=5.315370
batch 5200/6296 loss=6.448159
batch 5250/6296 loss=6.184222
batch 5300/6296 loss=6.023197
batch 5350/6296 loss=5.989848
batch 5400/6296 loss=6.272942
batch 5450/6296 loss=7.109681
batch 5500/6296 loss=6.022475
batch 5550/6296 loss=6.793725
batch 5600/6296 loss=6.087073
batch 5650/6296 loss=6.917181
batch 5700/6296 loss=7.047806
batch 5750/6296 loss=5.983665
batch 5800/6296 loss=6.257764
batch 5850/6296 loss=6.567641
batch 5900/6296 loss=5.689514
batch 5950/6296 loss=5.556290
batch 6000/6296 loss=6.684607
batch 6050/6296 loss=5.767491
batch 6100/6296 loss=6.544453
batch 6150/6296 loss=5.977685
batch 6200/6296 loss=7.318102
batch 6250/6296 loss=5.687440
epoch=45 train_loss=6.757758 val_loss=6.317352 best=5.840732 patience=44/50
batch 0/6296 loss=7.421163
batch 50/6296 loss=5.799648
batch 100/6296 loss=6.623165
batch 150/6296 loss=6.671484
batch 200/6296 loss=6.435641
batch 250/6296 loss=6.720504
batch 300/6296 loss=6.356599
batch 350/6296 loss=5.673104
batch 400/6296 loss=6.111654
batch 450/6296 loss=5.417191
batch 500/6296 loss=6.292720
batch 550/6296 loss=6.784544
batch 600/6296 loss=6.991266
batch 650/6296 loss=6.052818
batch 700/6296 loss=5.832483
batch 750/6296 loss=6.657466
batch 800/6296 loss=7.395422
batch 850/6296 loss=6.308954
batch 900/6296 loss=5.971020
batch 950/6296 loss=6.293561
batch 1000/6296 loss=6.099145
batch 1050/6296 loss=6.514009
batch 1100/6296 loss=6.027450
batch 1150/6296 loss=6.358291
batch 1200/6296 loss=6.326210
batch 1250/6296 loss=6.252210
batch 1300/6296 loss=6.628956
batch 1350/6296 loss=6.171442
batch 1400/6296 loss=6.266838
batch 1450/6296 loss=6.208358
batch 1500/6296 loss=5.782419
batch 1550/6296 loss=7.256741
batch 1600/6296 loss=6.786618
batch 1650/6296 loss=6.037125
batch 1700/6296 loss=5.590917
batch 1750/6296 loss=6.278794
batch 1800/6296 loss=6.539397
batch 1850/6296 loss=5.905040
batch 1900/6296 loss=5.757410
batch 1950/6296 loss=6.698039
batch 2000/6296 loss=5.550977
batch 2050/6296 loss=6.921607
batch 2100/6296 loss=6.176143
batch 2150/6296 loss=6.406928
batch 2200/6296 loss=6.086499
batch 2250/6296 loss=6.566567
batch 2300/6296 loss=6.721616
batch 2350/6296 loss=5.538054
batch 2400/6296 loss=5.715532
batch 2450/6296 loss=7.025214
batch 2500/6296 loss=5.914139
batch 2550/6296 loss=9.078369
batch 2600/6296 loss=5.951021
batch 2650/6296 loss=5.809013
batch 2700/6296 loss=5.147514
batch 2750/6296 loss=6.482575
batch 2800/6296 loss=6.822959
batch 2850/6296 loss=6.306761
batch 2900/6296 loss=6.186703
batch 2950/6296 loss=6.260740
batch 3000/6296 loss=7.597694
batch 3050/6296 loss=7.284715
batch 3100/6296 loss=6.512711
batch 3150/6296 loss=6.090120
batch 3200/6296 loss=6.632508
batch 3250/6296 loss=6.243703
batch 3300/6296 loss=6.257434
batch 3350/6296 loss=6.232656
batch 3400/6296 loss=6.086792
batch 3450/6296 loss=6.767750
batch 3500/6296 loss=6.431958
batch 3550/6296 loss=5.929790
batch 3600/6296 loss=6.285921
batch 3650/6296 loss=6.370018
batch 3700/6296 loss=5.448753
batch 3750/6296 loss=6.076917
batch 3800/6296 loss=8.199934
batch 3850/6296 loss=6.287738
batch 3900/6296 loss=5.876554
batch 3950/6296 loss=5.923301
batch 4000/6296 loss=5.911551
batch 4050/6296 loss=5.695351
batch 4100/6296 loss=6.811467
batch 4150/6296 loss=6.340570
batch 4200/6296 loss=5.645226
batch 4250/6296 loss=6.398468
batch 4300/6296 loss=5.999961
batch 4350/6296 loss=5.540600
batch 4400/6296 loss=6.384071
batch 4450/6296 loss=6.614337
batch 4500/6296 loss=5.735297
batch 4550/6296 loss=7.169591
batch 4600/6296 loss=6.232980
batch 4650/6296 loss=6.162873
batch 4700/6296 loss=6.408712
batch 4750/6296 loss=6.817422
batch 4800/6296 loss=6.610126
batch 4850/6296 loss=5.837529
batch 4900/6296 loss=6.293514
batch 4950/6296 loss=6.029975
batch 5000/6296 loss=6.652546
batch 5050/6296 loss=5.901661
batch 5100/6296 loss=5.801376
batch 5150/6296 loss=5.915075
batch 5200/6296 loss=5.955924
batch 5250/6296 loss=6.480212
batch 5300/6296 loss=6.215314
batch 5350/6296 loss=6.227784
batch 5400/6296 loss=5.942469
batch 5450/6296 loss=6.583964
batch 5500/6296 loss=6.888798
batch 5550/6296 loss=5.897379
batch 5600/6296 loss=6.093853
batch 5650/6296 loss=6.211986
batch 5700/6296 loss=6.779407
batch 5750/6296 loss=8.478782
batch 5800/6296 loss=6.509645
batch 5850/6296 loss=6.254507
batch 5900/6296 loss=5.970518
batch 5950/6296 loss=6.440111
batch 6000/6296 loss=6.424429
batch 6050/6296 loss=6.697762
batch 6100/6296 loss=6.205245
batch 6150/6296 loss=6.162392
batch 6200/6296 loss=6.041016
batch 6250/6296 loss=6.415778
epoch=46 train_loss=6.603550 val_loss=5.952166 best=5.840732 patience=45/50
batch 0/6296 loss=6.783711
batch 50/6296 loss=6.630289
batch 100/6296 loss=6.292203
batch 150/6296 loss=6.368249
batch 200/6296 loss=6.941410
batch 250/6296 loss=5.989281
batch 300/6296 loss=6.654771
batch 350/6296 loss=6.840408
batch 400/6296 loss=5.924848
batch 450/6296 loss=6.545572
batch 500/6296 loss=6.056310
batch 550/6296 loss=6.554134
batch 600/6296 loss=6.555901
batch 650/6296 loss=6.600854
batch 700/6296 loss=5.972374
batch 750/6296 loss=6.263739
batch 800/6296 loss=7.993679
batch 850/6296 loss=7.582298
batch 900/6296 loss=6.834542
batch 950/6296 loss=5.959057
batch 1000/6296 loss=6.593933
batch 1050/6296 loss=6.067049
batch 1100/6296 loss=5.619995
batch 1150/6296 loss=7.004951
batch 1200/6296 loss=6.105572
batch 1250/6296 loss=6.065193
batch 1300/6296 loss=6.460885
batch 1350/6296 loss=6.734103
batch 1400/6296 loss=6.724822
batch 1450/6296 loss=6.823148
batch 1500/6296 loss=5.283736
batch 1550/6296 loss=6.760524
batch 1600/6296 loss=7.004683
batch 1650/6296 loss=6.636853
batch 1700/6296 loss=6.092556
batch 1750/6296 loss=6.062139
batch 1800/6296 loss=7.121578
batch 1850/6296 loss=6.454191
batch 1900/6296 loss=6.382499
batch 1950/6296 loss=5.975022
batch 2000/6296 loss=6.057907
batch 2050/6296 loss=6.034122
batch 2100/6296 loss=5.822391
batch 2150/6296 loss=6.236054
batch 2200/6296 loss=5.897798
batch 2250/6296 loss=6.152527
batch 2300/6296 loss=6.503376
batch 2350/6296 loss=5.839045
batch 2400/6296 loss=6.070600
batch 2450/6296 loss=5.917492
batch 2500/6296 loss=5.430695
batch 2550/6296 loss=5.702450
batch 2600/6296 loss=5.528770
batch 2650/6296 loss=5.449576
batch 2700/6296 loss=6.751408
batch 2750/6296 loss=6.735956
batch 2800/6296 loss=6.106567
batch 2850/6296 loss=5.712992
batch 2900/6296 loss=6.163848
batch 2950/6296 loss=6.601813
batch 3000/6296 loss=6.524889
batch 3050/6296 loss=6.213097
batch 3100/6296 loss=7.111374
batch 3150/6296 loss=5.880783
batch 3200/6296 loss=6.896221
batch 3250/6296 loss=5.807674
batch 3300/6296 loss=5.945310
batch 3350/6296 loss=5.585461
batch 3400/6296 loss=6.099072
batch 3450/6296 loss=6.223585
batch 3500/6296 loss=6.134977
batch 3550/6296 loss=5.826087
batch 3600/6296 loss=6.171852
batch 3650/6296 loss=5.642747
batch 3700/6296 loss=6.185487
batch 3750/6296 loss=6.396394
batch 3800/6296 loss=6.538641
batch 3850/6296 loss=6.866217
batch 3900/6296 loss=6.590656
batch 3950/6296 loss=6.312878
batch 4000/6296 loss=6.109155
batch 4050/6296 loss=8.211583
batch 4100/6296 loss=6.791376
batch 4150/6296 loss=6.385319
batch 4200/6296 loss=5.559581
batch 4250/6296 loss=6.300262
batch 4300/6296 loss=5.801452
batch 4350/6296 loss=5.917774
batch 4400/6296 loss=6.173635
batch 4450/6296 loss=6.500340
batch 4500/6296 loss=6.664176
batch 4550/6296 loss=5.886211
batch 4600/6296 loss=7.334602
batch 4650/6296 loss=6.554503
batch 4700/6296 loss=6.358543
batch 4750/6296 loss=5.607215
batch 4800/6296 loss=5.917716
batch 4850/6296 loss=5.472061
batch 4900/6296 loss=5.753341
batch 4950/6296 loss=5.758528
batch 5000/6296 loss=5.983829
batch 5050/6296 loss=6.470627
batch 5100/6296 loss=6.328863
batch 5150/6296 loss=6.359518
batch 5200/6296 loss=6.394588
batch 5250/6296 loss=5.966523
batch 5300/6296 loss=6.287830
batch 5350/6296 loss=6.955962
batch 5400/6296 loss=6.544059
batch 5450/6296 loss=7.178041
batch 5500/6296 loss=6.434088
batch 5550/6296 loss=6.385304
batch 5600/6296 loss=7.161903
batch 5650/6296 loss=7.141056
batch 5700/6296 loss=6.085467
batch 5750/6296 loss=6.050642
batch 5800/6296 loss=6.490369
batch 5850/6296 loss=5.950920
batch 5900/6296 loss=6.624084
batch 5950/6296 loss=5.970791
batch 6000/6296 loss=5.474139
batch 6050/6296 loss=5.953276
batch 6100/6296 loss=6.181938
batch 6150/6296 loss=6.009781
batch 6200/6296 loss=5.906406
batch 6250/6296 loss=7.205885
epoch=47 train_loss=6.821247 val_loss=6.028125 best=5.840732 patience=46/50
batch 0/6296 loss=6.016871
batch 50/6296 loss=6.305149
batch 100/6296 loss=7.161812
batch 150/6296 loss=5.653051
batch 200/6296 loss=7.007560
batch 250/6296 loss=5.572271
batch 300/6296 loss=6.144746
batch 350/6296 loss=5.873447
batch 400/6296 loss=5.926000
batch 450/6296 loss=6.730577
batch 500/6296 loss=5.927333
batch 550/6296 loss=5.657890
batch 600/6296 loss=5.763977
batch 650/6296 loss=6.584697
batch 700/6296 loss=5.916646
batch 750/6296 loss=5.977363
batch 800/6296 loss=6.455802
batch 850/6296 loss=6.319545
batch 900/6296 loss=5.777036
batch 950/6296 loss=5.555476
batch 1000/6296 loss=6.367204
batch 1050/6296 loss=5.705293
batch 1100/6296 loss=6.163506
batch 1150/6296 loss=6.857616
batch 1200/6296 loss=6.593723
batch 1250/6296 loss=6.747397
batch 1300/6296 loss=6.278722
batch 1350/6296 loss=6.080976
batch 1400/6296 loss=6.307498
batch 1450/6296 loss=5.742105
batch 1500/6296 loss=6.038825
batch 1550/6296 loss=6.273969
batch 1600/6296 loss=7.349269
batch 1650/6296 loss=5.979308
batch 1700/6296 loss=6.746719
batch 1750/6296 loss=5.744967
batch 1800/6296 loss=6.429639
batch 1850/6296 loss=5.810966
batch 1900/6296 loss=6.146237
batch 1950/6296 loss=6.125410
batch 2000/6296 loss=6.623047
batch 2050/6296 loss=6.713370
batch 2100/6296 loss=6.151762
batch 2150/6296 loss=6.612479
batch 2200/6296 loss=6.551857
batch 2250/6296 loss=7.787752
batch 2300/6296 loss=5.939297
batch 2350/6296 loss=5.903184
batch 2400/6296 loss=6.620307
batch 2450/6296 loss=6.397174
batch 2500/6296 loss=5.207002
batch 2550/6296 loss=5.820948
batch 2600/6296 loss=6.011122
batch 2650/6296 loss=5.157958
batch 2700/6296 loss=6.200099
batch 2750/6296 loss=7.442104
batch 2800/6296 loss=7.028723
batch 2850/6296 loss=5.892353
batch 2900/6296 loss=5.374705
batch 2950/6296 loss=6.704742
batch 3000/6296 loss=6.944925
batch 3050/6296 loss=6.070508
batch 3100/6296 loss=7.960483
batch 3150/6296 loss=7.127393
batch 3200/6296 loss=7.515163
batch 3250/6296 loss=6.134556
batch 3300/6296 loss=6.501256
batch 3350/6296 loss=6.542894
batch 3400/6296 loss=6.470854
batch 3450/6296 loss=5.662673
batch 3500/6296 loss=9.973154
batch 3550/6296 loss=5.996646
batch 3600/6296 loss=6.959826
batch 3650/6296 loss=6.909139
batch 3700/6296 loss=5.536670
batch 3750/6296 loss=7.004038
batch 3800/6296 loss=6.236542
batch 3850/6296 loss=5.671588
batch 3900/6296 loss=6.059364
batch 3950/6296 loss=6.586151
batch 4000/6296 loss=5.398420
batch 4050/6296 loss=6.758382
batch 4100/6296 loss=6.913649
batch 4150/6296 loss=6.427194
batch 4200/6296 loss=5.823981
batch 4250/6296 loss=6.375675
batch 4300/6296 loss=6.237466
batch 4350/6296 loss=5.875458
batch 4400/6296 loss=6.307672
batch 4450/6296 loss=5.331244
batch 4500/6296 loss=5.841928
batch 4550/6296 loss=5.455251
batch 4600/6296 loss=6.596963
batch 4650/6296 loss=6.921600
batch 4700/6296 loss=7.763100
batch 4750/6296 loss=6.149194
batch 4800/6296 loss=5.996622
batch 4850/6296 loss=6.302862
batch 4900/6296 loss=7.482338
batch 4950/6296 loss=6.780830
batch 5000/6296 loss=5.803438
batch 5050/6296 loss=8.138570
batch 5100/6296 loss=6.073735
batch 5150/6296 loss=5.579502
batch 5200/6296 loss=6.547006
batch 5250/6296 loss=6.488585
batch 5300/6296 loss=7.263339
batch 5350/6296 loss=6.204887
batch 5400/6296 loss=7.046351
batch 5450/6296 loss=5.611465
batch 5500/6296 loss=5.946651
batch 5550/6296 loss=6.291159
batch 5600/6296 loss=5.864727
batch 5650/6296 loss=6.629564
batch 5700/6296 loss=6.610738
batch 5750/6296 loss=5.725121
batch 5800/6296 loss=7.280740
batch 5850/6296 loss=5.488749
batch 5900/6296 loss=5.817921
batch 5950/6296 loss=5.954917
batch 6000/6296 loss=5.557224
batch 6050/6296 loss=6.010969
batch 6100/6296 loss=5.761853
batch 6150/6296 loss=5.404939
batch 6200/6296 loss=6.370434
batch 6250/6296 loss=5.806598
epoch=48 train_loss=6.866832 val_loss=6.188979 best=5.840732 patience=47/50
batch 0/6296 loss=6.086690
batch 50/6296 loss=5.941409
batch 100/6296 loss=6.242179
batch 150/6296 loss=7.074836
batch 200/6296 loss=6.434805
batch 250/6296 loss=5.847337
batch 300/6296 loss=6.034656
batch 350/6296 loss=6.144521
batch 400/6296 loss=5.877777
batch 450/6296 loss=6.188263
batch 500/6296 loss=6.282506
batch 550/6296 loss=5.417579
batch 600/6296 loss=5.602598
batch 650/6296 loss=6.705250
batch 700/6296 loss=5.891045
batch 750/6296 loss=5.751232
batch 800/6296 loss=6.008304
batch 850/6296 loss=6.186100
batch 900/6296 loss=7.035802
batch 950/6296 loss=6.027476
batch 1000/6296 loss=6.107897
batch 1050/6296 loss=7.128211
batch 1100/6296 loss=5.664407
batch 1150/6296 loss=7.721397
batch 1200/6296 loss=6.169626
batch 1250/6296 loss=6.916515
batch 1300/6296 loss=6.741579
batch 1350/6296 loss=6.479936
batch 1400/6296 loss=7.445627
batch 1450/6296 loss=6.257073
batch 1500/6296 loss=8.411064
batch 1550/6296 loss=6.174066
batch 1600/6296 loss=5.969242
batch 1650/6296 loss=5.965137
batch 1700/6296 loss=5.824571
batch 1750/6296 loss=6.392608
batch 1800/6296 loss=6.421875
batch 1850/6296 loss=6.574588
batch 1900/6296 loss=5.927373
batch 1950/6296 loss=6.583740
batch 2000/6296 loss=6.512410
batch 2050/6296 loss=6.010024
batch 2100/6296 loss=7.186478
batch 2150/6296 loss=5.711882
batch 2200/6296 loss=5.840167
batch 2250/6296 loss=7.509641
batch 2300/6296 loss=5.517648
batch 2350/6296 loss=7.470732
batch 2400/6296 loss=5.724324
batch 2450/6296 loss=6.124422
batch 2500/6296 loss=5.517071
batch 2550/6296 loss=6.200321
batch 2600/6296 loss=6.321504
batch 2650/6296 loss=6.636983
batch 2700/6296 loss=6.749065
batch 2750/6296 loss=5.798131
batch 2800/6296 loss=6.283401
batch 2850/6296 loss=6.274018
batch 2900/6296 loss=5.594278
batch 2950/6296 loss=5.875114
batch 3000/6296 loss=6.221263
batch 3050/6296 loss=6.696954
batch 3100/6296 loss=5.889803
batch 3150/6296 loss=6.552829
batch 3200/6296 loss=5.971210
batch 3250/6296 loss=7.102587
batch 3300/6296 loss=5.858282
batch 3350/6296 loss=6.592924
batch 3400/6296 loss=8.605706
batch 3450/6296 loss=6.729389
batch 3500/6296 loss=6.632295
batch 3550/6296 loss=6.130501
batch 3600/6296 loss=6.511017
batch 3650/6296 loss=7.002481
batch 3700/6296 loss=6.088621
batch 3750/6296 loss=9.105475
batch 3800/6296 loss=5.812447
batch 3850/6296 loss=6.122766
batch 3900/6296 loss=6.405552
batch 3950/6296 loss=6.896585
batch 4000/6296 loss=5.551998
batch 4050/6296 loss=6.190389
batch 4100/6296 loss=6.346016
batch 4150/6296 loss=6.574106
batch 4200/6296 loss=8.031112
batch 4250/6296 loss=6.047469
batch 4300/6296 loss=5.882338
batch 4350/6296 loss=6.647130
batch 4400/6296 loss=6.282370
batch 4450/6296 loss=5.461665
batch 4500/6296 loss=6.017128
batch 4550/6296 loss=5.684165
batch 4600/6296 loss=6.684270
batch 4650/6296 loss=5.938706
batch 4700/6296 loss=5.454615
batch 4750/6296 loss=6.099442
batch 4800/6296 loss=6.938423
batch 4850/6296 loss=5.948118
batch 4900/6296 loss=6.562598
batch 4950/6296 loss=6.522206
batch 5000/6296 loss=5.656096
batch 5050/6296 loss=6.013018
batch 5100/6296 loss=5.912481
batch 5150/6296 loss=5.883930
batch 5200/6296 loss=6.259793
batch 5250/6296 loss=7.036376
batch 5300/6296 loss=6.024994
batch 5350/6296 loss=6.769731
batch 5400/6296 loss=5.703347
batch 5450/6296 loss=7.118036
batch 5500/6296 loss=7.178381
batch 5550/6296 loss=6.129695
batch 5600/6296 loss=6.220324
batch 5650/6296 loss=5.628750
batch 5700/6296 loss=6.513458
batch 5750/6296 loss=5.953517
batch 5800/6296 loss=6.275397
batch 5850/6296 loss=5.570119
batch 5900/6296 loss=6.052506
batch 5950/6296 loss=6.342556
batch 6000/6296 loss=6.208752
batch 6050/6296 loss=6.202065
batch 6100/6296 loss=6.312656
batch 6150/6296 loss=5.990533
batch 6200/6296 loss=6.375373
batch 6250/6296 loss=6.332660
epoch=49 train_loss=6.747191 val_loss=5.887636 best=5.840732 patience=48/50
batch 0/6296 loss=5.999587
batch 50/6296 loss=5.834925
batch 100/6296 loss=6.808324
batch 150/6296 loss=6.295003
batch 200/6296 loss=5.803232
batch 250/6296 loss=6.390558
batch 300/6296 loss=6.531830
batch 350/6296 loss=5.879475
batch 400/6296 loss=7.197649
batch 450/6296 loss=5.707626
batch 500/6296 loss=5.502496
batch 550/6296 loss=5.831402
batch 600/6296 loss=6.601854
batch 650/6296 loss=5.894156
batch 700/6296 loss=6.206012
batch 750/6296 loss=5.447934
batch 800/6296 loss=6.210312
batch 850/6296 loss=5.850139
batch 900/6296 loss=5.812242
batch 950/6296 loss=6.786969
batch 1000/6296 loss=6.103200
batch 1050/6296 loss=5.846430
batch 1100/6296 loss=5.461696
batch 1150/6296 loss=5.370911
batch 1200/6296 loss=5.668836
batch 1250/6296 loss=5.972812
batch 1300/6296 loss=6.800917
batch 1350/6296 loss=5.623682
batch 1400/6296 loss=6.862764
batch 1450/6296 loss=6.563945
batch 1500/6296 loss=6.356832
batch 1550/6296 loss=5.539888
batch 1600/6296 loss=6.516097
batch 1650/6296 loss=6.164241
batch 1700/6296 loss=6.207466
batch 1750/6296 loss=6.545269
batch 1800/6296 loss=5.798712
batch 1850/6296 loss=6.434966
batch 1900/6296 loss=6.537492
batch 1950/6296 loss=6.456886
batch 2000/6296 loss=6.996917
batch 2050/6296 loss=6.301221
batch 2100/6296 loss=6.054637
batch 2150/6296 loss=6.071920
batch 2200/6296 loss=5.751529
batch 2250/6296 loss=5.875787
batch 2300/6296 loss=5.865967
batch 2350/6296 loss=5.896729
batch 2400/6296 loss=6.128923
batch 2450/6296 loss=7.589086
batch 2500/6296 loss=5.842165
batch 2550/6296 loss=6.379637
batch 2600/6296 loss=6.277517
batch 2650/6296 loss=5.907766
batch 2700/6296 loss=5.897349
batch 2750/6296 loss=6.321889
batch 2800/6296 loss=6.249777
batch 2850/6296 loss=6.626554
batch 2900/6296 loss=5.579961
batch 2950/6296 loss=6.975347
batch 3000/6296 loss=6.359731
batch 3050/6296 loss=5.488894
batch 3100/6296 loss=6.012471
batch 3150/6296 loss=6.272192
batch 3200/6296 loss=6.042938
batch 3250/6296 loss=6.003716
batch 3300/6296 loss=5.733187
batch 3350/6296 loss=5.968500
batch 3400/6296 loss=5.491175
batch 3450/6296 loss=5.763371
batch 3500/6296 loss=6.048107
batch 3550/6296 loss=5.564243
batch 3600/6296 loss=6.065623
batch 3650/6296 loss=6.593316
batch 3700/6296 loss=6.135425
batch 3750/6296 loss=6.192022
batch 3800/6296 loss=5.370271
batch 3850/6296 loss=7.301155
batch 3900/6296 loss=5.226745
batch 3950/6296 loss=6.097946
batch 4000/6296 loss=6.029645
batch 4050/6296 loss=5.732547
batch 4100/6296 loss=5.662194
batch 4150/6296 loss=5.923090
batch 4200/6296 loss=5.676137
batch 4250/6296 loss=5.970142
batch 4300/6296 loss=6.928590
batch 4350/6296 loss=7.096404
batch 4400/6296 loss=5.671582
batch 4450/6296 loss=5.594781
batch 4500/6296 loss=6.147804
batch 4550/6296 loss=5.482154
batch 4600/6296 loss=5.858247
batch 4650/6296 loss=6.222484
batch 4700/6296 loss=6.276422
batch 4750/6296 loss=5.665891
batch 4800/6296 loss=6.253427
batch 4850/6296 loss=6.162529
batch 4900/6296 loss=5.938464
batch 4950/6296 loss=6.064004
batch 5000/6296 loss=5.710993
batch 5050/6296 loss=6.729752
batch 5100/6296 loss=7.352776
batch 5150/6296 loss=6.500843
batch 5200/6296 loss=6.798497
batch 5250/6296 loss=6.751236
batch 5300/6296 loss=5.763106
batch 5350/6296 loss=6.689145
batch 5400/6296 loss=6.169898
batch 5450/6296 loss=6.208333
batch 5500/6296 loss=5.958103
batch 5550/6296 loss=6.906019
batch 5600/6296 loss=6.496082
batch 5650/6296 loss=6.209436
batch 5700/6296 loss=5.951265
batch 5750/6296 loss=7.163844
batch 5800/6296 loss=6.426899
batch 5850/6296 loss=6.626091
batch 5900/6296 loss=6.256801
batch 5950/6296 loss=6.315601
batch 6000/6296 loss=6.295885
batch 6050/6296 loss=6.598540
batch 6100/6296 loss=6.131282
batch 6150/6296 loss=6.000339
batch 6200/6296 loss=6.705322
batch 6250/6296 loss=5.171468
epoch=50 train_loss=6.721691 val_loss=6.139201 best=5.840732 patience=49/50
batch 0/6296 loss=5.996000
batch 50/6296 loss=6.839920
batch 100/6296 loss=5.701062
batch 150/6296 loss=6.243104
batch 200/6296 loss=7.016561
batch 250/6296 loss=6.009714
batch 300/6296 loss=5.793564
batch 350/6296 loss=5.860876
batch 400/6296 loss=6.191106
batch 450/6296 loss=6.414324
batch 500/6296 loss=6.057821
batch 550/6296 loss=6.611017
batch 600/6296 loss=6.205039
batch 650/6296 loss=6.144554
batch 700/6296 loss=6.221344
batch 750/6296 loss=6.092622
batch 800/6296 loss=5.777576
batch 850/6296 loss=5.851203
batch 900/6296 loss=5.528346
batch 950/6296 loss=6.085374
batch 1000/6296 loss=5.715477
batch 1050/6296 loss=6.625021
batch 1100/6296 loss=6.000982
batch 1150/6296 loss=7.287903
batch 1200/6296 loss=6.434959
batch 1250/6296 loss=5.639722
batch 1300/6296 loss=6.332069
batch 1350/6296 loss=6.269539
batch 1400/6296 loss=7.403093
batch 1450/6296 loss=6.371873
batch 1500/6296 loss=6.068034
batch 1550/6296 loss=6.912212
batch 1600/6296 loss=6.863307
batch 1650/6296 loss=6.270232
batch 1700/6296 loss=6.403861
batch 1750/6296 loss=6.944055
batch 1800/6296 loss=6.155855
batch 1850/6296 loss=8.359392
batch 1900/6296 loss=5.706564
batch 1950/6296 loss=5.973380
batch 2000/6296 loss=7.105151
batch 2050/6296 loss=6.237585
batch 2100/6296 loss=6.533134
batch 2150/6296 loss=6.464411
batch 2200/6296 loss=7.584199
batch 2250/6296 loss=5.901826
batch 2300/6296 loss=6.186800
batch 2350/6296 loss=5.707387
batch 2400/6296 loss=6.520425
batch 2450/6296 loss=5.822282
batch 2500/6296 loss=6.053250
batch 2550/6296 loss=5.689031
batch 2600/6296 loss=6.695514
batch 2650/6296 loss=5.699022
batch 2700/6296 loss=6.825628
batch 2750/6296 loss=6.263944
batch 2800/6296 loss=6.051467
batch 2850/6296 loss=6.893050
batch 2900/6296 loss=6.563670
batch 2950/6296 loss=7.009381
batch 3000/6296 loss=5.670746
batch 3050/6296 loss=6.664246
batch 3100/6296 loss=5.895491
batch 3150/6296 loss=5.953014
batch 3200/6296 loss=6.118745
batch 3250/6296 loss=8.087474
batch 3300/6296 loss=6.520885
batch 3350/6296 loss=5.942587
batch 3400/6296 loss=5.993073
batch 3450/6296 loss=5.284688
batch 3500/6296 loss=6.595679
batch 3550/6296 loss=5.889242
batch 3600/6296 loss=6.595455
batch 3650/6296 loss=5.670306
batch 3700/6296 loss=6.527229
batch 3750/6296 loss=5.414470
batch 3800/6296 loss=6.814928
batch 3850/6296 loss=6.912303
batch 3900/6296 loss=5.943294
batch 3950/6296 loss=6.365294
batch 4000/6296 loss=6.046875
batch 4050/6296 loss=6.250016
batch 4100/6296 loss=5.984891
batch 4150/6296 loss=6.029179
batch 4200/6296 loss=7.251410
batch 4250/6296 loss=6.251644
batch 4300/6296 loss=6.215500
batch 4350/6296 loss=6.102575
batch 4400/6296 loss=6.214977
batch 4450/6296 loss=6.326485
batch 4500/6296 loss=5.792200
batch 4550/6296 loss=6.154546
batch 4600/6296 loss=6.066196
batch 4650/6296 loss=6.174562
batch 4700/6296 loss=6.309979
batch 4750/6296 loss=6.871124
batch 4800/6296 loss=6.519879
batch 4850/6296 loss=6.326748
batch 4900/6296 loss=7.010013
batch 4950/6296 loss=6.023983
batch 5000/6296 loss=6.514429
batch 5050/6296 loss=5.382324
batch 5100/6296 loss=6.041027
batch 5150/6296 loss=6.506362
batch 5200/6296 loss=6.270775
batch 5250/6296 loss=5.877879
batch 5300/6296 loss=6.200216
batch 5350/6296 loss=6.405514
batch 5400/6296 loss=6.168134
batch 5450/6296 loss=4.963053
batch 5500/6296 loss=6.301727
batch 5550/6296 loss=5.875721
batch 5600/6296 loss=6.100883
batch 5650/6296 loss=6.382785
batch 5700/6296 loss=5.518928
batch 5750/6296 loss=6.125045
batch 5800/6296 loss=6.442245
batch 5850/6296 loss=5.488364
batch 5900/6296 loss=6.378353
batch 5950/6296 loss=6.014552
batch 6000/6296 loss=7.166623
batch 6050/6296 loss=6.738636
batch 6100/6296 loss=6.259108
batch 6150/6296 loss=5.921630
batch 6200/6296 loss=6.311903
batch 6250/6296 loss=6.663846
epoch=51 train_loss=6.794214 val_loss=6.060387 best=5.840732 patience=50/50
EARLY STOP: ALL_gaussian_h128_l2_d0.0_lr0.0001_b64 at epoch 51

----------------------------------------
EXPERIMENT COMPLETED: ALL_gaussian_h128_l2_d0.0_lr0.0001_b64
BEST EPOCH: 1
BEST LOSS: 5.840732079424693
BEST ADE: 34.99351137047937
BEST FDE: 35.274931301253325
TIME HOURS: 0.6975996954573526
REDUCED PROGRESS: 1 / 1
REMAINING: 0
----------------------------------------


========================================
REDUCED SEARCH FINISHED
REDUCED EXPERIMENTS: 1
COMPLETED: 1
REMAINING: 0
TOTAL RESULTS RETAINED: 13
========================================
