nohup: ignoring input
======================================================================
STAGE 4 REAL WOMD LEARNED GMM
======================================================================
DEVICE: cuda
GPU: NVIDIA RTX A6000

Loading training dataset...
Training samples: 402916

Loading validation dataset...
Validation samples: 1217244
/home/agni/waymo/iscai_stage4/scripts/train_stage4_gmm_cuda.py:325: FutureWarning: `torch.cuda.amp.GradScaler(args...)` is deprecated. Please use `torch.amp.GradScaler('cuda', args...)` instead.
  scaler = torch.cuda.amp.GradScaler(
/home/agni/waymo/iscai_stage4/scripts/train_stage4_gmm_cuda.py:146: FutureWarning: `torch.cuda.amp.autocast(args...)` is deprecated. Please use `torch.amp.autocast('cuda', args...)` instead.
  with torch.cuda.amp.autocast(
batch 0/12592 loss=9355.916992
batch 50/12592 loss=93.751144
batch 100/12592 loss=67.882317
batch 150/12592 loss=65.662376
batch 200/12592 loss=64.978256
batch 250/12592 loss=63.664650
batch 300/12592 loss=61.146660
batch 350/12592 loss=69.566849
batch 400/12592 loss=63.232738
batch 450/12592 loss=60.925297
batch 500/12592 loss=56.952415
batch 550/12592 loss=55.370125
batch 600/12592 loss=57.024395
batch 650/12592 loss=62.911201
batch 700/12592 loss=51.147720
batch 750/12592 loss=54.561699
batch 800/12592 loss=54.359589
batch 850/12592 loss=57.648598
batch 900/12592 loss=61.834949
batch 950/12592 loss=61.517555
batch 1000/12592 loss=50.682175
batch 1050/12592 loss=59.132713
batch 1100/12592 loss=62.611919
batch 1150/12592 loss=47.317192
batch 1200/12592 loss=50.804173
batch 1250/12592 loss=56.523491
batch 1300/12592 loss=46.648117
batch 1350/12592 loss=54.171974
batch 1400/12592 loss=50.594231
batch 1450/12592 loss=52.013275
batch 1500/12592 loss=54.130646
batch 1550/12592 loss=46.273304
batch 1600/12592 loss=51.920174
batch 1650/12592 loss=51.144375
batch 1700/12592 loss=56.513786
batch 1750/12592 loss=48.889427
batch 1800/12592 loss=50.202927
batch 1850/12592 loss=46.270859
batch 1900/12592 loss=45.235741
batch 1950/12592 loss=43.616322
batch 2000/12592 loss=49.884884
batch 2050/12592 loss=46.372654
batch 2100/12592 loss=50.172760
batch 2150/12592 loss=46.128555
batch 2200/12592 loss=45.156624
batch 2250/12592 loss=43.988663
batch 2300/12592 loss=44.698986
batch 2350/12592 loss=49.832878
batch 2400/12592 loss=40.468773
batch 2450/12592 loss=44.976868
batch 2500/12592 loss=42.429558
batch 2550/12592 loss=40.673019
batch 2600/12592 loss=41.578323
batch 2650/12592 loss=42.543671
batch 2700/12592 loss=35.389359
batch 2750/12592 loss=39.321518
batch 2800/12592 loss=44.209183
batch 2850/12592 loss=48.141113
batch 2900/12592 loss=39.366249
batch 2950/12592 loss=41.291946
batch 3000/12592 loss=46.945671
batch 3050/12592 loss=47.466431
batch 3100/12592 loss=42.618523
batch 3150/12592 loss=45.147980
batch 3200/12592 loss=39.729828
batch 3250/12592 loss=38.754917
batch 3300/12592 loss=41.623650
batch 3350/12592 loss=39.976116
batch 3400/12592 loss=43.955482
batch 3450/12592 loss=38.377125
batch 3500/12592 loss=42.221771
batch 3550/12592 loss=36.711632
batch 3600/12592 loss=40.353378
batch 3650/12592 loss=46.492546
batch 3700/12592 loss=38.017990
batch 3750/12592 loss=38.794350
batch 3800/12592 loss=40.365005
batch 3850/12592 loss=45.958984
batch 3900/12592 loss=38.486614
batch 3950/12592 loss=43.751259
batch 4000/12592 loss=43.791424
batch 4050/12592 loss=36.901768
batch 4100/12592 loss=42.938526
batch 4150/12592 loss=35.266174
batch 4200/12592 loss=28.265190
batch 4250/12592 loss=36.906975
batch 4300/12592 loss=36.249836
batch 4350/12592 loss=38.942406
batch 4400/12592 loss=37.921398
batch 4450/12592 loss=34.390385
batch 4500/12592 loss=35.318314
batch 4550/12592 loss=22.476046
batch 4600/12592 loss=33.894424
batch 4650/12592 loss=34.756092
batch 4700/12592 loss=34.587578
batch 4750/12592 loss=37.865505
batch 4800/12592 loss=33.185921
batch 4850/12592 loss=27.763168
batch 4900/12592 loss=30.588406
batch 4950/12592 loss=24.822647
batch 5000/12592 loss=27.443396
batch 5050/12592 loss=27.264944
batch 5100/12592 loss=32.196133
batch 5150/12592 loss=27.168091
batch 5200/12592 loss=42.973896
batch 5250/12592 loss=34.161583
batch 5300/12592 loss=30.133383
batch 5350/12592 loss=34.827019
batch 5400/12592 loss=33.496811
batch 5450/12592 loss=34.719376
batch 5500/12592 loss=41.514076
batch 5550/12592 loss=23.369843
batch 5600/12592 loss=27.951233
batch 5650/12592 loss=28.404997
batch 5700/12592 loss=33.065826
batch 5750/12592 loss=32.604115
batch 5800/12592 loss=34.017593
batch 5850/12592 loss=23.871103
batch 5900/12592 loss=32.525986
batch 5950/12592 loss=34.131439
batch 6000/12592 loss=32.761028
batch 6050/12592 loss=25.604307
batch 6100/12592 loss=35.308315
batch 6150/12592 loss=40.812416
batch 6200/12592 loss=28.211426
batch 6250/12592 loss=27.862717
batch 6300/12592 loss=27.385607
batch 6350/12592 loss=28.924515
batch 6400/12592 loss=21.039289
batch 6450/12592 loss=31.405426
batch 6500/12592 loss=30.328348
batch 6550/12592 loss=31.255432
batch 6600/12592 loss=26.590694
batch 6650/12592 loss=23.068113
batch 6700/12592 loss=26.393827
batch 6750/12592 loss=26.355339
batch 6800/12592 loss=26.174713
batch 6850/12592 loss=29.365723
batch 6900/12592 loss=28.455994
batch 6950/12592 loss=22.633690
batch 7000/12592 loss=21.967022
batch 7050/12592 loss=20.136351
batch 7100/12592 loss=27.813957
batch 7150/12592 loss=23.766983
batch 7200/12592 loss=17.489202
batch 7250/12592 loss=24.609882
batch 7300/12592 loss=27.549950
batch 7350/12592 loss=14.672176
batch 7400/12592 loss=13.909811
batch 7450/12592 loss=17.798164
batch 7500/12592 loss=22.875599
batch 7550/12592 loss=24.842390
batch 7600/12592 loss=19.512646
batch 7650/12592 loss=17.001377
batch 7700/12592 loss=22.866802
batch 7750/12592 loss=14.270418
batch 7800/12592 loss=30.298985
batch 7850/12592 loss=28.316853
batch 7900/12592 loss=31.115435
batch 7950/12592 loss=11.972488
batch 8000/12592 loss=13.747518
batch 8050/12592 loss=20.316996
batch 8100/12592 loss=21.333584
batch 8150/12592 loss=21.365833
batch 8200/12592 loss=26.913401
batch 8250/12592 loss=22.303616
batch 8300/12592 loss=28.265789
batch 8350/12592 loss=20.853325
batch 8400/12592 loss=11.892560
batch 8450/12592 loss=15.404270
batch 8500/12592 loss=18.448349
batch 8550/12592 loss=24.808538
batch 8600/12592 loss=23.618553
batch 8650/12592 loss=31.513638
batch 8700/12592 loss=24.651894
batch 8750/12592 loss=21.315664
batch 8800/12592 loss=12.504650
batch 8850/12592 loss=9.066776
batch 8900/12592 loss=21.100559
batch 8950/12592 loss=22.428589
batch 9000/12592 loss=15.909708
batch 9050/12592 loss=18.773907
batch 9100/12592 loss=19.172132
batch 9150/12592 loss=28.186785
batch 9200/12592 loss=16.297424
batch 9250/12592 loss=13.115213
batch 9300/12592 loss=17.066175
batch 9350/12592 loss=18.109005
batch 9400/12592 loss=16.240902
batch 9450/12592 loss=27.507391
batch 9500/12592 loss=19.655380
batch 9550/12592 loss=15.872352
batch 9600/12592 loss=19.994457
batch 9650/12592 loss=14.283291
batch 9700/12592 loss=17.777966
batch 9750/12592 loss=18.626305
batch 9800/12592 loss=9.912805
batch 9850/12592 loss=20.915333
batch 9900/12592 loss=13.159230
batch 9950/12592 loss=2.364408
batch 10000/12592 loss=22.413794
batch 10050/12592 loss=13.601662
batch 10100/12592 loss=17.300034
batch 10150/12592 loss=12.049843
batch 10200/12592 loss=17.871929
batch 10250/12592 loss=15.070936
batch 10300/12592 loss=21.220427
batch 10350/12592 loss=24.279411
batch 10400/12592 loss=16.967266
batch 10450/12592 loss=17.058653
batch 10500/12592 loss=21.538284
batch 10550/12592 loss=5.299832
batch 10600/12592 loss=17.392365
batch 10650/12592 loss=17.451401
batch 10700/12592 loss=21.252964
batch 10750/12592 loss=18.308689
batch 10800/12592 loss=24.922943
batch 10850/12592 loss=7.168311
batch 10900/12592 loss=21.813099
batch 10950/12592 loss=11.148897
batch 11000/12592 loss=24.848721
batch 11050/12592 loss=19.306547
batch 11100/12592 loss=9.487919
batch 11150/12592 loss=15.163464
batch 11200/12592 loss=9.033683
batch 11250/12592 loss=13.782621
batch 11300/12592 loss=13.976215
batch 11350/12592 loss=15.855418
batch 11400/12592 loss=5.048684
batch 11450/12592 loss=14.703798
batch 11500/12592 loss=16.492744
batch 11550/12592 loss=15.591377
batch 11600/12592 loss=13.497520
batch 11650/12592 loss=15.679895
batch 11700/12592 loss=12.695533
batch 11750/12592 loss=14.941934
batch 11800/12592 loss=22.362579
batch 11850/12592 loss=7.375457
batch 11900/12592 loss=20.825581
batch 11950/12592 loss=17.380409
batch 12000/12592 loss=5.892415
batch 12050/12592 loss=15.274500
batch 12100/12592 loss=14.086234
batch 12150/12592 loss=16.101412
batch 12200/12592 loss=8.406983
batch 12250/12592 loss=14.864397
batch 12300/12592 loss=17.866724
batch 12350/12592 loss=8.456533
batch 12400/12592 loss=23.620766
batch 12450/12592 loss=8.976161
batch 12500/12592 loss=27.018890
batch 12550/12592 loss=7.533669
epoch=1 train_loss=44.770423 val_loss=10.700454 minADE=3.928878 minFDE=4.151044 best=10.700454 patience=0/50
batch 0/12592 loss=15.070914
batch 50/12592 loss=8.694248
batch 100/12592 loss=9.452255
batch 150/12592 loss=5.426509
batch 200/12592 loss=5.841222
batch 250/12592 loss=19.077452
batch 300/12592 loss=2.914188
batch 350/12592 loss=16.025171
batch 400/12592 loss=12.107139
batch 450/12592 loss=8.934579
batch 500/12592 loss=12.459348
batch 550/12592 loss=12.594054
batch 600/12592 loss=3.147989
batch 650/12592 loss=13.152569
batch 700/12592 loss=8.576162
batch 750/12592 loss=12.454605
batch 800/12592 loss=10.522199
batch 850/12592 loss=2.329646
batch 900/12592 loss=16.075695
batch 950/12592 loss=9.311395
batch 1000/12592 loss=18.162170
batch 1050/12592 loss=10.289421
batch 1100/12592 loss=12.828823
batch 1150/12592 loss=14.579329
batch 1200/12592 loss=15.493292
batch 1250/12592 loss=23.912689
batch 1300/12592 loss=11.686203
batch 1350/12592 loss=14.128420
batch 1400/12592 loss=8.992435
batch 1450/12592 loss=10.532715
batch 1500/12592 loss=5.527194
batch 1550/12592 loss=1.558212
batch 1600/12592 loss=13.614506
batch 1650/12592 loss=1.451167
batch 1700/12592 loss=4.202014
batch 1750/12592 loss=10.680570
batch 1800/12592 loss=-3.951508
batch 1850/12592 loss=-4.229503
batch 1900/12592 loss=15.570651
batch 1950/12592 loss=17.172173
batch 2000/12592 loss=1.603445
batch 2050/12592 loss=7.508167
batch 2100/12592 loss=8.965834
batch 2150/12592 loss=9.294546
batch 2200/12592 loss=11.740913
batch 2250/12592 loss=1.531223
batch 2300/12592 loss=6.493710
batch 2350/12592 loss=10.601350
batch 2400/12592 loss=16.369106
batch 2450/12592 loss=17.079723
batch 2500/12592 loss=6.715505
batch 2550/12592 loss=11.941458
batch 2600/12592 loss=-1.733392
batch 2650/12592 loss=4.973642
batch 2700/12592 loss=9.986488
batch 2750/12592 loss=4.639192
batch 2800/12592 loss=-4.317904
batch 2850/12592 loss=10.167194
batch 2900/12592 loss=9.481105
batch 2950/12592 loss=13.920778
batch 3000/12592 loss=15.051535
batch 3050/12592 loss=7.940994
batch 3100/12592 loss=9.802170
batch 3150/12592 loss=10.956272
batch 3200/12592 loss=4.307511
batch 3250/12592 loss=6.434531
batch 3300/12592 loss=9.993996
batch 3350/12592 loss=15.418817
batch 3400/12592 loss=17.184299
batch 3450/12592 loss=-0.198040
batch 3500/12592 loss=15.395910
batch 3550/12592 loss=12.871133
batch 3600/12592 loss=0.963575
batch 3650/12592 loss=9.335976
batch 3700/12592 loss=10.064949
batch 3750/12592 loss=7.716018
batch 3800/12592 loss=-1.662313
batch 3850/12592 loss=-6.353321
batch 3900/12592 loss=0.228417
batch 3950/12592 loss=-0.921567
batch 4000/12592 loss=7.144625
batch 4050/12592 loss=6.903162
batch 4100/12592 loss=-3.589247
batch 4150/12592 loss=-0.008067
batch 4200/12592 loss=10.206623
batch 4250/12592 loss=1.756716
batch 4300/12592 loss=0.013657
batch 4350/12592 loss=12.865602
batch 4400/12592 loss=-7.902416
batch 4450/12592 loss=3.047451
batch 4500/12592 loss=3.780744
batch 4550/12592 loss=-0.197381
batch 4600/12592 loss=4.935858
batch 4650/12592 loss=9.905015
batch 4700/12592 loss=2.175730
batch 4750/12592 loss=8.108006
batch 4800/12592 loss=8.642230
batch 4850/12592 loss=4.563517
batch 4900/12592 loss=-0.465428
batch 4950/12592 loss=0.652870
batch 5000/12592 loss=3.638655
batch 5050/12592 loss=1.732050
batch 5100/12592 loss=11.560787
batch 5150/12592 loss=14.865871
batch 5200/12592 loss=11.213517
batch 5250/12592 loss=5.163691
batch 5300/12592 loss=13.485665
batch 5350/12592 loss=3.598204
batch 5400/12592 loss=10.679022
batch 5450/12592 loss=19.859491
batch 5500/12592 loss=12.538229
batch 5550/12592 loss=6.851958
batch 5600/12592 loss=8.285604
batch 5650/12592 loss=-0.342711
batch 5700/12592 loss=-0.429613
batch 5750/12592 loss=-2.039024
batch 5800/12592 loss=4.496733
batch 5850/12592 loss=5.377325
batch 5900/12592 loss=4.375856
batch 5950/12592 loss=-3.360369
batch 6000/12592 loss=2.397987
batch 6050/12592 loss=1.664195
batch 6100/12592 loss=2.278779
batch 6150/12592 loss=-4.584753
batch 6200/12592 loss=8.308030
batch 6250/12592 loss=7.245579
batch 6300/12592 loss=5.019181
batch 6350/12592 loss=1.704165
batch 6400/12592 loss=-1.327533
batch 6450/12592 loss=11.702566
batch 6500/12592 loss=2.397957
batch 6550/12592 loss=7.909719
batch 6600/12592 loss=-7.803990
batch 6650/12592 loss=6.828616
batch 6700/12592 loss=5.735242
batch 6750/12592 loss=1.984113
batch 6800/12592 loss=14.257092
batch 6850/12592 loss=10.990326
batch 6900/12592 loss=-1.652267
batch 6950/12592 loss=3.249665
batch 7000/12592 loss=0.674842
batch 7050/12592 loss=4.669829
batch 7100/12592 loss=13.548048
batch 7150/12592 loss=8.508717
batch 7200/12592 loss=-2.213825
batch 7250/12592 loss=-4.834356
batch 7300/12592 loss=-4.104008
batch 7350/12592 loss=-1.351903
batch 7400/12592 loss=1.785817
batch 7450/12592 loss=5.264821
batch 7500/12592 loss=-6.103632
batch 7550/12592 loss=14.969590
batch 7600/12592 loss=-4.597317
batch 7650/12592 loss=-7.327453
batch 7700/12592 loss=-8.696788
batch 7750/12592 loss=5.261045
batch 7800/12592 loss=4.068291
batch 7850/12592 loss=-0.449056
batch 7900/12592 loss=-6.577469
batch 7950/12592 loss=-6.765162
batch 8000/12592 loss=-1.381255
batch 8050/12592 loss=10.030721
batch 8100/12592 loss=-7.367548
batch 8150/12592 loss=3.487651
batch 8200/12592 loss=1.113746
batch 8250/12592 loss=3.125816
batch 8300/12592 loss=-0.032680
batch 8350/12592 loss=5.182516
batch 8400/12592 loss=-3.055935
batch 8450/12592 loss=-1.672375
batch 8500/12592 loss=-7.883864
batch 8550/12592 loss=5.348463
batch 8600/12592 loss=10.229882
batch 8650/12592 loss=-0.065904
batch 8700/12592 loss=-7.361155
batch 8750/12592 loss=0.596333
batch 8800/12592 loss=-1.453498
batch 8850/12592 loss=1.394129
batch 8900/12592 loss=5.744218
batch 8950/12592 loss=3.685747
batch 9000/12592 loss=-3.339524
batch 9050/12592 loss=-8.617207
batch 9100/12592 loss=13.924845
batch 9150/12592 loss=-2.970979
batch 9200/12592 loss=-2.797470
batch 9250/12592 loss=-0.196506
batch 9300/12592 loss=-5.932358
batch 9350/12592 loss=-2.367121
batch 9400/12592 loss=0.575464
batch 9450/12592 loss=-6.666044
batch 9500/12592 loss=0.236908
batch 9550/12592 loss=4.387528
batch 9600/12592 loss=-7.807510
batch 9650/12592 loss=8.807581
batch 9700/12592 loss=1.893623
batch 9750/12592 loss=-5.127719
batch 9800/12592 loss=17.024897
batch 9850/12592 loss=-0.853441
batch 9900/12592 loss=0.620300
batch 9950/12592 loss=4.841280
batch 10000/12592 loss=1.307497
batch 10050/12592 loss=8.179300
batch 10100/12592 loss=-0.462195
batch 10150/12592 loss=0.265152
batch 10200/12592 loss=-0.468343
batch 10250/12592 loss=0.441757
batch 10300/12592 loss=-2.456980
batch 10350/12592 loss=-7.594581
batch 10400/12592 loss=-2.136664
batch 10450/12592 loss=8.294448
batch 10500/12592 loss=-3.993864
batch 10550/12592 loss=6.531224
batch 10600/12592 loss=8.068193
batch 10650/12592 loss=-9.523566
batch 10700/12592 loss=-2.332607
batch 10750/12592 loss=-0.872508
batch 10800/12592 loss=-3.038985
batch 10850/12592 loss=3.580120
batch 10900/12592 loss=-1.170415
batch 10950/12592 loss=-0.515867
batch 11000/12592 loss=-3.766444
batch 11050/12592 loss=-5.155486
batch 11100/12592 loss=12.920298
batch 11150/12592 loss=-2.363353
batch 11200/12592 loss=6.381164
batch 11250/12592 loss=0.606899
batch 11300/12592 loss=-2.440170
batch 11350/12592 loss=-7.131446
batch 11400/12592 loss=0.272794
batch 11450/12592 loss=-6.062321
batch 11500/12592 loss=1.936751
batch 11550/12592 loss=-2.562307
batch 11600/12592 loss=3.444014
batch 11650/12592 loss=7.097040
batch 11700/12592 loss=-8.368477
batch 11750/12592 loss=-7.489740
batch 11800/12592 loss=-8.723961
batch 11850/12592 loss=-1.522468
batch 11900/12592 loss=6.826784
batch 11950/12592 loss=-1.851260
batch 12000/12592 loss=-2.753122
batch 12050/12592 loss=1.198865
batch 12100/12592 loss=-11.883656
batch 12150/12592 loss=5.736672
batch 12200/12592 loss=2.994139
batch 12250/12592 loss=3.129869
batch 12300/12592 loss=-0.512390
batch 12350/12592 loss=-8.123878
batch 12400/12592 loss=-4.025918
batch 12450/12592 loss=3.871382
batch 12500/12592 loss=2.949756
batch 12550/12592 loss=-3.701312
epoch=2 train_loss=4.355540 val_loss=5.464702 minADE=1.419069 minFDE=1.872596 best=5.464702 patience=0/50
batch 0/12592 loss=12.243524
batch 50/12592 loss=0.484559
batch 100/12592 loss=13.879750
batch 150/12592 loss=2.962236
batch 200/12592 loss=-4.310405
batch 250/12592 loss=-4.150368
batch 300/12592 loss=2.739048
batch 350/12592 loss=-4.383863
batch 400/12592 loss=-1.980290
batch 450/12592 loss=10.601658
batch 500/12592 loss=-4.537119
batch 550/12592 loss=5.238470
batch 600/12592 loss=-3.495837
batch 650/12592 loss=4.170846
batch 700/12592 loss=-2.835694
batch 750/12592 loss=7.992027
batch 800/12592 loss=-5.225864
batch 850/12592 loss=-9.088379
batch 900/12592 loss=-8.326353
batch 950/12592 loss=-4.832802
batch 1000/12592 loss=0.685290
batch 1050/12592 loss=-6.411992
batch 1100/12592 loss=-2.301918
batch 1150/12592 loss=3.252355
batch 1200/12592 loss=-1.027719
batch 1250/12592 loss=-1.211384
batch 1300/12592 loss=-6.824949
batch 1350/12592 loss=6.052793
batch 1400/12592 loss=-0.650256
batch 1450/12592 loss=4.949873
batch 1500/12592 loss=-7.739126
batch 1550/12592 loss=-4.995288
batch 1600/12592 loss=-10.490499
batch 1650/12592 loss=1.421349
batch 1700/12592 loss=-7.876838
batch 1750/12592 loss=6.512743
batch 1800/12592 loss=0.435522
batch 1850/12592 loss=-4.671019
batch 1900/12592 loss=-1.388674
batch 1950/12592 loss=-0.670152
batch 2000/12592 loss=-1.057590
batch 2050/12592 loss=0.231632
batch 2100/12592 loss=-2.029855
batch 2150/12592 loss=0.322802
batch 2200/12592 loss=10.572720
batch 2250/12592 loss=-1.205998
batch 2300/12592 loss=-2.448820
batch 2350/12592 loss=-5.948114
batch 2400/12592 loss=-5.020481
batch 2450/12592 loss=-15.632908
batch 2500/12592 loss=0.128354
batch 2550/12592 loss=-7.699721
batch 2600/12592 loss=-3.233470
batch 2650/12592 loss=0.010741
batch 2700/12592 loss=-4.012899
batch 2750/12592 loss=-8.138090
batch 2800/12592 loss=-2.627401
batch 2850/12592 loss=0.561099
batch 2900/12592 loss=0.861073
batch 2950/12592 loss=-4.810471
batch 3000/12592 loss=-2.501318
batch 3050/12592 loss=1.123796
batch 3100/12592 loss=-0.741947
batch 3150/12592 loss=5.617574
batch 3200/12592 loss=-2.468587
batch 3250/12592 loss=-2.798048
batch 3300/12592 loss=-1.565310
batch 3350/12592 loss=-7.380220
batch 3400/12592 loss=-0.189165
batch 3450/12592 loss=-4.741358
batch 3500/12592 loss=1.756139
batch 3550/12592 loss=-7.533828
batch 3600/12592 loss=3.247777
batch 3650/12592 loss=-13.266248
batch 3700/12592 loss=7.026084
batch 3750/12592 loss=-4.133787
batch 3800/12592 loss=2.182796
batch 3850/12592 loss=-5.091311
batch 3900/12592 loss=-2.483706
batch 3950/12592 loss=0.085111
batch 4000/12592 loss=3.730928
batch 4050/12592 loss=1.148292
batch 4100/12592 loss=-4.019052
batch 4150/12592 loss=-0.090769
batch 4200/12592 loss=1.610183
batch 4250/12592 loss=-8.780786
batch 4300/12592 loss=-13.505804
batch 4350/12592 loss=-1.340136
batch 4400/12592 loss=1.133325
batch 4450/12592 loss=4.995066
batch 4500/12592 loss=-6.812629
batch 4550/12592 loss=-11.360497
batch 4600/12592 loss=0.429864
batch 4650/12592 loss=-13.010486
batch 4700/12592 loss=-3.053676
batch 4750/12592 loss=-1.754661
batch 4800/12592 loss=0.960284
batch 4850/12592 loss=-4.607423
batch 4900/12592 loss=6.117210
batch 4950/12592 loss=2.811823
batch 5000/12592 loss=-0.143525
batch 5050/12592 loss=-6.261325
batch 5100/12592 loss=-6.176707
batch 5150/12592 loss=1.236090
batch 5200/12592 loss=-3.300753
batch 5250/12592 loss=-14.189839
batch 5300/12592 loss=0.985643
batch 5350/12592 loss=-4.861954
batch 5400/12592 loss=-5.182819
batch 5450/12592 loss=6.094595
batch 5500/12592 loss=-3.814271
batch 5550/12592 loss=0.310330
batch 5600/12592 loss=-2.154565
batch 5650/12592 loss=-8.798970
batch 5700/12592 loss=-9.780497
batch 5750/12592 loss=-3.924700
batch 5800/12592 loss=-12.257212
batch 5850/12592 loss=-12.285346
batch 5900/12592 loss=7.584875
batch 5950/12592 loss=1.549151
batch 6000/12592 loss=-0.472162
batch 6050/12592 loss=-5.689223
batch 6100/12592 loss=-0.525736
batch 6150/12592 loss=-5.788087
batch 6200/12592 loss=-15.923310
batch 6250/12592 loss=-0.025030
batch 6300/12592 loss=-13.513665
batch 6350/12592 loss=-8.364714
batch 6400/12592 loss=-14.358175
batch 6450/12592 loss=-3.214100
batch 6500/12592 loss=-2.476236
batch 6550/12592 loss=-3.997897
batch 6600/12592 loss=0.471475
batch 6650/12592 loss=-5.959210
batch 6700/12592 loss=-4.945967
batch 6750/12592 loss=6.608900
batch 6800/12592 loss=-5.923929
batch 6850/12592 loss=-7.375777
batch 6900/12592 loss=-8.299082
batch 6950/12592 loss=-4.402812
batch 7000/12592 loss=2.576746
batch 7050/12592 loss=-1.846716
batch 7100/12592 loss=-10.022703
batch 7150/12592 loss=-3.862262
batch 7200/12592 loss=-13.310247
batch 7250/12592 loss=-14.598042
batch 7300/12592 loss=-9.803001
batch 7350/12592 loss=1.289710
batch 7400/12592 loss=-0.990540
batch 7450/12592 loss=-9.780485
batch 7500/12592 loss=-4.804680
batch 7550/12592 loss=2.943415
batch 7600/12592 loss=0.251447
batch 7650/12592 loss=3.567322
batch 7700/12592 loss=-9.536921
batch 7750/12592 loss=-5.423313
batch 7800/12592 loss=-17.912855
batch 7850/12592 loss=-6.508243
batch 7900/12592 loss=-5.689497
batch 7950/12592 loss=-5.052259
batch 8000/12592 loss=-6.038311
batch 8050/12592 loss=-3.806195
batch 8100/12592 loss=-6.469478
batch 8150/12592 loss=-7.469464
batch 8200/12592 loss=-12.769518
batch 8250/12592 loss=-6.271410
batch 8300/12592 loss=-7.507157
batch 8350/12592 loss=-9.499620
batch 8400/12592 loss=2.489144
batch 8450/12592 loss=-3.304607
batch 8500/12592 loss=-6.555955
batch 8550/12592 loss=-5.452463
batch 8600/12592 loss=-13.684990
batch 8650/12592 loss=-17.873842
batch 8700/12592 loss=-9.513189
batch 8750/12592 loss=-16.071148
batch 8800/12592 loss=8.188432
batch 8850/12592 loss=-5.405236
batch 8900/12592 loss=-12.754143
batch 8950/12592 loss=-6.435062
batch 9000/12592 loss=-8.956332
batch 9050/12592 loss=-8.230113
batch 9100/12592 loss=-1.917395
batch 9150/12592 loss=-10.915976
batch 9200/12592 loss=2.034078
batch 9250/12592 loss=-7.038495
batch 9300/12592 loss=-9.333314
batch 9350/12592 loss=-0.524858
batch 9400/12592 loss=-1.624720
batch 9450/12592 loss=-3.117283
batch 9500/12592 loss=-5.516591
batch 9550/12592 loss=-20.583570
batch 9600/12592 loss=-4.926291
batch 9650/12592 loss=-4.231759
batch 9700/12592 loss=-14.081464
batch 9750/12592 loss=-10.920932
batch 9800/12592 loss=-3.184897
batch 9850/12592 loss=-8.473636
batch 9900/12592 loss=-15.114386
batch 9950/12592 loss=-6.911489
batch 10000/12592 loss=2.398822
batch 10050/12592 loss=-7.484584
batch 10100/12592 loss=-11.769775
batch 10150/12592 loss=-13.850665
batch 10200/12592 loss=-6.713635
batch 10250/12592 loss=-13.386608
batch 10300/12592 loss=-2.623935
batch 10350/12592 loss=-7.035016
batch 10400/12592 loss=-8.974195
batch 10450/12592 loss=-9.857027
batch 10500/12592 loss=-1.365954
batch 10550/12592 loss=-0.574794
batch 10600/12592 loss=-8.527794
batch 10650/12592 loss=-11.301844
batch 10700/12592 loss=-18.132652
batch 10750/12592 loss=-11.089400
batch 10800/12592 loss=-3.814419
batch 10850/12592 loss=-9.482356
batch 10900/12592 loss=-9.102307
batch 10950/12592 loss=-6.239135
batch 11000/12592 loss=-3.076310
batch 11050/12592 loss=-12.254077
batch 11100/12592 loss=-10.153192
batch 11150/12592 loss=-11.553682
batch 11200/12592 loss=-8.798039
batch 11250/12592 loss=-5.924621
batch 11300/12592 loss=-18.584185
batch 11350/12592 loss=3.048002
batch 11400/12592 loss=-2.890113
batch 11450/12592 loss=-15.972230
batch 11500/12592 loss=-6.946602
batch 11550/12592 loss=-13.652138
batch 11600/12592 loss=-7.933416
batch 11650/12592 loss=3.133111
batch 11700/12592 loss=-11.906416
batch 11750/12592 loss=-7.744146
batch 11800/12592 loss=-10.153334
batch 11850/12592 loss=-17.542404
batch 11900/12592 loss=-8.597445
batch 11950/12592 loss=-10.742894
batch 12000/12592 loss=-7.516527
batch 12050/12592 loss=-6.168294
batch 12100/12592 loss=-13.580139
batch 12150/12592 loss=-10.170205
batch 12200/12592 loss=-16.621883
batch 12250/12592 loss=-13.150706
batch 12300/12592 loss=-3.865435
batch 12350/12592 loss=-9.107084
batch 12400/12592 loss=-3.270096
batch 12450/12592 loss=-2.035893
batch 12500/12592 loss=-8.343238
batch 12550/12592 loss=-14.980593
epoch=3 train_loss=-4.752448 val_loss=-9.737556 minADE=0.667862 minFDE=0.987746 best=-9.737556 patience=0/50
batch 0/12592 loss=-13.852763
batch 50/12592 loss=-12.509037
batch 100/12592 loss=0.410952
batch 150/12592 loss=-8.255501
batch 200/12592 loss=-17.555525
batch 250/12592 loss=-6.652457
batch 300/12592 loss=-12.620979
batch 350/12592 loss=-8.247543
batch 400/12592 loss=-8.473919
batch 450/12592 loss=-3.574041
batch 500/12592 loss=-10.507530
batch 550/12592 loss=2.276002
batch 600/12592 loss=-7.465574
batch 650/12592 loss=-3.166292
batch 700/12592 loss=-6.829293
batch 750/12592 loss=-13.642839
batch 800/12592 loss=-2.515494
batch 850/12592 loss=-1.236592
batch 900/12592 loss=-9.859236
batch 950/12592 loss=-7.279205
batch 1000/12592 loss=-16.874104
batch 1050/12592 loss=-16.025398
batch 1100/12592 loss=-10.762378
batch 1150/12592 loss=-9.563770
batch 1200/12592 loss=-11.807229
batch 1250/12592 loss=-11.620800
batch 1300/12592 loss=-11.105455
batch 1350/12592 loss=-14.544024
batch 1400/12592 loss=-5.841563
batch 1450/12592 loss=-1.459968
batch 1500/12592 loss=-8.411910
batch 1550/12592 loss=-9.199143
batch 1600/12592 loss=-12.883183
batch 1650/12592 loss=-12.032475
batch 1700/12592 loss=-11.038983
batch 1750/12592 loss=-7.580558
batch 1800/12592 loss=-9.367298
batch 1850/12592 loss=-12.318767
batch 1900/12592 loss=1.070945
batch 1950/12592 loss=-13.915186
batch 2000/12592 loss=-13.432041
batch 2050/12592 loss=-9.206186
batch 2100/12592 loss=0.138150
batch 2150/12592 loss=-11.797998
batch 2200/12592 loss=-12.164311
batch 2250/12592 loss=-8.354541
batch 2300/12592 loss=-10.266912
batch 2350/12592 loss=-10.566580
batch 2400/12592 loss=-3.927504
batch 2450/12592 loss=-4.816847
batch 2500/12592 loss=-4.353878
batch 2550/12592 loss=-4.287996
batch 2600/12592 loss=-9.963310
batch 2650/12592 loss=-2.262244
batch 2700/12592 loss=-15.011724
batch 2750/12592 loss=-1.679837
batch 2800/12592 loss=-9.493690
batch 2850/12592 loss=-2.759513
batch 2900/12592 loss=-4.244225
batch 2950/12592 loss=-10.397054
batch 3000/12592 loss=-11.472195
batch 3050/12592 loss=1.260271
batch 3100/12592 loss=-11.004339
batch 3150/12592 loss=-9.967915
batch 3200/12592 loss=-7.153939
batch 3250/12592 loss=-8.968859
batch 3300/12592 loss=-0.323786
batch 3350/12592 loss=-11.625835
batch 3400/12592 loss=-10.943017
batch 3450/12592 loss=-1.117103
batch 3500/12592 loss=3.193649
batch 3550/12592 loss=-15.956545
batch 3600/12592 loss=-12.462460
batch 3650/12592 loss=-6.823536
batch 3700/12592 loss=-13.052379
batch 3750/12592 loss=-8.787275
batch 3800/12592 loss=-2.146938
batch 3850/12592 loss=-13.005915
batch 3900/12592 loss=-5.394710
batch 3950/12592 loss=-14.777704
batch 4000/12592 loss=-11.611927
batch 4050/12592 loss=-2.544586
batch 4100/12592 loss=-8.850071
batch 4150/12592 loss=-7.899504
batch 4200/12592 loss=-12.910788
batch 4250/12592 loss=-2.554972
batch 4300/12592 loss=-15.926506
batch 4350/12592 loss=-2.676291
batch 4400/12592 loss=-11.149214
batch 4450/12592 loss=-3.062360
batch 4500/12592 loss=-8.554426
batch 4550/12592 loss=-13.370719
batch 4600/12592 loss=-9.466148
batch 4650/12592 loss=-4.505350
batch 4700/12592 loss=-6.153953
batch 4750/12592 loss=-6.613620
batch 4800/12592 loss=0.512682
batch 4850/12592 loss=-19.692364
batch 4900/12592 loss=-4.948930
batch 4950/12592 loss=-16.444733
batch 5000/12592 loss=-8.059178
batch 5050/12592 loss=-9.668674
batch 5100/12592 loss=-6.827851
batch 5150/12592 loss=-5.421691
batch 5200/12592 loss=-9.140798
batch 5250/12592 loss=-12.148989
batch 5300/12592 loss=-14.670916
batch 5350/12592 loss=-10.020398
batch 5400/12592 loss=-15.075666
batch 5450/12592 loss=-5.980266
batch 5500/12592 loss=-4.120188
batch 5550/12592 loss=-1.430003
batch 5600/12592 loss=-6.682441
batch 5650/12592 loss=-16.952444
batch 5700/12592 loss=-19.769802
batch 5750/12592 loss=-8.782476
batch 5800/12592 loss=-4.881451
batch 5850/12592 loss=-13.295484
batch 5900/12592 loss=-11.025135
batch 5950/12592 loss=-14.492340
batch 6000/12592 loss=-9.849704
batch 6050/12592 loss=-10.761953
batch 6100/12592 loss=-4.054651
batch 6150/12592 loss=-14.573447
batch 6200/12592 loss=-11.614584
batch 6250/12592 loss=-7.666508
batch 6300/12592 loss=-8.176385
batch 6350/12592 loss=-7.941228
batch 6400/12592 loss=-12.489436
batch 6450/12592 loss=0.535151
batch 6500/12592 loss=-0.033518
batch 6550/12592 loss=-1.430425
batch 6600/12592 loss=-0.466215
batch 6650/12592 loss=-9.991114
batch 6700/12592 loss=-9.967125
batch 6750/12592 loss=-11.941582
batch 6800/12592 loss=-8.913378
batch 6850/12592 loss=4.461821
batch 6900/12592 loss=-16.517216
batch 6950/12592 loss=-8.433163
batch 7000/12592 loss=-15.074552
batch 7050/12592 loss=-7.459543
batch 7100/12592 loss=-3.403308
batch 7150/12592 loss=-13.997402
batch 7200/12592 loss=-6.650779
batch 7250/12592 loss=-11.404887
batch 7300/12592 loss=-9.525462
batch 7350/12592 loss=-10.014963
batch 7400/12592 loss=-15.295225
batch 7450/12592 loss=-7.206941
batch 7500/12592 loss=5.343005
batch 7550/12592 loss=-9.236674
batch 7600/12592 loss=-10.887420
batch 7650/12592 loss=-21.322304
batch 7700/12592 loss=-10.057493
batch 7750/12592 loss=-4.293036
batch 7800/12592 loss=-14.575543
batch 7850/12592 loss=-16.210115
batch 7900/12592 loss=-5.457256
batch 7950/12592 loss=-17.276831
batch 8000/12592 loss=-12.854388
batch 8050/12592 loss=-13.342686
batch 8100/12592 loss=-10.072589
batch 8150/12592 loss=-14.642785
batch 8200/12592 loss=-17.752327
batch 8250/12592 loss=-10.822545
batch 8300/12592 loss=-7.498458
batch 8350/12592 loss=-5.856444
batch 8400/12592 loss=-12.390380
batch 8450/12592 loss=-12.889731
batch 8500/12592 loss=-13.811053
batch 8550/12592 loss=-13.773207
batch 8600/12592 loss=-9.606119
batch 8650/12592 loss=-4.901579
batch 8700/12592 loss=-11.286816
batch 8750/12592 loss=-17.618467
batch 8800/12592 loss=-13.587696
batch 8850/12592 loss=-9.681509
batch 8900/12592 loss=-3.604397
batch 8950/12592 loss=-10.546877
batch 9000/12592 loss=-9.265684
batch 9050/12592 loss=0.721183
batch 9100/12592 loss=-21.496998
batch 9150/12592 loss=-7.497065
batch 9200/12592 loss=-12.871000
batch 9250/12592 loss=-27.212395
batch 9300/12592 loss=-6.095801
batch 9350/12592 loss=-8.456936
batch 9400/12592 loss=-11.828662
batch 9450/12592 loss=-1.309054
batch 9500/12592 loss=5.828139
batch 9550/12592 loss=-16.393173
batch 9600/12592 loss=-9.482322
batch 9650/12592 loss=-8.443879
batch 9700/12592 loss=-14.456175
batch 9750/12592 loss=-3.023436
batch 9800/12592 loss=-2.328671
batch 9850/12592 loss=-13.579863
batch 9900/12592 loss=-16.171486
batch 9950/12592 loss=-6.368094
batch 10000/12592 loss=-10.345568
batch 10050/12592 loss=-11.396959
batch 10100/12592 loss=-13.065657
batch 10150/12592 loss=-12.402683
batch 10200/12592 loss=-6.521554
batch 10250/12592 loss=-7.517233
batch 10300/12592 loss=-9.130588
batch 10350/12592 loss=-7.542017
batch 10400/12592 loss=-10.051722
batch 10450/12592 loss=-8.018992
batch 10500/12592 loss=-12.424880
batch 10550/12592 loss=-9.150221
batch 10600/12592 loss=-9.109734
batch 10650/12592 loss=-1.812671
batch 10700/12592 loss=-14.794121
batch 10750/12592 loss=-7.061691
batch 10800/12592 loss=-20.032709
batch 10850/12592 loss=-8.791625
batch 10900/12592 loss=-8.128513
batch 10950/12592 loss=-19.871441
batch 11000/12592 loss=-5.627419
batch 11050/12592 loss=-8.836467
batch 11100/12592 loss=3.598160
batch 11150/12592 loss=-6.039711
batch 11200/12592 loss=-18.444735
batch 11250/12592 loss=-8.171861
batch 11300/12592 loss=-13.548498
batch 11350/12592 loss=-20.921961
batch 11400/12592 loss=-20.677795
batch 11450/12592 loss=-12.431742
batch 11500/12592 loss=-13.119624
batch 11550/12592 loss=-13.059831
batch 11600/12592 loss=-1.628973
batch 11650/12592 loss=-12.460402
batch 11700/12592 loss=-7.604951
batch 11750/12592 loss=-22.452326
batch 11800/12592 loss=-10.688005
batch 11850/12592 loss=-9.718253
batch 11900/12592 loss=-15.574875
batch 11950/12592 loss=-4.961852
batch 12000/12592 loss=-11.716222
batch 12050/12592 loss=-19.378593
batch 12100/12592 loss=-18.075424
batch 12150/12592 loss=-14.715993
batch 12200/12592 loss=-20.502207
batch 12250/12592 loss=-15.630659
batch 12300/12592 loss=-9.474497
batch 12350/12592 loss=-9.626942
batch 12400/12592 loss=-10.908632
batch 12450/12592 loss=-13.792520
batch 12500/12592 loss=-18.391634
batch 12550/12592 loss=-14.275221
epoch=4 train_loss=-9.332364 val_loss=5.437594 minADE=0.598286 minFDE=0.798554 best=-9.737556 patience=1/50
batch 0/12592 loss=2.380891
batch 50/12592 loss=-7.984896
batch 100/12592 loss=-16.909946
batch 150/12592 loss=-12.630284
batch 200/12592 loss=-6.450225
batch 250/12592 loss=-15.160876
batch 300/12592 loss=-7.257792
batch 350/12592 loss=-11.796197
batch 400/12592 loss=-10.638665
batch 450/12592 loss=-7.504940
batch 500/12592 loss=-13.898111
batch 550/12592 loss=-15.080074
batch 600/12592 loss=-18.665314
batch 650/12592 loss=-3.016014
batch 700/12592 loss=-21.837421
batch 750/12592 loss=-13.622028
batch 800/12592 loss=-8.472500
batch 850/12592 loss=-10.244631
batch 900/12592 loss=-6.784634
batch 950/12592 loss=-17.623346
batch 1000/12592 loss=-6.796560
batch 1050/12592 loss=-19.398310
batch 1100/12592 loss=-2.290417
batch 1150/12592 loss=-24.035784
batch 1200/12592 loss=-12.872354
batch 1250/12592 loss=-17.418745
batch 1300/12592 loss=-13.823205
batch 1350/12592 loss=-21.204887
batch 1400/12592 loss=-4.834643
batch 1450/12592 loss=-9.011192
batch 1500/12592 loss=-7.634841
batch 1550/12592 loss=-16.735949
batch 1600/12592 loss=-9.311657
batch 1650/12592 loss=-17.375988
batch 1700/12592 loss=-9.836355
batch 1750/12592 loss=-11.865215
batch 1800/12592 loss=-4.843514
batch 1850/12592 loss=-12.619988
batch 1900/12592 loss=-7.515408
batch 1950/12592 loss=2.956080
batch 2000/12592 loss=-10.057010
batch 2050/12592 loss=-15.163845
batch 2100/12592 loss=-13.315216
batch 2150/12592 loss=-5.396536
batch 2200/12592 loss=-11.543440
batch 2250/12592 loss=-7.365230
batch 2300/12592 loss=-11.059057
batch 2350/12592 loss=-8.958554
batch 2400/12592 loss=-13.687021
batch 2450/12592 loss=-3.465443
batch 2500/12592 loss=-4.028228
batch 2550/12592 loss=-14.238672
batch 2600/12592 loss=-6.602690
batch 2650/12592 loss=-11.403911
batch 2700/12592 loss=-20.747528
batch 2750/12592 loss=-7.874826
batch 2800/12592 loss=-13.036030
batch 2850/12592 loss=-22.931896
batch 2900/12592 loss=-19.745651
batch 2950/12592 loss=-18.412441
batch 3000/12592 loss=-7.063010
batch 3050/12592 loss=-10.883688
batch 3100/12592 loss=-3.326666
batch 3150/12592 loss=-10.357397
batch 3200/12592 loss=-15.924551
batch 3250/12592 loss=-5.462422
batch 3300/12592 loss=-13.888853
batch 3350/12592 loss=-15.230387
batch 3400/12592 loss=-2.601645
batch 3450/12592 loss=0.940032
batch 3500/12592 loss=-20.537054
batch 3550/12592 loss=-9.495779
batch 3600/12592 loss=-8.916435
batch 3650/12592 loss=-8.742375
batch 3700/12592 loss=-13.457829
batch 3750/12592 loss=-11.687198
batch 3800/12592 loss=-21.504538
batch 3850/12592 loss=-12.180857
batch 3900/12592 loss=-8.754478
batch 3950/12592 loss=-14.043683
batch 4000/12592 loss=-13.411598
batch 4050/12592 loss=-10.586613
batch 4100/12592 loss=-9.038754
batch 4150/12592 loss=-14.299775
batch 4200/12592 loss=-20.838329
batch 4250/12592 loss=-13.782204
batch 4300/12592 loss=-9.898257
batch 4350/12592 loss=-8.035213
batch 4400/12592 loss=-17.019953
batch 4450/12592 loss=-21.022188
batch 4500/12592 loss=-10.276905
batch 4550/12592 loss=-8.701242
batch 4600/12592 loss=-15.156222
batch 4650/12592 loss=-8.653246
batch 4700/12592 loss=-17.619209
batch 4750/12592 loss=-7.699446
batch 4800/12592 loss=-16.309631
batch 4850/12592 loss=-13.083847
batch 4900/12592 loss=-16.013304
batch 4950/12592 loss=-21.266888
batch 5000/12592 loss=-5.915561
batch 5050/12592 loss=-10.764322
batch 5100/12592 loss=-5.049686
batch 5150/12592 loss=-3.002944
batch 5200/12592 loss=-13.779357
batch 5250/12592 loss=-10.433004
batch 5300/12592 loss=3.207593
batch 5350/12592 loss=-5.856502
batch 5400/12592 loss=-14.471683
batch 5450/12592 loss=5.123289
batch 5500/12592 loss=8.745641
batch 5550/12592 loss=-8.314814
batch 5600/12592 loss=-11.257526
batch 5650/12592 loss=-10.665130
batch 5700/12592 loss=-2.562013
batch 5750/12592 loss=-8.297876
batch 5800/12592 loss=-14.400042
batch 5850/12592 loss=-17.897614
batch 5900/12592 loss=-13.318569
batch 5950/12592 loss=-3.762928
batch 6000/12592 loss=-10.366008
batch 6050/12592 loss=-20.032494
batch 6100/12592 loss=-7.385912
batch 6150/12592 loss=-19.274357
batch 6200/12592 loss=-15.120977
batch 6250/12592 loss=-6.078882
batch 6300/12592 loss=-17.737396
batch 6350/12592 loss=-6.708886
batch 6400/12592 loss=-10.155266
batch 6450/12592 loss=-9.604898
batch 6500/12592 loss=-8.061904
batch 6550/12592 loss=-15.312090
batch 6600/12592 loss=-4.991346
batch 6650/12592 loss=-10.520794
batch 6700/12592 loss=-9.259927
batch 6750/12592 loss=-9.488194
batch 6800/12592 loss=-11.304123
batch 6850/12592 loss=-13.607792
batch 6900/12592 loss=-9.918296
batch 6950/12592 loss=-10.395140
batch 7000/12592 loss=-5.740674
batch 7050/12592 loss=-7.972254
batch 7100/12592 loss=-7.833723
batch 7150/12592 loss=-17.237350
batch 7200/12592 loss=-12.846841
batch 7250/12592 loss=-11.583231
batch 7300/12592 loss=-19.207514
batch 7350/12592 loss=-5.763896
batch 7400/12592 loss=-11.820514
batch 7450/12592 loss=-9.477276
batch 7500/12592 loss=-8.704098
batch 7550/12592 loss=-7.530167
batch 7600/12592 loss=-3.036925
batch 7650/12592 loss=-15.312944
batch 7700/12592 loss=-10.400881
batch 7750/12592 loss=-11.106166
batch 7800/12592 loss=-13.548683
batch 7850/12592 loss=-14.379334
batch 7900/12592 loss=-14.257725
batch 7950/12592 loss=-12.079277
batch 8000/12592 loss=-3.897746
batch 8050/12592 loss=-5.605287
batch 8100/12592 loss=-13.743074
batch 8150/12592 loss=-2.277541
batch 8200/12592 loss=-9.030462
batch 8250/12592 loss=-12.415922
batch 8300/12592 loss=-15.281357
batch 8350/12592 loss=-2.139532
batch 8400/12592 loss=-7.511179
batch 8450/12592 loss=-7.073994
batch 8500/12592 loss=-11.201384
batch 8550/12592 loss=-8.373213
batch 8600/12592 loss=-10.880459
batch 8650/12592 loss=-13.021749
batch 8700/12592 loss=-21.750023
batch 8750/12592 loss=-6.006694
batch 8800/12592 loss=-10.194921
batch 8850/12592 loss=-12.205827
batch 8900/12592 loss=-17.966549
batch 8950/12592 loss=-14.945244
batch 9000/12592 loss=-8.946964
batch 9050/12592 loss=-3.212168
batch 9100/12592 loss=-24.220165
batch 9150/12592 loss=-13.373652
batch 9200/12592 loss=-19.919729
batch 9250/12592 loss=-6.072074
batch 9300/12592 loss=-14.040506
batch 9350/12592 loss=-9.809281
batch 9400/12592 loss=-15.323145
batch 9450/12592 loss=-5.249800
batch 9500/12592 loss=-9.698109
batch 9550/12592 loss=-11.316304
batch 9600/12592 loss=-12.423380
batch 9650/12592 loss=-2.293055
batch 9700/12592 loss=-5.391218
batch 9750/12592 loss=-13.121452
batch 9800/12592 loss=-25.783985
batch 9850/12592 loss=-9.929951
batch 9900/12592 loss=-7.395447
batch 9950/12592 loss=-11.315393
batch 10000/12592 loss=-16.899937
batch 10050/12592 loss=-18.960728
batch 10100/12592 loss=-6.212451
batch 10150/12592 loss=-10.812130
batch 10200/12592 loss=-5.270505
batch 10250/12592 loss=-19.343792
batch 10300/12592 loss=-13.373579
batch 10350/12592 loss=-10.401256
batch 10400/12592 loss=-13.025427
batch 10450/12592 loss=-5.523650
batch 10500/12592 loss=-15.178142
batch 10550/12592 loss=-5.353252
batch 10600/12592 loss=-7.506041
batch 10650/12592 loss=-13.553824
batch 10700/12592 loss=-8.873158
batch 10750/12592 loss=-10.298391
batch 10800/12592 loss=-25.772865
batch 10850/12592 loss=-15.429949
batch 10900/12592 loss=-19.550623
batch 10950/12592 loss=-6.094397
batch 11000/12592 loss=-14.278991
batch 11050/12592 loss=-14.039148
batch 11100/12592 loss=-6.560894
batch 11150/12592 loss=-4.394998
batch 11200/12592 loss=-7.462857
batch 11250/12592 loss=-9.897427
batch 11300/12592 loss=-3.315788
batch 11350/12592 loss=-13.044699
batch 11400/12592 loss=-12.917129
batch 11450/12592 loss=-5.982594
batch 11500/12592 loss=-9.840169
batch 11550/12592 loss=-16.994928
batch 11600/12592 loss=-10.781978
batch 11650/12592 loss=-17.653503
batch 11700/12592 loss=-13.680323
batch 11750/12592 loss=-9.327729
batch 11800/12592 loss=-15.809036
batch 11850/12592 loss=-2.682189
batch 11900/12592 loss=-16.203722
batch 11950/12592 loss=-13.287967
batch 12000/12592 loss=-14.439172
batch 12050/12592 loss=-16.474674
batch 12100/12592 loss=-10.539900
batch 12150/12592 loss=-11.801826
batch 12200/12592 loss=-17.002041
batch 12250/12592 loss=-14.539820
batch 12300/12592 loss=-8.110937
batch 12350/12592 loss=-9.089428
batch 12400/12592 loss=-8.434840
batch 12450/12592 loss=-14.815616
batch 12500/12592 loss=-13.839792
batch 12550/12592 loss=-6.642489
epoch=5 train_loss=-11.344232 val_loss=-6.574520 minADE=0.494399 minFDE=0.656066 best=-9.737556 patience=2/50
batch 0/12592 loss=-7.243705
batch 50/12592 loss=-8.545737
batch 100/12592 loss=-6.515077
batch 150/12592 loss=-7.962591
batch 200/12592 loss=-8.853510
batch 250/12592 loss=-9.991505
batch 300/12592 loss=-14.984807
batch 350/12592 loss=-8.576631
batch 400/12592 loss=-14.705248
batch 450/12592 loss=-11.619287
batch 500/12592 loss=-13.357281
batch 550/12592 loss=-0.963130
batch 600/12592 loss=-7.576339
batch 650/12592 loss=-6.342344
batch 700/12592 loss=-9.256553
batch 750/12592 loss=-5.132106
batch 800/12592 loss=-20.710697
batch 850/12592 loss=-14.174200
batch 900/12592 loss=-9.976669
batch 950/12592 loss=-4.447801
batch 1000/12592 loss=-12.179972
batch 1050/12592 loss=-13.111220
batch 1100/12592 loss=-17.176540
batch 1150/12592 loss=-6.486973
batch 1200/12592 loss=-12.836412
batch 1250/12592 loss=-17.447735
batch 1300/12592 loss=-16.174892
batch 1350/12592 loss=-10.897977
batch 1400/12592 loss=-4.198867
batch 1450/12592 loss=-21.005997
batch 1500/12592 loss=-15.940407
batch 1550/12592 loss=-14.556715
batch 1600/12592 loss=-15.330051
batch 1650/12592 loss=-15.059868
batch 1700/12592 loss=-3.956106
batch 1750/12592 loss=-9.910971
batch 1800/12592 loss=-7.563210
batch 1850/12592 loss=-17.076429
batch 1900/12592 loss=-19.553417
batch 1950/12592 loss=-5.831867
batch 2000/12592 loss=-10.171083
batch 2050/12592 loss=-12.589622
batch 2100/12592 loss=-11.729666
batch 2150/12592 loss=-11.793146
batch 2200/12592 loss=-6.226651
batch 2250/12592 loss=-10.266130
batch 2300/12592 loss=-0.998657
batch 2350/12592 loss=-16.807001
batch 2400/12592 loss=-5.185041
batch 2450/12592 loss=-6.364505
batch 2500/12592 loss=-14.337678
batch 2550/12592 loss=-13.143750
batch 2600/12592 loss=-13.103567
batch 2650/12592 loss=-14.011457
batch 2700/12592 loss=-22.919945
batch 2750/12592 loss=-9.710031
batch 2800/12592 loss=-3.142853
batch 2850/12592 loss=-14.214465
batch 2900/12592 loss=-9.501163
batch 2950/12592 loss=-6.004773
batch 3000/12592 loss=-15.245339
batch 3050/12592 loss=-16.861597
batch 3100/12592 loss=-16.806198
batch 3150/12592 loss=-22.557365
batch 3200/12592 loss=-23.334476
batch 3250/12592 loss=-5.074997
batch 3300/12592 loss=-21.971516
batch 3350/12592 loss=-18.593876
batch 3400/12592 loss=-17.116661
batch 3450/12592 loss=-13.155889
batch 3500/12592 loss=-15.910903
batch 3550/12592 loss=-12.649949
batch 3600/12592 loss=-15.047598
batch 3650/12592 loss=-9.305593
batch 3700/12592 loss=-4.596028
batch 3750/12592 loss=-11.554724
batch 3800/12592 loss=-10.563965
batch 3850/12592 loss=-15.359183
batch 3900/12592 loss=-13.774954
batch 3950/12592 loss=-11.181720
batch 4000/12592 loss=-2.692428
batch 4050/12592 loss=-11.227862
batch 4100/12592 loss=-9.515993
batch 4150/12592 loss=-13.306350
batch 4200/12592 loss=-17.970221
batch 4250/12592 loss=-5.286525
batch 4300/12592 loss=-11.716909
batch 4350/12592 loss=-12.524561
batch 4400/12592 loss=-10.621946
batch 4450/12592 loss=-3.666603
batch 4500/12592 loss=-5.094019
batch 4550/12592 loss=-12.371473
batch 4600/12592 loss=-9.697216
batch 4650/12592 loss=-8.773336
batch 4700/12592 loss=-15.944553
batch 4750/12592 loss=-7.160584
batch 4800/12592 loss=-12.188749
batch 4850/12592 loss=-20.840773
batch 4900/12592 loss=-15.298841
batch 4950/12592 loss=-10.604105
batch 5000/12592 loss=-8.470329
batch 5050/12592 loss=-10.527012
batch 5100/12592 loss=-8.831997
batch 5150/12592 loss=-5.600613
batch 5200/12592 loss=-18.561478
batch 5250/12592 loss=-13.888067
batch 5300/12592 loss=-17.134193
batch 5350/12592 loss=-13.512335
batch 5400/12592 loss=-16.923887
batch 5450/12592 loss=-11.667540
batch 5500/12592 loss=-11.286133
batch 5550/12592 loss=-12.307135
batch 5600/12592 loss=-18.411112
batch 5650/12592 loss=-6.261655
batch 5700/12592 loss=-1.628531
batch 5750/12592 loss=-12.790955
batch 5800/12592 loss=-16.300335
batch 5850/12592 loss=-5.872636
batch 5900/12592 loss=-10.492702
batch 5950/12592 loss=-20.313454
batch 6000/12592 loss=-13.791634
batch 6050/12592 loss=-10.177334
batch 6100/12592 loss=-10.387865
batch 6150/12592 loss=-10.490988
batch 6200/12592 loss=-16.761909
batch 6250/12592 loss=-18.138567
batch 6300/12592 loss=-3.253044
batch 6350/12592 loss=-9.858860
batch 6400/12592 loss=-19.611988
batch 6450/12592 loss=3.975879
batch 6500/12592 loss=-15.641565
batch 6550/12592 loss=-16.339157
batch 6600/12592 loss=-12.774158
batch 6650/12592 loss=-5.188724
batch 6700/12592 loss=-16.787701
batch 6750/12592 loss=-13.488798
batch 6800/12592 loss=-11.997908
batch 6850/12592 loss=-12.083967
batch 6900/12592 loss=-18.272278
batch 6950/12592 loss=-12.814019
batch 7000/12592 loss=-8.835365
batch 7050/12592 loss=-14.180991
batch 7100/12592 loss=-17.705688
batch 7150/12592 loss=-6.337626
batch 7200/12592 loss=-5.351129
batch 7250/12592 loss=-20.230473
batch 7300/12592 loss=-10.001778
batch 7350/12592 loss=-7.183852
batch 7400/12592 loss=-10.455048
batch 7450/12592 loss=-13.192982
batch 7500/12592 loss=-18.695175
batch 7550/12592 loss=-16.928143
batch 7600/12592 loss=-17.023930
batch 7650/12592 loss=-14.266682
batch 7700/12592 loss=-14.199739
batch 7750/12592 loss=-20.164848
batch 7800/12592 loss=-12.586002
batch 7850/12592 loss=-13.900547
batch 7900/12592 loss=-11.970926
batch 7950/12592 loss=-15.455412
batch 8000/12592 loss=-2.671719
batch 8050/12592 loss=-6.852624
batch 8100/12592 loss=-17.661600
batch 8150/12592 loss=-13.897977
batch 8200/12592 loss=-14.130318
batch 8250/12592 loss=-6.746964
batch 8300/12592 loss=-16.016361
batch 8350/12592 loss=-17.232538
batch 8400/12592 loss=-18.953304
batch 8450/12592 loss=-18.318413
batch 8500/12592 loss=-22.564442
batch 8550/12592 loss=-12.680224
batch 8600/12592 loss=-0.014077
batch 8650/12592 loss=-4.654181
batch 8700/12592 loss=-16.683344
batch 8750/12592 loss=-6.180300
batch 8800/12592 loss=-10.427250
batch 8850/12592 loss=-16.492662
batch 8900/12592 loss=-23.638611
batch 8950/12592 loss=-6.658591
batch 9000/12592 loss=-4.503317
batch 9050/12592 loss=-18.241486
batch 9100/12592 loss=-7.416936
batch 9150/12592 loss=-13.675611
batch 9200/12592 loss=-9.136112
batch 9250/12592 loss=-12.223297
batch 9300/12592 loss=-5.079619
batch 9350/12592 loss=-8.352981
batch 9400/12592 loss=-13.012459
batch 9450/12592 loss=-20.302158
batch 9500/12592 loss=-14.497711
batch 9550/12592 loss=-11.373936
batch 9600/12592 loss=-19.126282
batch 9650/12592 loss=-7.774999
batch 9700/12592 loss=-10.162832
batch 9750/12592 loss=-5.615115
batch 9800/12592 loss=-18.319641
batch 9850/12592 loss=-7.590886
batch 9900/12592 loss=-17.310322
batch 9950/12592 loss=-15.013407
batch 10000/12592 loss=-16.207748
batch 10050/12592 loss=-13.453789
batch 10100/12592 loss=-8.510968
batch 10150/12592 loss=-21.182270
batch 10200/12592 loss=-14.268431
batch 10250/12592 loss=-15.441669
batch 10300/12592 loss=-6.898671
batch 10350/12592 loss=-16.521015
batch 10400/12592 loss=-13.576586
batch 10450/12592 loss=-14.387675
batch 10500/12592 loss=-17.535404
batch 10550/12592 loss=-14.399198
batch 10600/12592 loss=-7.647086
batch 10650/12592 loss=-11.395065
batch 10700/12592 loss=0.959656
batch 10750/12592 loss=-3.048819
batch 10800/12592 loss=-13.194057
batch 10850/12592 loss=-14.554918
batch 10900/12592 loss=-11.400325
batch 10950/12592 loss=-15.520192
batch 11000/12592 loss=-16.279835
batch 11050/12592 loss=-15.832912
batch 11100/12592 loss=-6.699858
batch 11150/12592 loss=-23.267080
batch 11200/12592 loss=-17.057106
batch 11250/12592 loss=-6.587480
batch 11300/12592 loss=-17.340042
batch 11350/12592 loss=-11.070317
batch 11400/12592 loss=-21.243183
batch 11450/12592 loss=-5.739641
batch 11500/12592 loss=-17.705627
batch 11550/12592 loss=-8.760510
batch 11600/12592 loss=-18.426956
batch 11650/12592 loss=-12.451728
batch 11700/12592 loss=-3.851425
batch 11750/12592 loss=-2.750030
batch 11800/12592 loss=-15.718175
batch 11850/12592 loss=-15.412643
batch 11900/12592 loss=-3.732090
batch 11950/12592 loss=-13.473124
batch 12000/12592 loss=-23.817505
batch 12050/12592 loss=-10.845579
batch 12100/12592 loss=-13.617624
batch 12150/12592 loss=-15.659499
batch 12200/12592 loss=-18.993681
batch 12250/12592 loss=-8.011312
batch 12300/12592 loss=-23.971943
batch 12350/12592 loss=-10.868562
batch 12400/12592 loss=-10.320166
batch 12450/12592 loss=-15.129183
batch 12500/12592 loss=-13.151465
batch 12550/12592 loss=-6.460956
epoch=6 train_loss=-12.008174 val_loss=-11.385106 minADE=0.441577 minFDE=0.596267 best=-11.385106 patience=0/50
batch 0/12592 loss=-14.553890
batch 50/12592 loss=-16.417772
batch 100/12592 loss=-19.565563
batch 150/12592 loss=-25.754677
batch 200/12592 loss=-14.779841
batch 250/12592 loss=-13.836996
batch 300/12592 loss=-9.805883
batch 350/12592 loss=-12.027323
batch 400/12592 loss=-14.406643
batch 450/12592 loss=-12.037846
batch 500/12592 loss=-8.307101
batch 550/12592 loss=-14.516121
batch 600/12592 loss=-19.998299
batch 650/12592 loss=-10.322283
batch 700/12592 loss=-9.003745
batch 750/12592 loss=-16.034540
batch 800/12592 loss=-4.058607
batch 850/12592 loss=-17.296398
batch 900/12592 loss=-5.827669
batch 950/12592 loss=-9.072034
batch 1000/12592 loss=-9.162620
batch 1050/12592 loss=-12.883612
batch 1100/12592 loss=-12.104879
batch 1150/12592 loss=-9.213728
batch 1200/12592 loss=-5.955889
batch 1250/12592 loss=-18.383581
batch 1300/12592 loss=-16.258165
batch 1350/12592 loss=-10.480379
batch 1400/12592 loss=-18.955288
batch 1450/12592 loss=-9.431516
batch 1500/12592 loss=-8.574894
batch 1550/12592 loss=-17.552406
batch 1600/12592 loss=-16.101137
batch 1650/12592 loss=-15.654263
batch 1700/12592 loss=-24.080494
batch 1750/12592 loss=-7.795128
batch 1800/12592 loss=-18.056658
batch 1850/12592 loss=-16.665184
batch 1900/12592 loss=-14.877298
batch 1950/12592 loss=-14.662086
batch 2000/12592 loss=-9.051696
batch 2050/12592 loss=-8.133968
batch 2100/12592 loss=-13.005991
batch 2150/12592 loss=-19.169811
batch 2200/12592 loss=-12.424818
batch 2250/12592 loss=-16.025270
batch 2300/12592 loss=-13.169409
batch 2350/12592 loss=-13.930809
batch 2400/12592 loss=-24.535545
batch 2450/12592 loss=-16.705433
batch 2500/12592 loss=-8.853210
batch 2550/12592 loss=-5.323042
batch 2600/12592 loss=-14.457504
batch 2650/12592 loss=-12.540098
batch 2700/12592 loss=-15.100664
batch 2750/12592 loss=-13.078880
batch 2800/12592 loss=-10.218625
batch 2850/12592 loss=-11.869023
batch 2900/12592 loss=-7.049422
batch 2950/12592 loss=-18.279785
batch 3000/12592 loss=-18.058870
batch 3050/12592 loss=-17.861137
batch 3100/12592 loss=-10.871587
batch 3150/12592 loss=-15.857019
batch 3200/12592 loss=-12.488638
batch 3250/12592 loss=-21.441246
batch 3300/12592 loss=-12.898935
batch 3350/12592 loss=-19.444208
batch 3400/12592 loss=0.047878
batch 3450/12592 loss=-15.593238
batch 3500/12592 loss=-4.211141
batch 3550/12592 loss=-19.875561
batch 3600/12592 loss=-8.356090
batch 3650/12592 loss=-14.238717
batch 3700/12592 loss=-10.315344
batch 3750/12592 loss=-17.459312
batch 3800/12592 loss=-9.608211
batch 3850/12592 loss=-10.325548
batch 3900/12592 loss=-15.544982
batch 3950/12592 loss=-21.600611
batch 4000/12592 loss=-10.498545
batch 4050/12592 loss=-12.489311
batch 4100/12592 loss=-10.154730
batch 4150/12592 loss=-17.679909
batch 4200/12592 loss=-17.011192
batch 4250/12592 loss=-16.043045
batch 4300/12592 loss=-21.621548
batch 4350/12592 loss=-13.686000
batch 4400/12592 loss=-14.489408
batch 4450/12592 loss=-21.954262
batch 4500/12592 loss=-8.327341
batch 4550/12592 loss=-20.793926
batch 4600/12592 loss=-12.949024
batch 4650/12592 loss=-17.672356
batch 4700/12592 loss=-13.135874
batch 4750/12592 loss=-9.313013
batch 4800/12592 loss=-13.343384
batch 4850/12592 loss=-18.892422
batch 4900/12592 loss=-12.028778
batch 4950/12592 loss=-18.853935
batch 5000/12592 loss=-11.246441
batch 5050/12592 loss=-13.058104
batch 5100/12592 loss=-8.927748
batch 5150/12592 loss=-16.131601
batch 5200/12592 loss=-15.364504
batch 5250/12592 loss=-14.939085
batch 5300/12592 loss=-18.456078
batch 5350/12592 loss=-9.045821
batch 5400/12592 loss=-7.231004
batch 5450/12592 loss=-3.000153
batch 5500/12592 loss=-12.023838
batch 5550/12592 loss=-11.607367
batch 5600/12592 loss=-14.207442
batch 5650/12592 loss=-18.915012
batch 5700/12592 loss=-10.903301
batch 5750/12592 loss=-3.781574
batch 5800/12592 loss=-22.377680
batch 5850/12592 loss=-12.145533
batch 5900/12592 loss=-17.692987
batch 5950/12592 loss=-17.561069
batch 6000/12592 loss=-3.546086
batch 6050/12592 loss=-9.984329
batch 6100/12592 loss=-9.954832
batch 6150/12592 loss=-14.788324
batch 6200/12592 loss=-5.532341
batch 6250/12592 loss=-10.559995
batch 6300/12592 loss=-21.115629
batch 6350/12592 loss=-14.874529
batch 6400/12592 loss=-11.721730
batch 6450/12592 loss=-5.530747
batch 6500/12592 loss=0.221871
batch 6550/12592 loss=-17.201637
batch 6600/12592 loss=-10.554750
batch 6650/12592 loss=-19.807169
batch 6700/12592 loss=-6.240965
batch 6750/12592 loss=-5.670503
batch 6800/12592 loss=-9.180218
batch 6850/12592 loss=-17.345749
batch 6900/12592 loss=-12.741989
batch 6950/12592 loss=-10.716100
batch 7000/12592 loss=-11.131158
batch 7050/12592 loss=-11.950975
batch 7100/12592 loss=-13.385088
batch 7150/12592 loss=-13.350163
batch 7200/12592 loss=-17.544193
batch 7250/12592 loss=-11.285215
batch 7300/12592 loss=-13.568955
batch 7350/12592 loss=-10.220539
batch 7400/12592 loss=-3.722202
batch 7450/12592 loss=-19.538551
batch 7500/12592 loss=-9.640945
batch 7550/12592 loss=-21.218498
batch 7600/12592 loss=-10.806938
batch 7650/12592 loss=-8.600151
batch 7700/12592 loss=-8.606691
batch 7750/12592 loss=-2.581661
batch 7800/12592 loss=-13.793476
batch 7850/12592 loss=-11.564287
batch 7900/12592 loss=-14.790876
batch 7950/12592 loss=-11.938493
batch 8000/12592 loss=-10.177831
batch 8050/12592 loss=-13.514471
batch 8100/12592 loss=-10.770183
batch 8150/12592 loss=-8.032447
batch 8200/12592 loss=-14.035751
batch 8250/12592 loss=-10.835176
batch 8300/12592 loss=-5.779445
batch 8350/12592 loss=-7.888337
batch 8400/12592 loss=-7.594250
batch 8450/12592 loss=-13.823215
batch 8500/12592 loss=-8.931017
batch 8550/12592 loss=-6.933093
batch 8600/12592 loss=-16.315434
batch 8650/12592 loss=-19.993475
batch 8700/12592 loss=-12.937931
batch 8750/12592 loss=-10.390783
batch 8800/12592 loss=-17.103973
batch 8850/12592 loss=-7.367130
batch 8900/12592 loss=-11.080842
batch 8950/12592 loss=-18.754860
batch 9000/12592 loss=-9.862455
batch 9050/12592 loss=-19.876902
batch 9100/12592 loss=-13.035992
batch 9150/12592 loss=-10.093185
batch 9200/12592 loss=-23.098745
batch 9250/12592 loss=-5.935033
batch 9300/12592 loss=-11.655239
batch 9350/12592 loss=-0.578192
batch 9400/12592 loss=-10.932983
batch 9450/12592 loss=-12.499131
batch 9500/12592 loss=-8.968138
batch 9550/12592 loss=-7.842777
batch 9600/12592 loss=-19.282806
batch 9650/12592 loss=-15.824903
batch 9700/12592 loss=-14.862138
batch 9750/12592 loss=-10.485652
batch 9800/12592 loss=-10.057109
batch 9850/12592 loss=-20.795637
batch 9900/12592 loss=-23.541439
batch 9950/12592 loss=-21.610474
batch 10000/12592 loss=-6.151622
batch 10050/12592 loss=-19.935644
batch 10100/12592 loss=-12.789142
batch 10150/12592 loss=-12.167414
batch 10200/12592 loss=-15.636846
batch 10250/12592 loss=-15.661554
batch 10300/12592 loss=-12.720873
batch 10350/12592 loss=-10.031648
batch 10400/12592 loss=-16.991224
batch 10450/12592 loss=-7.355600
batch 10500/12592 loss=-13.465491
batch 10550/12592 loss=-7.074656
batch 10600/12592 loss=19.865124
batch 10650/12592 loss=-16.476974
batch 10700/12592 loss=-6.392209
batch 10750/12592 loss=-16.697926
batch 10800/12592 loss=-10.338035
batch 10850/12592 loss=-16.230320
batch 10900/12592 loss=-11.982851
batch 10950/12592 loss=-9.133509
batch 11000/12592 loss=-8.079145
batch 11050/12592 loss=-13.702589
batch 11100/12592 loss=-16.458704
batch 11150/12592 loss=-15.266757
batch 11200/12592 loss=-11.454633
batch 11250/12592 loss=-0.980501
batch 11300/12592 loss=-19.270487
batch 11350/12592 loss=-0.948307
batch 11400/12592 loss=-14.555140
batch 11450/12592 loss=-13.205140
batch 11500/12592 loss=-14.009088
batch 11550/12592 loss=-14.344893
batch 11600/12592 loss=-12.156049
batch 11650/12592 loss=-15.265455
batch 11700/12592 loss=-15.569987
batch 11750/12592 loss=-25.964703
batch 11800/12592 loss=-10.861335
batch 11850/12592 loss=-19.033001
batch 11900/12592 loss=-20.818729
batch 11950/12592 loss=-14.277789
batch 12000/12592 loss=-17.440708
batch 12050/12592 loss=-12.557682
batch 12100/12592 loss=-17.118141
batch 12150/12592 loss=-19.424822
batch 12200/12592 loss=-11.574436
batch 12250/12592 loss=-24.342293
batch 12300/12592 loss=-8.088529
batch 12350/12592 loss=-15.348248
batch 12400/12592 loss=-10.006912
batch 12450/12592 loss=-10.016898
batch 12500/12592 loss=-16.641644
batch 12550/12592 loss=-8.332940
epoch=7 train_loss=-12.762630 val_loss=-13.343894 minADE=0.429411 minFDE=0.594251 best=-13.343894 patience=0/50
batch 0/12592 loss=-17.209677
batch 50/12592 loss=-17.408680
batch 100/12592 loss=-13.240225
batch 150/12592 loss=-8.028608
batch 200/12592 loss=-13.795063
batch 250/12592 loss=-18.992552
batch 300/12592 loss=-18.626068
batch 350/12592 loss=-18.631227
batch 400/12592 loss=-16.948084
batch 450/12592 loss=-11.012265
batch 500/12592 loss=-14.402913
batch 550/12592 loss=-18.232077
batch 600/12592 loss=-8.472698
batch 650/12592 loss=-12.725748
batch 700/12592 loss=-24.573107
batch 750/12592 loss=-16.459961
batch 800/12592 loss=-15.563474
batch 850/12592 loss=-10.328389
batch 900/12592 loss=-15.549385
batch 950/12592 loss=-16.937683
batch 1000/12592 loss=-6.738749
batch 1050/12592 loss=-8.301448
batch 1100/12592 loss=-17.990183
batch 1150/12592 loss=-18.211674
batch 1200/12592 loss=-12.026434
batch 1250/12592 loss=-4.072475
batch 1300/12592 loss=-20.519646
batch 1350/12592 loss=-2.893262
batch 1400/12592 loss=-11.649683
batch 1450/12592 loss=-20.432457
batch 1500/12592 loss=-2.796840
batch 1550/12592 loss=-19.809610
batch 1600/12592 loss=-8.016498
batch 1650/12592 loss=-10.384762
batch 1700/12592 loss=-15.930788
batch 1750/12592 loss=-10.622852
batch 1800/12592 loss=-11.170138
batch 1850/12592 loss=-6.106149
batch 1900/12592 loss=-8.958872
batch 1950/12592 loss=-10.575371
batch 2000/12592 loss=-13.906494
batch 2050/12592 loss=-10.486790
batch 2100/12592 loss=-17.553986
batch 2150/12592 loss=-13.945297
batch 2200/12592 loss=-14.881662
batch 2250/12592 loss=-9.699493
batch 2300/12592 loss=-10.934137
batch 2350/12592 loss=-22.501507
batch 2400/12592 loss=-18.277462
batch 2450/12592 loss=-17.355087
batch 2500/12592 loss=-13.769990
batch 2550/12592 loss=-11.315111
batch 2600/12592 loss=-8.026890
batch 2650/12592 loss=-7.686337
batch 2700/12592 loss=-6.163424
batch 2750/12592 loss=-21.340324
batch 2800/12592 loss=-14.692760
batch 2850/12592 loss=-10.521271
batch 2900/12592 loss=-11.965241
batch 2950/12592 loss=-13.983989
batch 3000/12592 loss=-18.174011
batch 3050/12592 loss=-17.379000
batch 3100/12592 loss=-3.865966
batch 3150/12592 loss=-12.346491
batch 3200/12592 loss=-13.592461
batch 3250/12592 loss=-13.245720
batch 3300/12592 loss=-17.001307
batch 3350/12592 loss=-10.723282
batch 3400/12592 loss=-12.788843
batch 3450/12592 loss=-19.265503
batch 3500/12592 loss=-14.801165
batch 3550/12592 loss=-23.972235
batch 3600/12592 loss=-18.111225
batch 3650/12592 loss=-17.340660
batch 3700/12592 loss=-6.461899
batch 3750/12592 loss=-11.307877
batch 3800/12592 loss=-16.653095
batch 3850/12592 loss=-15.608322
batch 3900/12592 loss=-14.325321
batch 3950/12592 loss=-18.708521
batch 4000/12592 loss=-20.879799
batch 4050/12592 loss=-15.293808
batch 4100/12592 loss=-16.402985
batch 4150/12592 loss=-12.091878
batch 4200/12592 loss=-15.173897
batch 4250/12592 loss=-8.583537
batch 4300/12592 loss=-12.684608
batch 4350/12592 loss=-14.424407
batch 4400/12592 loss=-12.037746
batch 4450/12592 loss=-21.698664
batch 4500/12592 loss=-17.102465
batch 4550/12592 loss=-13.251002
batch 4600/12592 loss=-13.801815
batch 4650/12592 loss=-6.546384
batch 4700/12592 loss=-18.381111
batch 4750/12592 loss=-16.013947
batch 4800/12592 loss=-12.813954
batch 4850/12592 loss=-5.418777
batch 4900/12592 loss=-20.699997
batch 4950/12592 loss=-11.220849
batch 5000/12592 loss=-14.328387
batch 5050/12592 loss=-8.021437
batch 5100/12592 loss=-9.472521
batch 5150/12592 loss=-14.572843
batch 5200/12592 loss=-13.616568
batch 5250/12592 loss=-13.933638
batch 5300/12592 loss=-18.501488
batch 5350/12592 loss=-10.976126
batch 5400/12592 loss=-17.129261
batch 5450/12592 loss=-19.505745
batch 5500/12592 loss=-16.627029
batch 5550/12592 loss=-15.243995
batch 5600/12592 loss=-11.332859
batch 5650/12592 loss=-17.436825
batch 5700/12592 loss=-7.481400
batch 5750/12592 loss=-20.895355
batch 5800/12592 loss=-8.595243
batch 5850/12592 loss=-7.280813
batch 5900/12592 loss=-11.879921
batch 5950/12592 loss=-7.616145
batch 6000/12592 loss=-17.828136
batch 6050/12592 loss=-9.534262
batch 6100/12592 loss=-12.590590
batch 6150/12592 loss=1.673945
batch 6200/12592 loss=-21.480385
batch 6250/12592 loss=-13.777821
batch 6300/12592 loss=-9.350308
batch 6350/12592 loss=-13.254847
batch 6400/12592 loss=-16.493109
batch 6450/12592 loss=-16.346386
batch 6500/12592 loss=-5.987314
batch 6550/12592 loss=-14.044443
batch 6600/12592 loss=-13.928078
batch 6650/12592 loss=-15.892239
batch 6700/12592 loss=-26.465097
batch 6750/12592 loss=-20.319338
batch 6800/12592 loss=-7.431550
batch 6850/12592 loss=-10.290487
batch 6900/12592 loss=-10.608866
batch 6950/12592 loss=1.034324
batch 7000/12592 loss=-14.649552
batch 7050/12592 loss=-8.928663
batch 7100/12592 loss=-19.076271
batch 7150/12592 loss=-14.772917
batch 7200/12592 loss=-22.166716
batch 7250/12592 loss=-10.476151
batch 7300/12592 loss=-15.136743
batch 7350/12592 loss=-14.008759
batch 7400/12592 loss=-19.558056
batch 7450/12592 loss=-16.356522
batch 7500/12592 loss=-24.466610
batch 7550/12592 loss=-18.729263
batch 7600/12592 loss=-11.197243
batch 7650/12592 loss=-13.057710
batch 7700/12592 loss=-11.634470
batch 7750/12592 loss=-13.114234
batch 7800/12592 loss=-12.905055
batch 7850/12592 loss=-5.980468
batch 7900/12592 loss=-7.358812
batch 7950/12592 loss=-7.136024
batch 8000/12592 loss=-21.854059
batch 8050/12592 loss=-11.424614
batch 8100/12592 loss=-10.807683
batch 8150/12592 loss=-12.557409
batch 8200/12592 loss=-12.548141
batch 8250/12592 loss=-10.000473
batch 8300/12592 loss=-14.553156
batch 8350/12592 loss=-14.733677
batch 8400/12592 loss=-15.098215
batch 8450/12592 loss=-12.649816
batch 8500/12592 loss=-16.957117
batch 8550/12592 loss=-11.818834
batch 8600/12592 loss=-2.159650
batch 8650/12592 loss=-16.631521
batch 8700/12592 loss=-13.764092
batch 8750/12592 loss=-13.440078
batch 8800/12592 loss=-15.911226
batch 8850/12592 loss=-7.875442
batch 8900/12592 loss=-4.122185
batch 8950/12592 loss=-22.914000
batch 9000/12592 loss=-14.518090
batch 9050/12592 loss=-4.588085
batch 9100/12592 loss=-8.419034
batch 9150/12592 loss=-15.195107
batch 9200/12592 loss=-14.193739
batch 9250/12592 loss=-14.917520
batch 9300/12592 loss=-13.000181
batch 9350/12592 loss=-8.203167
batch 9400/12592 loss=-12.759170
batch 9450/12592 loss=-10.564432
batch 9500/12592 loss=-16.876713
batch 9550/12592 loss=-11.766376
batch 9600/12592 loss=-19.787388
batch 9650/12592 loss=-14.205124
batch 9700/12592 loss=-8.402374
batch 9750/12592 loss=-6.540800
batch 9800/12592 loss=-17.663181
batch 9850/12592 loss=-10.974536
batch 9900/12592 loss=-16.587469
batch 9950/12592 loss=-20.123531
batch 10000/12592 loss=-11.662595
batch 10050/12592 loss=-15.489632
batch 10100/12592 loss=-15.815077
batch 10150/12592 loss=-12.313385
batch 10200/12592 loss=-9.294207
batch 10250/12592 loss=-14.965548
batch 10300/12592 loss=-4.751532
batch 10350/12592 loss=-5.991057
batch 10400/12592 loss=-5.702308
batch 10450/12592 loss=-13.695347
batch 10500/12592 loss=-7.082030
batch 10550/12592 loss=-17.896229
batch 10600/12592 loss=-20.899496
batch 10650/12592 loss=-19.862295
batch 10700/12592 loss=-9.203642
batch 10750/12592 loss=-7.862263
batch 10800/12592 loss=-13.577599
batch 10850/12592 loss=-13.034204
batch 10900/12592 loss=-5.562428
batch 10950/12592 loss=-18.144251
batch 11000/12592 loss=-1.191391
batch 11050/12592 loss=-6.202401
batch 11100/12592 loss=-8.349888
batch 11150/12592 loss=-18.055521
batch 11200/12592 loss=-18.574562
batch 11250/12592 loss=-6.272740
batch 11300/12592 loss=-19.913763
batch 11350/12592 loss=-18.585461
batch 11400/12592 loss=-16.864929
batch 11450/12592 loss=-11.810305
batch 11500/12592 loss=-11.072626
batch 11550/12592 loss=-15.928116
batch 11600/12592 loss=-10.617568
batch 11650/12592 loss=-7.413820
batch 11700/12592 loss=-17.554590
batch 11750/12592 loss=-3.599295
batch 11800/12592 loss=-14.262830
batch 11850/12592 loss=-3.735359
batch 11900/12592 loss=-12.040358
batch 11950/12592 loss=-15.663411
batch 12000/12592 loss=-7.295239
batch 12050/12592 loss=-15.368500
batch 12100/12592 loss=-14.016379
batch 12150/12592 loss=-16.111471
batch 12200/12592 loss=-12.860182
batch 12250/12592 loss=-16.460922
batch 12300/12592 loss=-14.933120
batch 12350/12592 loss=-11.418285
batch 12400/12592 loss=-9.432497
batch 12450/12592 loss=-7.282978
batch 12500/12592 loss=-13.661883
batch 12550/12592 loss=-21.113605
epoch=8 train_loss=-13.473811 val_loss=-11.500219 minADE=0.405640 minFDE=0.539860 best=-13.343894 patience=1/50
batch 0/12592 loss=-14.715437
batch 50/12592 loss=-8.434401
batch 100/12592 loss=-12.646507
batch 150/12592 loss=-21.548626
batch 200/12592 loss=-14.032330
batch 250/12592 loss=-3.478132
batch 300/12592 loss=-11.920820
batch 350/12592 loss=-7.663567
batch 400/12592 loss=-12.158731
batch 450/12592 loss=-9.546330
batch 500/12592 loss=-10.720779
batch 550/12592 loss=-12.865257
batch 600/12592 loss=-15.359573
batch 650/12592 loss=-15.310346
batch 700/12592 loss=-22.038528
batch 750/12592 loss=-6.194046
batch 800/12592 loss=-18.633863
batch 850/12592 loss=-11.608440
batch 900/12592 loss=1.033161
batch 950/12592 loss=-13.778123
batch 1000/12592 loss=-5.501650
batch 1050/12592 loss=-17.792448
batch 1100/12592 loss=-20.175179
batch 1150/12592 loss=-16.857201
batch 1200/12592 loss=-21.064331
batch 1250/12592 loss=-22.899044
batch 1300/12592 loss=-15.443775
batch 1350/12592 loss=-18.309635
batch 1400/12592 loss=-14.196531
batch 1450/12592 loss=-5.189311
batch 1500/12592 loss=-10.204082
batch 1550/12592 loss=-7.427623
batch 1600/12592 loss=-16.739529
batch 1650/12592 loss=-17.366173
batch 1700/12592 loss=-19.594398
batch 1750/12592 loss=-4.454056
batch 1800/12592 loss=-17.137779
batch 1850/12592 loss=-13.194778
batch 1900/12592 loss=-19.273346
batch 1950/12592 loss=-8.244923
batch 2000/12592 loss=-4.427934
batch 2050/12592 loss=-20.838516
batch 2100/12592 loss=-15.083178
batch 2150/12592 loss=-4.124389
batch 2200/12592 loss=-4.141622
batch 2250/12592 loss=-13.039252
batch 2300/12592 loss=-8.358541
batch 2350/12592 loss=-20.817291
batch 2400/12592 loss=-8.226815
batch 2450/12592 loss=-9.019404
batch 2500/12592 loss=-12.053242
batch 2550/12592 loss=-22.603245
batch 2600/12592 loss=-8.297340
batch 2650/12592 loss=-18.645950
batch 2700/12592 loss=-6.381261
batch 2750/12592 loss=-7.300346
batch 2800/12592 loss=-11.677761
batch 2850/12592 loss=-12.303197
batch 2900/12592 loss=-6.550167
batch 2950/12592 loss=-11.726412
batch 3000/12592 loss=-13.990359
batch 3050/12592 loss=-13.319542
batch 3100/12592 loss=-9.558632
batch 3150/12592 loss=-14.833470
batch 3200/12592 loss=-16.430052
batch 3250/12592 loss=-4.188180
batch 3300/12592 loss=-17.715891
batch 3350/12592 loss=-13.948337
batch 3400/12592 loss=-14.121760
batch 3450/12592 loss=-20.834194
batch 3500/12592 loss=-12.597595
batch 3550/12592 loss=-11.455097
batch 3600/12592 loss=-15.603455
batch 3650/12592 loss=-12.841688
batch 3700/12592 loss=-15.986740
batch 3750/12592 loss=-24.221420
batch 3800/12592 loss=-8.014457
batch 3850/12592 loss=-10.973564
batch 3900/12592 loss=-14.454692
batch 3950/12592 loss=-15.203396
batch 4000/12592 loss=-21.833477
batch 4050/12592 loss=-16.546268
batch 4100/12592 loss=-6.662000
batch 4150/12592 loss=-14.447750
batch 4200/12592 loss=-16.049847
batch 4250/12592 loss=-6.395395
batch 4300/12592 loss=-14.535571
batch 4350/12592 loss=-9.727507
batch 4400/12592 loss=-12.073925
batch 4450/12592 loss=-11.935696
batch 4500/12592 loss=-17.851746
batch 4550/12592 loss=-5.021304
batch 4600/12592 loss=-15.021333
batch 4650/12592 loss=-12.105026
batch 4700/12592 loss=-22.037907
batch 4750/12592 loss=-12.774877
batch 4800/12592 loss=-16.789600
batch 4850/12592 loss=-16.951326
batch 4900/12592 loss=-2.989325
batch 4950/12592 loss=-11.798643
batch 5000/12592 loss=-4.430354
batch 5050/12592 loss=-18.467575
batch 5100/12592 loss=-17.308260
batch 5150/12592 loss=-15.879725
batch 5200/12592 loss=-22.025833
batch 5250/12592 loss=-18.474194
batch 5300/12592 loss=-12.017586
batch 5350/12592 loss=-10.914869
batch 5400/12592 loss=-7.887155
batch 5450/12592 loss=-5.915724
batch 5500/12592 loss=-14.895065
batch 5550/12592 loss=-19.952663
batch 5600/12592 loss=-25.004425
batch 5650/12592 loss=-17.972744
batch 5700/12592 loss=-13.933922
batch 5750/12592 loss=-10.479926
batch 5800/12592 loss=-12.648130
batch 5850/12592 loss=-20.394375
batch 5900/12592 loss=-15.091225
batch 5950/12592 loss=-6.860039
batch 6000/12592 loss=-2.158169
batch 6050/12592 loss=-14.266673
batch 6100/12592 loss=-9.375164
batch 6150/12592 loss=-6.077621
batch 6200/12592 loss=-9.317995
batch 6250/12592 loss=-16.606207
batch 6300/12592 loss=-9.510862
batch 6350/12592 loss=-19.825092
batch 6400/12592 loss=-15.342226
batch 6450/12592 loss=-19.129841
batch 6500/12592 loss=-13.322269
batch 6550/12592 loss=-8.370872
batch 6600/12592 loss=-13.162952
batch 6650/12592 loss=-16.428885
batch 6700/12592 loss=-15.974799
batch 6750/12592 loss=-8.651520
batch 6800/12592 loss=-13.742796
batch 6850/12592 loss=-13.222372
batch 6900/12592 loss=-12.742357
batch 6950/12592 loss=-10.103054
batch 7000/12592 loss=-16.984758
batch 7050/12592 loss=-11.628048
batch 7100/12592 loss=-9.499344
batch 7150/12592 loss=-21.513195
batch 7200/12592 loss=-13.619341
batch 7250/12592 loss=-7.811641
batch 7300/12592 loss=-13.639057
batch 7350/12592 loss=-19.871990
batch 7400/12592 loss=-12.934456
batch 7450/12592 loss=-20.543507
batch 7500/12592 loss=-17.590860
batch 7550/12592 loss=-22.507603
batch 7600/12592 loss=-18.920982
batch 7650/12592 loss=-23.323524
batch 7700/12592 loss=-11.077515
batch 7750/12592 loss=-23.851460
batch 7800/12592 loss=-15.438511
batch 7850/12592 loss=-27.473656
batch 7900/12592 loss=-12.198136
batch 7950/12592 loss=-15.879939
batch 8000/12592 loss=-5.191206
batch 8050/12592 loss=-21.937725
batch 8100/12592 loss=-8.563622
batch 8150/12592 loss=-13.699603
batch 8200/12592 loss=-15.292022
batch 8250/12592 loss=-12.974125
batch 8300/12592 loss=-6.580800
batch 8350/12592 loss=2.178262
batch 8400/12592 loss=-10.602612
batch 8450/12592 loss=-14.064002
batch 8500/12592 loss=-18.781801
batch 8550/12592 loss=-3.049711
batch 8600/12592 loss=-13.365585
batch 8650/12592 loss=-8.849019
batch 8700/12592 loss=-11.228452
batch 8750/12592 loss=-14.301849
batch 8800/12592 loss=-18.644526
batch 8850/12592 loss=-28.598881
batch 8900/12592 loss=-18.575829
batch 8950/12592 loss=-15.795319
batch 9000/12592 loss=-7.146965
batch 9050/12592 loss=-26.236637
batch 9100/12592 loss=-11.396554
batch 9150/12592 loss=-8.422565
batch 9200/12592 loss=-9.838307
batch 9250/12592 loss=-13.385454
batch 9300/12592 loss=-10.699320
batch 9350/12592 loss=-12.903651
batch 9400/12592 loss=-9.678478
batch 9450/12592 loss=-5.167154
batch 9500/12592 loss=-9.928226
batch 9550/12592 loss=-7.302000
batch 9600/12592 loss=-23.793781
batch 9650/12592 loss=-21.538727
batch 9700/12592 loss=-14.765150
batch 9750/12592 loss=-18.275299
batch 9800/12592 loss=-18.201635
batch 9850/12592 loss=-19.549238
batch 9900/12592 loss=-8.965809
batch 9950/12592 loss=-15.519794
batch 10000/12592 loss=-16.986931
batch 10050/12592 loss=-14.896825
batch 10100/12592 loss=-18.465549
batch 10150/12592 loss=-10.154548
batch 10200/12592 loss=-11.305563
batch 10250/12592 loss=-12.489029
batch 10300/12592 loss=-13.957632
batch 10350/12592 loss=-7.569276
batch 10400/12592 loss=-14.065681
batch 10450/12592 loss=-9.398827
batch 10500/12592 loss=-17.404757
batch 10550/12592 loss=-11.436465
batch 10600/12592 loss=-22.220705
batch 10650/12592 loss=-22.808975
batch 10700/12592 loss=-17.614983
batch 10750/12592 loss=-18.428680
batch 10800/12592 loss=-9.154268
batch 10850/12592 loss=-25.312454
batch 10900/12592 loss=-20.106354
batch 10950/12592 loss=-16.962746
batch 11000/12592 loss=-13.027083
batch 11050/12592 loss=-7.015229
batch 11100/12592 loss=-8.995188
batch 11150/12592 loss=-17.480034
batch 11200/12592 loss=-14.291422
batch 11250/12592 loss=-16.419121
batch 11300/12592 loss=-7.632049
batch 11350/12592 loss=-12.350276
batch 11400/12592 loss=-17.429951
batch 11450/12592 loss=-14.164087
batch 11500/12592 loss=-11.492066
batch 11550/12592 loss=-7.903523
batch 11600/12592 loss=-15.930610
batch 11650/12592 loss=-17.183079
batch 11700/12592 loss=-22.573307
batch 11750/12592 loss=-20.642143
batch 11800/12592 loss=-17.136084
batch 11850/12592 loss=-21.329884
batch 11900/12592 loss=-13.631247
batch 11950/12592 loss=-11.599049
batch 12000/12592 loss=-14.513935
batch 12050/12592 loss=-9.092009
batch 12100/12592 loss=-14.422985
batch 12150/12592 loss=-15.783308
batch 12200/12592 loss=-7.462477
batch 12250/12592 loss=-27.427015
batch 12300/12592 loss=-17.914457
batch 12350/12592 loss=-14.610292
batch 12400/12592 loss=-19.435171
batch 12450/12592 loss=-14.364418
batch 12500/12592 loss=-23.578327
batch 12550/12592 loss=-25.438541
epoch=9 train_loss=-13.778609 val_loss=-15.128420 minADE=0.376827 minFDE=0.527292 best=-15.128420 patience=0/50
batch 0/12592 loss=-14.072328
batch 50/12592 loss=-20.562710
batch 100/12592 loss=-18.198807
batch 150/12592 loss=-8.237217
batch 200/12592 loss=-9.495499
batch 250/12592 loss=-9.555964
batch 300/12592 loss=-4.637822
batch 350/12592 loss=-12.577406
batch 400/12592 loss=-17.537527
batch 450/12592 loss=-17.107494
batch 500/12592 loss=-13.989492
batch 550/12592 loss=-6.339324
batch 600/12592 loss=-14.506245
batch 650/12592 loss=-12.693959
batch 700/12592 loss=-17.033779
batch 750/12592 loss=-11.508842
batch 800/12592 loss=-21.769726
batch 850/12592 loss=-13.642145
batch 900/12592 loss=-6.704060
batch 950/12592 loss=-18.517902
batch 1000/12592 loss=-14.128148
batch 1050/12592 loss=-3.018291
batch 1100/12592 loss=-15.327379
batch 1150/12592 loss=-12.243414
batch 1200/12592 loss=-11.353138
batch 1250/12592 loss=-8.932110
batch 1300/12592 loss=-16.775185
batch 1350/12592 loss=-18.465286
batch 1400/12592 loss=-14.222399
batch 1450/12592 loss=-4.763944
batch 1500/12592 loss=-14.625324
batch 1550/12592 loss=-13.542156
batch 1600/12592 loss=-17.749046
batch 1650/12592 loss=-13.769262
batch 1700/12592 loss=-7.771940
batch 1750/12592 loss=-4.786605
batch 1800/12592 loss=-18.530710
batch 1850/12592 loss=-6.876387
batch 1900/12592 loss=-13.089882
batch 1950/12592 loss=-23.512039
batch 2000/12592 loss=-13.018707
batch 2050/12592 loss=-12.430158
batch 2100/12592 loss=-9.248398
batch 2150/12592 loss=-17.850285
batch 2200/12592 loss=-21.051050
batch 2250/12592 loss=-14.313394
batch 2300/12592 loss=-20.077066
batch 2350/12592 loss=-15.124811
batch 2400/12592 loss=-16.378010
batch 2450/12592 loss=-12.431877
batch 2500/12592 loss=-6.186784
batch 2550/12592 loss=-14.932141
batch 2600/12592 loss=-7.292571
batch 2650/12592 loss=-1.715143
batch 2700/12592 loss=-6.186030
batch 2750/12592 loss=-23.402138
batch 2800/12592 loss=-21.594374
batch 2850/12592 loss=-19.085106
batch 2900/12592 loss=-9.605040
batch 2950/12592 loss=-17.955564
batch 3000/12592 loss=-22.551144
batch 3050/12592 loss=1.778809
batch 3100/12592 loss=-7.398309
batch 3150/12592 loss=-16.019337
batch 3200/12592 loss=-18.501951
batch 3250/12592 loss=-10.357872
batch 3300/12592 loss=-12.021696
batch 3350/12592 loss=-11.553803
batch 3400/12592 loss=-11.187050
batch 3450/12592 loss=-18.398165
batch 3500/12592 loss=-18.664127
batch 3550/12592 loss=-11.879059
batch 3600/12592 loss=-11.828849
batch 3650/12592 loss=-20.280151
batch 3700/12592 loss=-12.063667
batch 3750/12592 loss=-13.149548
batch 3800/12592 loss=-7.285830
batch 3850/12592 loss=-16.735069
batch 3900/12592 loss=-12.206600
batch 3950/12592 loss=-10.337208
batch 4000/12592 loss=-15.602520
batch 4050/12592 loss=-18.272879
batch 4100/12592 loss=-21.498089
batch 4150/12592 loss=-12.708899
batch 4200/12592 loss=-13.131265
batch 4250/12592 loss=-12.660280
batch 4300/12592 loss=-13.738240
batch 4350/12592 loss=-18.400230
batch 4400/12592 loss=-9.392077
batch 4450/12592 loss=-12.878419
batch 4500/12592 loss=-19.413069
batch 4550/12592 loss=-9.960550
batch 4600/12592 loss=-12.146779
batch 4650/12592 loss=-18.162369
batch 4700/12592 loss=-6.020894
batch 4750/12592 loss=-11.814610
batch 4800/12592 loss=-9.035038
batch 4850/12592 loss=-11.539859
batch 4900/12592 loss=-22.887400
batch 4950/12592 loss=-20.863991
batch 5000/12592 loss=-2.588542
batch 5050/12592 loss=-6.639544
batch 5100/12592 loss=-10.630033
batch 5150/12592 loss=-12.716759
batch 5200/12592 loss=-19.053425
batch 5250/12592 loss=-19.412918
batch 5300/12592 loss=-8.576370
batch 5350/12592 loss=-19.200535
batch 5400/12592 loss=-21.034489
batch 5450/12592 loss=-21.723475
batch 5500/12592 loss=-13.368261
batch 5550/12592 loss=-5.912131
batch 5600/12592 loss=-14.177070
batch 5650/12592 loss=-12.301799
batch 5700/12592 loss=-14.293359
batch 5750/12592 loss=-6.364564
batch 5800/12592 loss=-5.097626
batch 5850/12592 loss=-8.161763
batch 5900/12592 loss=-8.382351
batch 5950/12592 loss=-9.699234
batch 6000/12592 loss=-16.898403
batch 6050/12592 loss=-14.931575
batch 6100/12592 loss=-8.459851
batch 6150/12592 loss=-7.615856
batch 6200/12592 loss=-12.525633
batch 6250/12592 loss=-17.561850
batch 6300/12592 loss=-12.562534
batch 6350/12592 loss=-14.897911
batch 6400/12592 loss=-15.798452
batch 6450/12592 loss=-8.229046
batch 6500/12592 loss=-19.494738
batch 6550/12592 loss=-7.780084
batch 6600/12592 loss=-6.803856
batch 6650/12592 loss=-12.058760
batch 6700/12592 loss=-16.853271
batch 6750/12592 loss=-16.916718
batch 6800/12592 loss=-24.842958
batch 6850/12592 loss=-11.436049
batch 6900/12592 loss=-20.165255
batch 6950/12592 loss=-13.727884
batch 7000/12592 loss=-15.477578
batch 7050/12592 loss=-12.682167
batch 7100/12592 loss=-23.024410
batch 7150/12592 loss=-3.288921
batch 7200/12592 loss=-18.813129
batch 7250/12592 loss=-10.804385
batch 7300/12592 loss=-19.114414
batch 7350/12592 loss=-14.406225
batch 7400/12592 loss=-20.541588
batch 7450/12592 loss=-16.173027
batch 7500/12592 loss=-20.811745
batch 7550/12592 loss=-6.397312
batch 7600/12592 loss=-17.183640
batch 7650/12592 loss=-23.394201
batch 7700/12592 loss=-13.549603
batch 7750/12592 loss=-15.742699
batch 7800/12592 loss=-5.636129
batch 7850/12592 loss=-15.191025
batch 7900/12592 loss=-12.115154
batch 7950/12592 loss=-18.466425
batch 8000/12592 loss=-20.818579
batch 8050/12592 loss=-17.554676
batch 8100/12592 loss=-19.664026
batch 8150/12592 loss=-21.449759
batch 8200/12592 loss=-6.588396
batch 8250/12592 loss=-20.302040
batch 8300/12592 loss=-22.458656
batch 8350/12592 loss=-4.572618
batch 8400/12592 loss=-20.993427
batch 8450/12592 loss=-10.721878
batch 8500/12592 loss=-27.281166
batch 8550/12592 loss=-17.754414
batch 8600/12592 loss=-16.766117
batch 8650/12592 loss=-12.514416
batch 8700/12592 loss=-12.254568
batch 8750/12592 loss=-12.416548
batch 8800/12592 loss=-19.720209
batch 8850/12592 loss=-18.910444
batch 8900/12592 loss=-12.165993
batch 8950/12592 loss=-11.002842
batch 9000/12592 loss=-10.635118
batch 9050/12592 loss=-17.854641
batch 9100/12592 loss=-6.801597
batch 9150/12592 loss=-16.135935
batch 9200/12592 loss=-18.412046
batch 9250/12592 loss=-11.390253
batch 9300/12592 loss=-12.879783
batch 9350/12592 loss=-10.322372
batch 9400/12592 loss=-19.116409
batch 9450/12592 loss=-13.334961
batch 9500/12592 loss=-20.450281
batch 9550/12592 loss=-10.397583
batch 9600/12592 loss=-15.395361
batch 9650/12592 loss=-16.780750
batch 9700/12592 loss=-18.053471
batch 9750/12592 loss=-7.744157
batch 9800/12592 loss=-25.940426
batch 9850/12592 loss=-17.052252
batch 9900/12592 loss=-14.920170
batch 9950/12592 loss=-16.741884
batch 10000/12592 loss=-12.589397
batch 10050/12592 loss=-10.334931
batch 10100/12592 loss=-12.861066
batch 10150/12592 loss=-16.670418
batch 10200/12592 loss=-13.016709
batch 10250/12592 loss=-11.038036
batch 10300/12592 loss=-19.264271
batch 10350/12592 loss=-10.426893
batch 10400/12592 loss=-14.999593
batch 10450/12592 loss=-15.970909
batch 10500/12592 loss=-11.345077
batch 10550/12592 loss=-18.435741
batch 10600/12592 loss=-13.394028
batch 10650/12592 loss=-17.150394
batch 10700/12592 loss=-9.445555
batch 10750/12592 loss=-6.413505
batch 10800/12592 loss=-14.187634
batch 10850/12592 loss=-7.254212
batch 10900/12592 loss=-12.577773
batch 10950/12592 loss=-13.531479
batch 11000/12592 loss=-23.080202
batch 11050/12592 loss=-18.706327
batch 11100/12592 loss=-16.870621
batch 11150/12592 loss=-12.926158
batch 11200/12592 loss=-9.474787
batch 11250/12592 loss=-11.857107
batch 11300/12592 loss=-14.668804
batch 11350/12592 loss=-8.488353
batch 11400/12592 loss=-8.147379
batch 11450/12592 loss=-14.631967
batch 11500/12592 loss=-20.641043
batch 11550/12592 loss=-12.871380
batch 11600/12592 loss=-16.938505
batch 11650/12592 loss=-16.334454
batch 11700/12592 loss=-7.455819
batch 11750/12592 loss=-14.960600
batch 11800/12592 loss=-10.597336
batch 11850/12592 loss=-2.160693
batch 11900/12592 loss=-13.604703
batch 11950/12592 loss=-16.277475
batch 12000/12592 loss=-17.355518
batch 12050/12592 loss=-15.001259
batch 12100/12592 loss=-12.078522
batch 12150/12592 loss=-16.143436
batch 12200/12592 loss=-20.626080
batch 12250/12592 loss=-15.335428
batch 12300/12592 loss=-14.393339
batch 12350/12592 loss=-26.175098
batch 12400/12592 loss=-12.921600
batch 12450/12592 loss=-14.776686
batch 12500/12592 loss=-6.854296
batch 12550/12592 loss=-9.322177
epoch=10 train_loss=-14.143598 val_loss=-11.841258 minADE=0.423306 minFDE=0.591154 best=-15.128420 patience=1/50
batch 0/12592 loss=-10.146593
batch 50/12592 loss=-14.604740
batch 100/12592 loss=-9.303164
batch 150/12592 loss=-13.601698
batch 200/12592 loss=-17.578846
batch 250/12592 loss=-30.531181
batch 300/12592 loss=-11.059422
batch 350/12592 loss=-18.505495
batch 400/12592 loss=-13.892957
batch 450/12592 loss=-11.142282
batch 500/12592 loss=-13.669158
batch 550/12592 loss=-4.710299
batch 600/12592 loss=-11.376412
batch 650/12592 loss=-8.603266
batch 700/12592 loss=-14.223774
batch 750/12592 loss=-17.821148
batch 800/12592 loss=-18.699919
batch 850/12592 loss=-1.940720
batch 900/12592 loss=-2.567731
batch 950/12592 loss=-11.592690
batch 1000/12592 loss=-12.306530
batch 1050/12592 loss=-27.353086
batch 1100/12592 loss=-22.790079
batch 1150/12592 loss=-8.304790
batch 1200/12592 loss=-14.886991
batch 1250/12592 loss=-11.103565
batch 1300/12592 loss=-9.055135
batch 1350/12592 loss=-13.550139
batch 1400/12592 loss=-18.981825
batch 1450/12592 loss=-13.460355
batch 1500/12592 loss=-11.639597
batch 1550/12592 loss=-16.004419
batch 1600/12592 loss=-19.990105
batch 1650/12592 loss=-12.810878
batch 1700/12592 loss=-22.272064
batch 1750/12592 loss=-9.895557
batch 1800/12592 loss=-11.585495
batch 1850/12592 loss=-22.324188
batch 1900/12592 loss=-20.770020
batch 1950/12592 loss=-15.811674
batch 2000/12592 loss=-10.271463
batch 2050/12592 loss=-17.825806
batch 2100/12592 loss=2.755997
batch 2150/12592 loss=-20.904696
batch 2200/12592 loss=-15.310850
batch 2250/12592 loss=-21.319191
batch 2300/12592 loss=-11.859833
batch 2350/12592 loss=-23.170315
batch 2400/12592 loss=-11.625410
batch 2450/12592 loss=-15.291810
batch 2500/12592 loss=-11.978064
batch 2550/12592 loss=-10.466433
batch 2600/12592 loss=-17.883230
batch 2650/12592 loss=-18.017570
batch 2700/12592 loss=-6.747538
batch 2750/12592 loss=-19.835514
batch 2800/12592 loss=-13.958965
batch 2850/12592 loss=-22.701254
batch 2900/12592 loss=-6.647890
batch 2950/12592 loss=-14.562897
batch 3000/12592 loss=-15.549870
batch 3050/12592 loss=-5.599433
batch 3100/12592 loss=-5.091045
batch 3150/12592 loss=-9.296502
batch 3200/12592 loss=-14.180487
batch 3250/12592 loss=-15.121771
batch 3300/12592 loss=-18.269917
batch 3350/12592 loss=-8.865239
batch 3400/12592 loss=-15.450706
batch 3450/12592 loss=-12.193298
batch 3500/12592 loss=-17.423645
batch 3550/12592 loss=-17.074829
batch 3600/12592 loss=-22.696354
batch 3650/12592 loss=-22.937916
batch 3700/12592 loss=-15.254225
batch 3750/12592 loss=-18.363779
batch 3800/12592 loss=-16.019602
batch 3850/12592 loss=-7.755605
batch 3900/12592 loss=-17.480898
batch 3950/12592 loss=-11.463387
batch 4000/12592 loss=-17.416473
batch 4050/12592 loss=-20.571186
batch 4100/12592 loss=-17.803551
batch 4150/12592 loss=-15.415219
batch 4200/12592 loss=-13.766498
batch 4250/12592 loss=-22.722050
batch 4300/12592 loss=-25.148170
batch 4350/12592 loss=-10.682673
batch 4400/12592 loss=-10.925622
batch 4450/12592 loss=-15.991264
batch 4500/12592 loss=-14.402411
batch 4550/12592 loss=-2.332232
batch 4600/12592 loss=-17.129265
batch 4650/12592 loss=-15.234912
batch 4700/12592 loss=-8.930805
batch 4750/12592 loss=-6.960707
batch 4800/12592 loss=-17.718910
batch 4850/12592 loss=-10.272499
batch 4900/12592 loss=-13.691113
batch 4950/12592 loss=-9.626445
batch 5000/12592 loss=-5.344432
batch 5050/12592 loss=-11.784239
batch 5100/12592 loss=-6.388947
batch 5150/12592 loss=-17.416634
batch 5200/12592 loss=-20.615120
batch 5250/12592 loss=-4.551698
batch 5300/12592 loss=-13.782255
batch 5350/12592 loss=-12.926473
batch 5400/12592 loss=-14.955212
batch 5450/12592 loss=-20.597298
batch 5500/12592 loss=-14.747313
batch 5550/12592 loss=-16.632198
batch 5600/12592 loss=-7.180815
batch 5650/12592 loss=-9.917672
batch 5700/12592 loss=-10.884123
batch 5750/12592 loss=-14.652910
batch 5800/12592 loss=-12.049608
batch 5850/12592 loss=-0.036475
batch 5900/12592 loss=-16.612888
batch 5950/12592 loss=-4.762733
batch 6000/12592 loss=-14.449247
batch 6050/12592 loss=-12.719129
batch 6100/12592 loss=-17.635265
batch 6150/12592 loss=-10.494604
batch 6200/12592 loss=-22.398857
batch 6250/12592 loss=-12.682986
batch 6300/12592 loss=-9.413393
batch 6350/12592 loss=-12.381369
batch 6400/12592 loss=-9.833304
batch 6450/12592 loss=-9.497394
batch 6500/12592 loss=-19.908737
batch 6550/12592 loss=-11.937546
batch 6600/12592 loss=-11.301922
batch 6650/12592 loss=-4.133726
batch 6700/12592 loss=-16.529377
batch 6750/12592 loss=-11.913401
batch 6800/12592 loss=0.457514
batch 6850/12592 loss=-8.250851
batch 6900/12592 loss=-17.787102
batch 6950/12592 loss=-11.961302
batch 7000/12592 loss=-13.870744
batch 7050/12592 loss=-17.111486
batch 7100/12592 loss=-12.659931
batch 7150/12592 loss=-7.496436
batch 7200/12592 loss=-19.525257
batch 7250/12592 loss=-10.251493
batch 7300/12592 loss=-20.607792
batch 7350/12592 loss=-17.498707
batch 7400/12592 loss=-12.348005
batch 7450/12592 loss=-9.978601
batch 7500/12592 loss=-20.351282
batch 7550/12592 loss=-16.942173
batch 7600/12592 loss=-11.856367
batch 7650/12592 loss=-17.056946
batch 7700/12592 loss=-12.158867
batch 7750/12592 loss=-12.094625
batch 7800/12592 loss=-9.179546
batch 7850/12592 loss=-13.452559
batch 7900/12592 loss=-13.278423
batch 7950/12592 loss=-20.048880
batch 8000/12592 loss=-13.654577
batch 8050/12592 loss=-9.545458
batch 8100/12592 loss=-15.797232
batch 8150/12592 loss=-15.149714
batch 8200/12592 loss=-15.692650
batch 8250/12592 loss=-16.333405
batch 8300/12592 loss=-24.464622
batch 8350/12592 loss=-1.357178
batch 8400/12592 loss=-12.228724
batch 8450/12592 loss=-16.713392
batch 8500/12592 loss=-21.761845
batch 8550/12592 loss=-19.478283
batch 8600/12592 loss=-10.620693
batch 8650/12592 loss=-21.216682
batch 8700/12592 loss=-14.644558
batch 8750/12592 loss=-2.608443
batch 8800/12592 loss=-6.259771
batch 8850/12592 loss=-10.813702
batch 8900/12592 loss=-15.298896
batch 8950/12592 loss=-14.753263
batch 9000/12592 loss=-15.423433
batch 9050/12592 loss=-14.684376
batch 9100/12592 loss=-19.631134
batch 9150/12592 loss=-8.762902
batch 9200/12592 loss=-15.444584
batch 9250/12592 loss=-17.391510
batch 9300/12592 loss=-17.806320
batch 9350/12592 loss=-22.570532
batch 9400/12592 loss=-8.771122
batch 9450/12592 loss=-16.306353
batch 9500/12592 loss=-17.388151
batch 9550/12592 loss=-12.185638
batch 9600/12592 loss=-16.527340
batch 9650/12592 loss=-14.326763
batch 9700/12592 loss=-14.924081
batch 9750/12592 loss=-17.252415
batch 9800/12592 loss=-14.281708
batch 9850/12592 loss=-13.994717
batch 9900/12592 loss=-12.916604
batch 9950/12592 loss=-17.813536
batch 10000/12592 loss=-14.100811
batch 10050/12592 loss=-8.951808
batch 10100/12592 loss=-15.067397
batch 10150/12592 loss=-15.302254
batch 10200/12592 loss=-10.306702
batch 10250/12592 loss=-10.127350
batch 10300/12592 loss=-16.973505
batch 10350/12592 loss=-9.532862
batch 10400/12592 loss=-16.080563
batch 10450/12592 loss=-11.381022
batch 10500/12592 loss=-12.308150
batch 10550/12592 loss=-17.859600
batch 10600/12592 loss=-18.608883
batch 10650/12592 loss=-15.212306
batch 10700/12592 loss=-15.860428
batch 10750/12592 loss=3.170487
batch 10800/12592 loss=-5.629185
batch 10850/12592 loss=-18.674318
batch 10900/12592 loss=-8.231678
batch 10950/12592 loss=-10.835737
batch 11000/12592 loss=-19.567280
batch 11050/12592 loss=-17.016407
batch 11100/12592 loss=-14.586923
batch 11150/12592 loss=-18.935265
batch 11200/12592 loss=-21.710287
batch 11250/12592 loss=-9.116593
batch 11300/12592 loss=-14.886285
batch 11350/12592 loss=-14.389016
batch 11400/12592 loss=-6.056100
batch 11450/12592 loss=-5.928777
batch 11500/12592 loss=-16.400814
batch 11550/12592 loss=-20.437227
batch 11600/12592 loss=-13.287691
batch 11650/12592 loss=-10.927380
batch 11700/12592 loss=-6.041379
batch 11750/12592 loss=-15.714460
batch 11800/12592 loss=-14.598198
batch 11850/12592 loss=-16.847607
batch 11900/12592 loss=-11.990467
batch 11950/12592 loss=-12.177589
batch 12000/12592 loss=-17.530294
batch 12050/12592 loss=-6.151829
batch 12100/12592 loss=-15.053912
batch 12150/12592 loss=-5.125992
batch 12200/12592 loss=-17.161179
batch 12250/12592 loss=-10.844633
batch 12300/12592 loss=-8.511384
batch 12350/12592 loss=-24.202127
batch 12400/12592 loss=-13.536193
batch 12450/12592 loss=-14.138827
batch 12500/12592 loss=-3.989695
batch 12550/12592 loss=-10.543295
epoch=11 train_loss=-14.150827 val_loss=-0.547668 minADE=0.423837 minFDE=0.594511 best=-15.128420 patience=2/50
batch 0/12592 loss=-0.448842
batch 50/12592 loss=-21.716740
batch 100/12592 loss=-15.789015
batch 150/12592 loss=-12.741931
batch 200/12592 loss=-3.991732
batch 250/12592 loss=-13.251329
batch 300/12592 loss=-15.618404
batch 350/12592 loss=-9.859823
batch 400/12592 loss=-20.983997
batch 450/12592 loss=-18.953690
batch 500/12592 loss=1.509496
batch 550/12592 loss=-18.078548
batch 600/12592 loss=-18.633596
batch 650/12592 loss=-23.336157
batch 700/12592 loss=-10.391497
batch 750/12592 loss=-18.063187
batch 800/12592 loss=-9.357804
batch 850/12592 loss=-16.801811
batch 900/12592 loss=-13.741001
batch 950/12592 loss=-12.852494
batch 1000/12592 loss=-16.110909
batch 1050/12592 loss=-16.753330
batch 1100/12592 loss=-15.057717
batch 1150/12592 loss=-18.677753
batch 1200/12592 loss=-12.822689
batch 1250/12592 loss=-19.501513
batch 1300/12592 loss=-6.278660
batch 1350/12592 loss=-4.694710
batch 1400/12592 loss=-21.674622
batch 1450/12592 loss=-8.614685
batch 1500/12592 loss=-21.964550
batch 1550/12592 loss=1.757566
batch 1600/12592 loss=-18.960672
batch 1650/12592 loss=-14.518253
batch 1700/12592 loss=-24.726318
batch 1750/12592 loss=-13.199697
batch 1800/12592 loss=-14.761218
batch 1850/12592 loss=-8.912594
batch 1900/12592 loss=-19.992725
batch 1950/12592 loss=-21.902861
batch 2000/12592 loss=-15.124620
batch 2050/12592 loss=-10.261842
batch 2100/12592 loss=-12.796695
batch 2150/12592 loss=-18.573536
batch 2200/12592 loss=-13.818797
batch 2250/12592 loss=-12.014074
batch 2300/12592 loss=-19.577314
batch 2350/12592 loss=-0.733713
batch 2400/12592 loss=-16.532146
batch 2450/12592 loss=-27.001257
batch 2500/12592 loss=-5.751106
batch 2550/12592 loss=-14.549756
batch 2600/12592 loss=-16.018188
batch 2650/12592 loss=-12.197732
batch 2700/12592 loss=-19.128117
batch 2750/12592 loss=-18.166668
batch 2800/12592 loss=-24.783802
batch 2850/12592 loss=-17.949770
batch 2900/12592 loss=-13.031285
batch 2950/12592 loss=-11.495539
batch 3000/12592 loss=-5.424920
batch 3050/12592 loss=-9.882353
batch 3100/12592 loss=-8.990471
batch 3150/12592 loss=-19.340374
batch 3200/12592 loss=-22.350834
batch 3250/12592 loss=-2.714894
batch 3300/12592 loss=-18.585091
batch 3350/12592 loss=-11.637661
batch 3400/12592 loss=-15.339399
batch 3450/12592 loss=-11.992338
batch 3500/12592 loss=-12.830201
batch 3550/12592 loss=-6.124812
batch 3600/12592 loss=-11.929951
batch 3650/12592 loss=-1.789620
batch 3700/12592 loss=-12.463000
batch 3750/12592 loss=-3.825498
batch 3800/12592 loss=-14.961611
batch 3850/12592 loss=-17.488544
batch 3900/12592 loss=-14.660992
batch 3950/12592 loss=-14.798219
batch 4000/12592 loss=-13.975594
batch 4050/12592 loss=-16.474636
batch 4100/12592 loss=-19.246962
batch 4150/12592 loss=-21.651230
batch 4200/12592 loss=-25.347954
batch 4250/12592 loss=-8.066116
batch 4300/12592 loss=-19.552372
batch 4350/12592 loss=-15.714452
batch 4400/12592 loss=-13.848559
batch 4450/12592 loss=-10.994314
batch 4500/12592 loss=-13.791523
batch 4550/12592 loss=-3.923472
batch 4600/12592 loss=-17.116894
batch 4650/12592 loss=-24.874706
batch 4700/12592 loss=-13.084515
batch 4750/12592 loss=-15.438383
batch 4800/12592 loss=-19.879417
batch 4850/12592 loss=-11.315353
batch 4900/12592 loss=-7.271236
batch 4950/12592 loss=-15.349072
batch 5000/12592 loss=-12.674301
batch 5050/12592 loss=-14.904728
batch 5100/12592 loss=-16.193943
batch 5150/12592 loss=-16.602467
batch 5200/12592 loss=-6.030259
batch 5250/12592 loss=-26.443783
batch 5300/12592 loss=-13.244406
batch 5350/12592 loss=-13.688610
batch 5400/12592 loss=-15.032185
batch 5450/12592 loss=-13.485995
batch 5500/12592 loss=-11.274603
batch 5550/12592 loss=-26.442259
batch 5600/12592 loss=-13.300903
batch 5650/12592 loss=-12.824438
batch 5700/12592 loss=-13.373720
batch 5750/12592 loss=-15.935609
batch 5800/12592 loss=-12.767390
batch 5850/12592 loss=-12.333044
batch 5900/12592 loss=-15.781605
batch 5950/12592 loss=-17.062119
batch 6000/12592 loss=-13.857008
batch 6050/12592 loss=-13.227655
batch 6100/12592 loss=-13.893350
batch 6150/12592 loss=-18.337133
batch 6200/12592 loss=-11.368291
batch 6250/12592 loss=-18.990269
batch 6300/12592 loss=-12.102862
batch 6350/12592 loss=-10.682416
batch 6400/12592 loss=-13.317000
batch 6450/12592 loss=-7.906838
batch 6500/12592 loss=-17.967567
batch 6550/12592 loss=-13.685776
batch 6600/12592 loss=-8.016415
batch 6650/12592 loss=-17.202744
batch 6700/12592 loss=-15.265449
batch 6750/12592 loss=-12.670164
batch 6800/12592 loss=-12.212829
batch 6850/12592 loss=-19.609222
batch 6900/12592 loss=-13.711838
batch 6950/12592 loss=-8.358457
batch 7000/12592 loss=-6.541836
batch 7050/12592 loss=-5.467383
batch 7100/12592 loss=-16.114689
batch 7150/12592 loss=-15.163971
batch 7200/12592 loss=-7.826222
batch 7250/12592 loss=-26.336838
batch 7300/12592 loss=-18.083862
batch 7350/12592 loss=-13.700928
batch 7400/12592 loss=-14.588228
batch 7450/12592 loss=-18.245468
batch 7500/12592 loss=-16.703772
batch 7550/12592 loss=-15.864317
batch 7600/12592 loss=-12.572582
batch 7650/12592 loss=-10.235725
batch 7700/12592 loss=-9.503171
batch 7750/12592 loss=-20.215607
batch 7800/12592 loss=-11.465923
batch 7850/12592 loss=-8.659180
batch 7900/12592 loss=-11.582384
batch 7950/12592 loss=-16.222281
batch 8000/12592 loss=-14.129488
batch 8050/12592 loss=-10.004678
batch 8100/12592 loss=-15.997055
batch 8150/12592 loss=-19.190651
batch 8200/12592 loss=-20.882654
batch 8250/12592 loss=-2.829333
batch 8300/12592 loss=-14.336417
batch 8350/12592 loss=-14.924389
batch 8400/12592 loss=-18.371655
batch 8450/12592 loss=-16.052864
batch 8500/12592 loss=-10.677835
batch 8550/12592 loss=-12.923800
batch 8600/12592 loss=-16.767363
batch 8650/12592 loss=-7.348915
batch 8700/12592 loss=-20.959110
batch 8750/12592 loss=-13.299614
batch 8800/12592 loss=-13.496098
batch 8850/12592 loss=-20.132952
batch 8900/12592 loss=-14.139074
batch 8950/12592 loss=-15.553826
batch 9000/12592 loss=-18.339275
batch 9050/12592 loss=-16.837032
batch 9100/12592 loss=-21.815899
batch 9150/12592 loss=-17.766483
batch 9200/12592 loss=-15.764654
batch 9250/12592 loss=-22.414036
batch 9300/12592 loss=-11.014279
batch 9350/12592 loss=-9.434856
batch 9400/12592 loss=-16.841442
batch 9450/12592 loss=-20.462334
batch 9500/12592 loss=-10.687194
batch 9550/12592 loss=-14.517055
batch 9600/12592 loss=-22.752310
batch 9650/12592 loss=-23.445234
batch 9700/12592 loss=-20.396103
batch 9750/12592 loss=-4.860835
batch 9800/12592 loss=-19.162521
batch 9850/12592 loss=-9.321306
batch 9900/12592 loss=-22.420046
batch 9950/12592 loss=-20.579742
batch 10000/12592 loss=-20.734642
batch 10050/12592 loss=-14.932726
batch 10100/12592 loss=-20.279884
batch 10150/12592 loss=-25.322571
batch 10200/12592 loss=-12.560329
batch 10250/12592 loss=-11.948097
batch 10300/12592 loss=-15.603098
batch 10350/12592 loss=-13.464096
batch 10400/12592 loss=-4.638864
batch 10450/12592 loss=-8.899153
batch 10500/12592 loss=-16.897472
batch 10550/12592 loss=-23.527540
batch 10600/12592 loss=-25.847109
batch 10650/12592 loss=-20.598787
batch 10700/12592 loss=-2.041717
batch 10750/12592 loss=-17.314180
batch 10800/12592 loss=-17.995903
batch 10850/12592 loss=-17.244654
batch 10900/12592 loss=-13.712078
batch 10950/12592 loss=-14.529403
batch 11000/12592 loss=-14.829016
batch 11050/12592 loss=-6.912624
batch 11100/12592 loss=-17.185528
batch 11150/12592 loss=-20.217230
batch 11200/12592 loss=-14.823259
batch 11250/12592 loss=-4.552905
batch 11300/12592 loss=-16.002235
batch 11350/12592 loss=-14.664816
batch 11400/12592 loss=-21.099852
batch 11450/12592 loss=-10.834425
batch 11500/12592 loss=-4.712998
batch 11550/12592 loss=-8.088756
batch 11600/12592 loss=-17.554054
batch 11650/12592 loss=-3.325981
batch 11700/12592 loss=-7.907988
batch 11750/12592 loss=-6.033826
batch 11800/12592 loss=-10.965652
batch 11850/12592 loss=-20.171267
batch 11900/12592 loss=-8.983602
batch 11950/12592 loss=-0.752351
batch 12000/12592 loss=-18.633247
batch 12050/12592 loss=-20.551933
batch 12100/12592 loss=-12.629940
batch 12150/12592 loss=-18.905825
batch 12200/12592 loss=-10.563585
batch 12250/12592 loss=-13.024934
batch 12300/12592 loss=-20.886375
batch 12350/12592 loss=-14.334341
batch 12400/12592 loss=-12.510633
batch 12450/12592 loss=-9.244528
batch 12500/12592 loss=-9.444424
batch 12550/12592 loss=-17.121468
epoch=12 train_loss=-14.317202 val_loss=-3.846777 minADE=0.496527 minFDE=0.673440 best=-15.128420 patience=3/50
batch 0/12592 loss=-4.183744
batch 50/12592 loss=-9.377607
batch 100/12592 loss=-22.625742
batch 150/12592 loss=-14.120382
batch 200/12592 loss=-12.290379
batch 250/12592 loss=-10.679613
batch 300/12592 loss=-11.779084
batch 350/12592 loss=-19.353409
batch 400/12592 loss=-13.421611
batch 450/12592 loss=-17.737068
batch 500/12592 loss=-12.683988
batch 550/12592 loss=-16.486389
batch 600/12592 loss=-12.432089
batch 650/12592 loss=-17.942657
batch 700/12592 loss=-20.013733
batch 750/12592 loss=-15.819719
batch 800/12592 loss=-15.110650
batch 850/12592 loss=-24.355255
batch 900/12592 loss=-16.635019
batch 950/12592 loss=-17.046225
batch 1000/12592 loss=-9.165625
batch 1050/12592 loss=-17.019827
batch 1100/12592 loss=-13.403191
batch 1150/12592 loss=-12.945827
batch 1200/12592 loss=-16.128593
batch 1250/12592 loss=-18.792301
batch 1300/12592 loss=-11.366690
batch 1350/12592 loss=-21.232531
batch 1400/12592 loss=-22.996120
batch 1450/12592 loss=-14.094178
batch 1500/12592 loss=-10.613640
batch 1550/12592 loss=-11.883247
batch 1600/12592 loss=-22.962057
batch 1650/12592 loss=-15.994858
batch 1700/12592 loss=-16.497910
batch 1750/12592 loss=-19.220734
batch 1800/12592 loss=-9.340229
batch 1850/12592 loss=-13.076443
batch 1900/12592 loss=-19.712626
batch 1950/12592 loss=-18.045012
batch 2000/12592 loss=-8.553381
batch 2050/12592 loss=-17.276670
batch 2100/12592 loss=-11.979643
batch 2150/12592 loss=-16.904596
batch 2200/12592 loss=-13.750267
batch 2250/12592 loss=-12.035227
batch 2300/12592 loss=-11.435177
batch 2350/12592 loss=-12.273930
batch 2400/12592 loss=-11.656384
batch 2450/12592 loss=-16.101238
batch 2500/12592 loss=-14.082420
batch 2550/12592 loss=-17.750061
batch 2600/12592 loss=-21.641207
batch 2650/12592 loss=-3.333797
batch 2700/12592 loss=-18.521957
batch 2750/12592 loss=-18.935547
batch 2800/12592 loss=-14.727003
batch 2850/12592 loss=-17.383915
batch 2900/12592 loss=-17.636024
batch 2950/12592 loss=-9.498551
batch 3000/12592 loss=-8.209083
batch 3050/12592 loss=-17.312790
batch 3100/12592 loss=-12.857073
batch 3150/12592 loss=-10.109692
batch 3200/12592 loss=-19.581017
batch 3250/12592 loss=-14.950297
batch 3300/12592 loss=-21.988819
batch 3350/12592 loss=-15.945089
batch 3400/12592 loss=-12.332104
batch 3450/12592 loss=-19.938623
batch 3500/12592 loss=-19.321735
batch 3550/12592 loss=-21.556522
batch 3600/12592 loss=-25.030931
batch 3650/12592 loss=-8.063511
batch 3700/12592 loss=-16.464609
batch 3750/12592 loss=-12.125589
batch 3800/12592 loss=-13.174536
batch 3850/12592 loss=-7.936385
batch 3900/12592 loss=-12.891162
batch 3950/12592 loss=-13.808530
batch 4000/12592 loss=-12.549055
batch 4050/12592 loss=-12.200031
batch 4100/12592 loss=-15.488653
batch 4150/12592 loss=-23.317835
batch 4200/12592 loss=-14.509877
batch 4250/12592 loss=-18.778507
batch 4300/12592 loss=-23.842283
batch 4350/12592 loss=-5.039046
batch 4400/12592 loss=-1.229689
batch 4450/12592 loss=-8.299426
batch 4500/12592 loss=-16.963379
batch 4550/12592 loss=-15.843434
batch 4600/12592 loss=-11.725418
batch 4650/12592 loss=-16.434725
batch 4700/12592 loss=-16.350056
batch 4750/12592 loss=-17.788710
batch 4800/12592 loss=-12.674855
batch 4850/12592 loss=-12.936607
batch 4900/12592 loss=-19.813358
batch 4950/12592 loss=-10.432146
batch 5000/12592 loss=-10.360912
batch 5050/12592 loss=-5.941075
batch 5100/12592 loss=-20.947340
batch 5150/12592 loss=-11.290093
batch 5200/12592 loss=-14.864024
batch 5250/12592 loss=-17.844128
batch 5300/12592 loss=-18.981808
batch 5350/12592 loss=-10.718632
batch 5400/12592 loss=-16.019945
batch 5450/12592 loss=-5.826797
batch 5500/12592 loss=-23.440750
batch 5550/12592 loss=-15.471308
batch 5600/12592 loss=-15.950933
batch 5650/12592 loss=-17.468048
batch 5700/12592 loss=-9.330573
batch 5750/12592 loss=-11.664436
batch 5800/12592 loss=-15.469397
batch 5850/12592 loss=-19.176693
batch 5900/12592 loss=-11.969864
batch 5950/12592 loss=-14.507856
batch 6000/12592 loss=-11.545244
batch 6050/12592 loss=-22.004002
batch 6100/12592 loss=-19.665312
batch 6150/12592 loss=-10.104414
batch 6200/12592 loss=-13.957227
batch 6250/12592 loss=-23.088341
batch 6300/12592 loss=-18.010792
batch 6350/12592 loss=-11.655773
batch 6400/12592 loss=-13.179996
batch 6450/12592 loss=-18.016853
batch 6500/12592 loss=-6.280119
batch 6550/12592 loss=-11.876676
batch 6600/12592 loss=-13.663847
batch 6650/12592 loss=-17.524267
batch 6700/12592 loss=-16.292025
batch 6750/12592 loss=-6.505655
batch 6800/12592 loss=-3.003195
batch 6850/12592 loss=-13.265644
batch 6900/12592 loss=-15.582172
batch 6950/12592 loss=-4.161343
batch 7000/12592 loss=-18.168861
batch 7050/12592 loss=-21.768772
batch 7100/12592 loss=-8.306074
batch 7150/12592 loss=-16.431759
batch 7200/12592 loss=-17.387909
batch 7250/12592 loss=-24.636475
batch 7300/12592 loss=-5.911029
batch 7350/12592 loss=-3.289531
batch 7400/12592 loss=-15.294304
batch 7450/12592 loss=-5.183880
batch 7500/12592 loss=-15.093755
batch 7550/12592 loss=-18.135639
batch 7600/12592 loss=-12.933960
batch 7650/12592 loss=-5.115207
batch 7700/12592 loss=-8.649317
batch 7750/12592 loss=-9.334419
batch 7800/12592 loss=-9.915129
batch 7850/12592 loss=-20.765518
batch 7900/12592 loss=-19.004763
batch 7950/12592 loss=-9.074823
batch 8000/12592 loss=-12.648819
batch 8050/12592 loss=-13.447801
batch 8100/12592 loss=-13.521544
batch 8150/12592 loss=-21.731241
batch 8200/12592 loss=-11.414314
batch 8250/12592 loss=-15.346211
batch 8300/12592 loss=-18.200974
batch 8350/12592 loss=-8.880754
batch 8400/12592 loss=-9.055016
batch 8450/12592 loss=-19.649923
batch 8500/12592 loss=-20.708235
batch 8550/12592 loss=-13.964221
batch 8600/12592 loss=-9.653286
batch 8650/12592 loss=-18.642143
batch 8700/12592 loss=-23.611095
batch 8750/12592 loss=-19.250248
batch 8800/12592 loss=-9.141273
batch 8850/12592 loss=-17.257492
batch 8900/12592 loss=-16.770081
batch 8950/12592 loss=-9.184156
batch 9000/12592 loss=-18.239628
batch 9050/12592 loss=-15.528418
batch 9100/12592 loss=-25.331533
batch 9150/12592 loss=-20.204876
batch 9200/12592 loss=-17.219223
batch 9250/12592 loss=-20.451340
batch 9300/12592 loss=-11.951922
batch 9350/12592 loss=-15.322971
batch 9400/12592 loss=-11.371882
batch 9450/12592 loss=-4.314093
batch 9500/12592 loss=-12.019510
batch 9550/12592 loss=-17.254272
batch 9600/12592 loss=-19.531584
batch 9650/12592 loss=-14.954717
batch 9700/12592 loss=-30.982018
batch 9750/12592 loss=-15.643904
batch 9800/12592 loss=-17.195450
batch 9850/12592 loss=-19.897230
batch 9900/12592 loss=-15.293777
batch 9950/12592 loss=-14.845978
batch 10000/12592 loss=-11.570300
batch 10050/12592 loss=-15.570921
batch 10100/12592 loss=-11.061560
batch 10150/12592 loss=-10.654575
batch 10200/12592 loss=-14.441430
batch 10250/12592 loss=-12.777506
batch 10300/12592 loss=-15.206068
batch 10350/12592 loss=-15.069080
batch 10400/12592 loss=-20.383240
batch 10450/12592 loss=-20.517715
batch 10500/12592 loss=-9.156489
batch 10550/12592 loss=-8.975259
batch 10600/12592 loss=-3.008507
batch 10650/12592 loss=0.133968
batch 10700/12592 loss=-17.649054
batch 10750/12592 loss=-16.119480
batch 10800/12592 loss=-13.184972
batch 10850/12592 loss=-18.270496
batch 10900/12592 loss=-19.561718
batch 10950/12592 loss=-21.860909
batch 11000/12592 loss=-12.355217
batch 11050/12592 loss=-18.031527
batch 11100/12592 loss=-17.199827
batch 11150/12592 loss=-15.437130
batch 11200/12592 loss=-12.589619
batch 11250/12592 loss=-12.306013
batch 11300/12592 loss=-21.459522
batch 11350/12592 loss=-8.422153
batch 11400/12592 loss=-16.728924
batch 11450/12592 loss=-9.096394
batch 11500/12592 loss=-7.975882
batch 11550/12592 loss=-22.202557
batch 11600/12592 loss=-8.286245
batch 11650/12592 loss=-11.404498
batch 11700/12592 loss=-19.408535
batch 11750/12592 loss=-13.026496
batch 11800/12592 loss=-18.748325
batch 11850/12592 loss=-11.509164
batch 11900/12592 loss=-21.596712
batch 11950/12592 loss=-13.906600
batch 12000/12592 loss=-15.406283
batch 12050/12592 loss=-23.409014
batch 12100/12592 loss=-0.621265
batch 12150/12592 loss=-15.158951
batch 12200/12592 loss=-13.615180
batch 12250/12592 loss=-16.020227
batch 12300/12592 loss=-9.071397
batch 12350/12592 loss=-15.978292
batch 12400/12592 loss=-10.052935
batch 12450/12592 loss=-9.935345
batch 12500/12592 loss=-9.304950
batch 12550/12592 loss=-12.570698
epoch=13 train_loss=-14.470228 val_loss=-10.913328 minADE=0.426070 minFDE=0.593334 best=-15.128420 patience=4/50
batch 0/12592 loss=-12.160697
batch 50/12592 loss=-23.348473
batch 100/12592 loss=-22.360708
batch 150/12592 loss=-9.551941
batch 200/12592 loss=-20.203514
batch 250/12592 loss=-15.716732
batch 300/12592 loss=-3.152424
batch 350/12592 loss=-11.876698
batch 400/12592 loss=-6.816416
batch 450/12592 loss=-16.630760
batch 500/12592 loss=-13.095045
batch 550/12592 loss=-21.892864
batch 600/12592 loss=-20.911814
batch 650/12592 loss=-10.315451
batch 700/12592 loss=-9.296663
batch 750/12592 loss=-20.569496
batch 800/12592 loss=-18.480289
batch 850/12592 loss=-18.369682
batch 900/12592 loss=-24.256439
batch 950/12592 loss=-16.668591
batch 1000/12592 loss=-10.778101
batch 1050/12592 loss=-12.574504
batch 1100/12592 loss=-11.563421
batch 1150/12592 loss=-22.904726
batch 1200/12592 loss=-10.484599
batch 1250/12592 loss=-24.160362
batch 1300/12592 loss=-24.324371
batch 1350/12592 loss=-20.727634
batch 1400/12592 loss=-6.855510
batch 1450/12592 loss=-8.292364
batch 1500/12592 loss=-7.242458
batch 1550/12592 loss=-18.985073
batch 1600/12592 loss=-9.382588
batch 1650/12592 loss=-12.147665
batch 1700/12592 loss=-20.505547
batch 1750/12592 loss=-17.320976
batch 1800/12592 loss=-6.628333
batch 1850/12592 loss=-12.764654
batch 1900/12592 loss=-12.616580
batch 1950/12592 loss=-13.258736
batch 2000/12592 loss=-13.891572
batch 2050/12592 loss=-27.009895
batch 2100/12592 loss=-5.260578
batch 2150/12592 loss=-21.879234
batch 2200/12592 loss=-15.500027
batch 2250/12592 loss=-12.235869
batch 2300/12592 loss=-18.112947
batch 2350/12592 loss=-13.352511
batch 2400/12592 loss=-12.738367
batch 2450/12592 loss=-23.879162
batch 2500/12592 loss=-18.086990
batch 2550/12592 loss=-14.194541
batch 2600/12592 loss=-11.013787
batch 2650/12592 loss=-12.100434
batch 2700/12592 loss=-17.683598
batch 2750/12592 loss=-19.615910
batch 2800/12592 loss=-6.467133
batch 2850/12592 loss=-10.812552
batch 2900/12592 loss=-16.496185
batch 2950/12592 loss=-15.152397
batch 3000/12592 loss=-17.421185
batch 3050/12592 loss=-13.159706
batch 3100/12592 loss=-5.874953
batch 3150/12592 loss=-7.185157
batch 3200/12592 loss=-16.779427
batch 3250/12592 loss=-4.520606
batch 3300/12592 loss=-5.094833
batch 3350/12592 loss=-13.095232
batch 3400/12592 loss=-19.514530
batch 3450/12592 loss=-25.385927
batch 3500/12592 loss=-13.539339
batch 3550/12592 loss=-18.618839
batch 3600/12592 loss=-16.480186
batch 3650/12592 loss=-16.574337
batch 3700/12592 loss=-24.763605
batch 3750/12592 loss=-5.178738
batch 3800/12592 loss=-20.653984
batch 3850/12592 loss=-14.731492
batch 3900/12592 loss=-14.897189
batch 3950/12592 loss=-12.580934
batch 4000/12592 loss=-20.035072
batch 4050/12592 loss=-15.791718
batch 4100/12592 loss=-16.238403
batch 4150/12592 loss=-18.207336
batch 4200/12592 loss=-17.544239
batch 4250/12592 loss=-13.659201
batch 4300/12592 loss=-0.469504
batch 4350/12592 loss=-10.378050
batch 4400/12592 loss=-11.620651
batch 4450/12592 loss=-3.316572
batch 4500/12592 loss=-6.133430
batch 4550/12592 loss=-13.245456
batch 4600/12592 loss=-10.185709
batch 4650/12592 loss=-14.350573
batch 4700/12592 loss=-13.412459
batch 4750/12592 loss=-17.060089
batch 4800/12592 loss=-16.828102
batch 4850/12592 loss=-10.406305
batch 4900/12592 loss=-7.538718
batch 4950/12592 loss=-12.999131
batch 5000/12592 loss=-8.826572
batch 5050/12592 loss=-22.422352
batch 5100/12592 loss=-13.141211
batch 5150/12592 loss=-14.491661
batch 5200/12592 loss=-11.196471
batch 5250/12592 loss=-11.241079
batch 5300/12592 loss=-16.074158
batch 5350/12592 loss=-18.227573
batch 5400/12592 loss=-20.246998
batch 5450/12592 loss=-16.261070
batch 5500/12592 loss=-17.969204
batch 5550/12592 loss=-27.739376
batch 5600/12592 loss=-17.875664
batch 5650/12592 loss=-11.206570
batch 5700/12592 loss=-9.934145
batch 5750/12592 loss=-16.267990
batch 5800/12592 loss=-14.562308
batch 5850/12592 loss=-9.159618
batch 5900/12592 loss=-16.651358
batch 5950/12592 loss=-13.010409
batch 6000/12592 loss=-24.070478
batch 6050/12592 loss=-12.093342
batch 6100/12592 loss=-17.824465
batch 6150/12592 loss=-17.834373
batch 6200/12592 loss=-11.701056
batch 6250/12592 loss=-19.414753
batch 6300/12592 loss=-16.048382
batch 6350/12592 loss=-18.015238
batch 6400/12592 loss=-1.512149
batch 6450/12592 loss=-7.807981
batch 6500/12592 loss=-6.107058
batch 6550/12592 loss=-14.964823
batch 6600/12592 loss=-23.265152
batch 6650/12592 loss=-0.567611
batch 6700/12592 loss=-11.043725
batch 6750/12592 loss=-19.176849
batch 6800/12592 loss=-14.197933
batch 6850/12592 loss=-15.817693
batch 6900/12592 loss=-21.637302
batch 6950/12592 loss=-17.895124
batch 7000/12592 loss=-13.519527
batch 7050/12592 loss=-7.010858
batch 7100/12592 loss=-14.848610
batch 7150/12592 loss=-6.626527
batch 7200/12592 loss=-5.968135
batch 7250/12592 loss=-14.753721
batch 7300/12592 loss=-9.558778
batch 7350/12592 loss=-5.838099
batch 7400/12592 loss=-19.677752
batch 7450/12592 loss=-3.883018
batch 7500/12592 loss=-10.953301
batch 7550/12592 loss=-24.249294
batch 7600/12592 loss=-12.676511
batch 7650/12592 loss=-23.800472
batch 7700/12592 loss=-20.480732
batch 7750/12592 loss=-9.415345
batch 7800/12592 loss=-22.994448
batch 7850/12592 loss=-18.867887
batch 7900/12592 loss=-5.197081
batch 7950/12592 loss=-23.568844
batch 8000/12592 loss=-10.350636
batch 8050/12592 loss=-7.684096
batch 8100/12592 loss=-13.839084
batch 8150/12592 loss=-17.459162
batch 8200/12592 loss=-11.415323
batch 8250/12592 loss=-10.231171
batch 8300/12592 loss=-14.307106
batch 8350/12592 loss=-16.313450
batch 8400/12592 loss=-18.467741
batch 8450/12592 loss=-21.385454
batch 8500/12592 loss=-23.073433
batch 8550/12592 loss=-19.970234
batch 8600/12592 loss=-19.263214
batch 8650/12592 loss=-12.414026
batch 8700/12592 loss=-11.257645
batch 8750/12592 loss=-13.252120
batch 8800/12592 loss=-20.753319
batch 8850/12592 loss=-19.886997
batch 8900/12592 loss=-14.887959
batch 8950/12592 loss=-21.922203
batch 9000/12592 loss=-5.520054
batch 9050/12592 loss=-9.653448
batch 9100/12592 loss=-14.667018
batch 9150/12592 loss=-12.769620
batch 9200/12592 loss=-17.253567
batch 9250/12592 loss=-14.398517
batch 9300/12592 loss=-17.107361
batch 9350/12592 loss=-17.591118
batch 9400/12592 loss=-15.387726
batch 9450/12592 loss=-9.704948
batch 9500/12592 loss=-12.313803
batch 9550/12592 loss=-7.440804
batch 9600/12592 loss=-4.569782
batch 9650/12592 loss=-18.049145
batch 9700/12592 loss=-21.367832
batch 9750/12592 loss=-16.263245
batch 9800/12592 loss=-9.666504
batch 9850/12592 loss=-17.067488
batch 9900/12592 loss=-11.479166
batch 9950/12592 loss=-22.705732
batch 10000/12592 loss=-5.060466
batch 10050/12592 loss=-13.068161
batch 10100/12592 loss=-16.532814
batch 10150/12592 loss=-13.316419
batch 10200/12592 loss=-20.686752
batch 10250/12592 loss=-20.799368
batch 10300/12592 loss=-14.679724
batch 10350/12592 loss=-14.650717
batch 10400/12592 loss=-13.333994
batch 10450/12592 loss=-19.200315
batch 10500/12592 loss=-13.867535
batch 10550/12592 loss=-9.796274
batch 10600/12592 loss=-12.573458
batch 10650/12592 loss=-11.677372
batch 10700/12592 loss=-15.550369
batch 10750/12592 loss=-11.746857
batch 10800/12592 loss=-5.560602
batch 10850/12592 loss=-16.592991
batch 10900/12592 loss=-16.361567
batch 10950/12592 loss=-8.659714
batch 11000/12592 loss=-15.368967
batch 11050/12592 loss=-14.247375
batch 11100/12592 loss=-17.018105
batch 11150/12592 loss=-5.911084
batch 11200/12592 loss=-4.813996
batch 11250/12592 loss=-6.141368
batch 11300/12592 loss=-4.079715
batch 11350/12592 loss=-15.671033
batch 11400/12592 loss=-12.216572
batch 11450/12592 loss=-17.972752
batch 11500/12592 loss=-19.360100
batch 11550/12592 loss=-19.445980
batch 11600/12592 loss=-18.079487
batch 11650/12592 loss=-21.778862
batch 11700/12592 loss=-17.568781
batch 11750/12592 loss=-22.978226
batch 11800/12592 loss=-17.383377
batch 11850/12592 loss=-15.574273
batch 11900/12592 loss=-18.216711
batch 11950/12592 loss=-11.964105
batch 12000/12592 loss=-13.664470
batch 12050/12592 loss=-12.990807
batch 12100/12592 loss=-24.003778
batch 12150/12592 loss=-19.386959
batch 12200/12592 loss=-20.843201
batch 12250/12592 loss=-18.033916
batch 12300/12592 loss=-14.803807
batch 12350/12592 loss=-10.520806
batch 12400/12592 loss=-15.014322
batch 12450/12592 loss=-10.832977
batch 12500/12592 loss=-18.144775
batch 12550/12592 loss=-18.693077
epoch=14 train_loss=-14.436226 val_loss=-12.650545 minADE=0.415972 minFDE=0.588665 best=-15.128420 patience=5/50
batch 0/12592 loss=-12.130194
batch 50/12592 loss=-2.407897
batch 100/12592 loss=-11.914339
batch 150/12592 loss=-20.172129
batch 200/12592 loss=-17.632723
batch 250/12592 loss=-17.931194
batch 300/12592 loss=-23.889862
batch 350/12592 loss=-14.901360
batch 400/12592 loss=-10.402296
batch 450/12592 loss=-8.730803
batch 500/12592 loss=-17.113096
batch 550/12592 loss=-11.508055
batch 600/12592 loss=-10.483529
batch 650/12592 loss=-17.808962
batch 700/12592 loss=-13.585835
batch 750/12592 loss=-10.963861
batch 800/12592 loss=-18.027039
batch 850/12592 loss=-10.183592
batch 900/12592 loss=-22.761002
batch 950/12592 loss=-4.408898
batch 1000/12592 loss=-12.066647
batch 1050/12592 loss=-7.916908
batch 1100/12592 loss=-13.556405
batch 1150/12592 loss=-19.018063
batch 1200/12592 loss=-11.034716
batch 1250/12592 loss=-12.991541
batch 1300/12592 loss=-18.997208
batch 1350/12592 loss=-15.842369
batch 1400/12592 loss=-17.476877
batch 1450/12592 loss=-5.273834
batch 1500/12592 loss=-1.831287
batch 1550/12592 loss=-11.772684
batch 1600/12592 loss=-25.601749
batch 1650/12592 loss=-18.251518
batch 1700/12592 loss=-19.350945
batch 1750/12592 loss=-17.256172
batch 1800/12592 loss=-11.058773
batch 1850/12592 loss=-17.010696
batch 1900/12592 loss=-12.374916
batch 1950/12592 loss=-12.234526
batch 2000/12592 loss=-23.111427
batch 2050/12592 loss=-13.912536
batch 2100/12592 loss=-16.075275
batch 2150/12592 loss=-16.602745
batch 2200/12592 loss=-17.675503
batch 2250/12592 loss=-7.501103
batch 2300/12592 loss=-25.057243
batch 2350/12592 loss=-18.696835
batch 2400/12592 loss=-9.064678
batch 2450/12592 loss=-20.495249
batch 2500/12592 loss=-13.085222
batch 2550/12592 loss=-14.006938
batch 2600/12592 loss=-9.867313
batch 2650/12592 loss=-21.444656
batch 2700/12592 loss=-17.205172
batch 2750/12592 loss=-14.167114
batch 2800/12592 loss=-20.213528
batch 2850/12592 loss=-21.778774
batch 2900/12592 loss=-23.117472
batch 2950/12592 loss=-23.396914
batch 3000/12592 loss=-13.830975
batch 3050/12592 loss=-10.875976
batch 3100/12592 loss=-4.686179
batch 3150/12592 loss=-15.693778
batch 3200/12592 loss=-10.059612
batch 3250/12592 loss=-8.360500
batch 3300/12592 loss=-16.177776
batch 3350/12592 loss=-13.476657
batch 3400/12592 loss=-17.267700
batch 3450/12592 loss=-15.094318
batch 3500/12592 loss=-12.226871
batch 3550/12592 loss=-11.540955
batch 3600/12592 loss=-20.207302
batch 3650/12592 loss=-11.183573
batch 3700/12592 loss=-11.670914
batch 3750/12592 loss=-18.733849
batch 3800/12592 loss=-22.361225
batch 3850/12592 loss=-8.213099
batch 3900/12592 loss=-15.741664
batch 3950/12592 loss=-17.320715
batch 4000/12592 loss=-6.518123
batch 4050/12592 loss=-16.194546
batch 4100/12592 loss=-23.889105
batch 4150/12592 loss=-18.995335
batch 4200/12592 loss=-11.115501
batch 4250/12592 loss=-19.314846
batch 4300/12592 loss=-8.387079
batch 4350/12592 loss=-11.198042
batch 4400/12592 loss=-16.466619
batch 4450/12592 loss=-11.957123
batch 4500/12592 loss=-17.349983
batch 4550/12592 loss=-18.439674
batch 4600/12592 loss=-12.275958
batch 4650/12592 loss=-13.488839
batch 4700/12592 loss=-15.971780
batch 4750/12592 loss=-2.220145
batch 4800/12592 loss=-10.024549
batch 4850/12592 loss=-13.507107
batch 4900/12592 loss=-14.062964
batch 4950/12592 loss=-13.650864
batch 5000/12592 loss=-9.663371
batch 5050/12592 loss=-17.984814
batch 5100/12592 loss=2.428193
batch 5150/12592 loss=-11.041014
batch 5200/12592 loss=-8.995720
batch 5250/12592 loss=-6.372850
batch 5300/12592 loss=-14.192566
batch 5350/12592 loss=-17.193350
batch 5400/12592 loss=-19.760620
batch 5450/12592 loss=0.764146
batch 5500/12592 loss=-15.630623
batch 5550/12592 loss=-14.603938
batch 5600/12592 loss=-15.501214
batch 5650/12592 loss=-9.618322
batch 5700/12592 loss=-15.744697
batch 5750/12592 loss=-16.735319
batch 5800/12592 loss=-22.394766
batch 5850/12592 loss=-14.924377
batch 5900/12592 loss=-13.751184
batch 5950/12592 loss=-13.150900
batch 6000/12592 loss=-7.784880
batch 6050/12592 loss=-13.523603
batch 6100/12592 loss=-18.187382
batch 6150/12592 loss=-12.093015
batch 6200/12592 loss=-23.219929
batch 6250/12592 loss=-4.056036
batch 6300/12592 loss=-8.173388
batch 6350/12592 loss=-10.979469
batch 6400/12592 loss=-16.777809
batch 6450/12592 loss=-21.589937
batch 6500/12592 loss=-23.449530
batch 6550/12592 loss=-21.664484
batch 6600/12592 loss=-26.833132
batch 6650/12592 loss=-12.552712
batch 6700/12592 loss=-1.019230
batch 6750/12592 loss=-13.791295
batch 6800/12592 loss=-13.553337
batch 6850/12592 loss=-19.482155
batch 6900/12592 loss=-18.446810
batch 6950/12592 loss=-15.576349
batch 7000/12592 loss=-7.772803
batch 7050/12592 loss=-21.427567
batch 7100/12592 loss=0.870447
batch 7150/12592 loss=-17.225811
batch 7200/12592 loss=-13.110292
batch 7250/12592 loss=-11.504196
batch 7300/12592 loss=-22.650745
batch 7350/12592 loss=-14.587822
batch 7400/12592 loss=-7.820998
batch 7450/12592 loss=-16.284401
batch 7500/12592 loss=-11.174646
batch 7550/12592 loss=-21.039478
batch 7600/12592 loss=-14.422449
batch 7650/12592 loss=-11.604467
batch 7700/12592 loss=-7.619868
batch 7750/12592 loss=-2.185021
batch 7800/12592 loss=-15.594262
batch 7850/12592 loss=-12.240696
batch 7900/12592 loss=-18.404974
batch 7950/12592 loss=-20.332771
batch 8000/12592 loss=-30.688198
batch 8050/12592 loss=-22.308567
batch 8100/12592 loss=-14.495962
batch 8150/12592 loss=-13.588257
batch 8200/12592 loss=-9.177748
batch 8250/12592 loss=-20.726921
batch 8300/12592 loss=-19.481741
batch 8350/12592 loss=-12.445766
batch 8400/12592 loss=-22.771812
batch 8450/12592 loss=-8.048283
batch 8500/12592 loss=-15.366144
batch 8550/12592 loss=-13.406206
batch 8600/12592 loss=-10.736334
batch 8650/12592 loss=-13.520172
batch 8700/12592 loss=-1.762126
batch 8750/12592 loss=-16.343811
batch 8800/12592 loss=-1.161145
batch 8850/12592 loss=-19.560452
batch 8900/12592 loss=-19.878717
batch 8950/12592 loss=-8.689194
batch 9000/12592 loss=-18.833698
batch 9050/12592 loss=-19.997150
batch 9100/12592 loss=-21.342291
batch 9150/12592 loss=-13.786663
batch 9200/12592 loss=-14.578559
batch 9250/12592 loss=-12.744312
batch 9300/12592 loss=-17.732357
batch 9350/12592 loss=-17.194393
batch 9400/12592 loss=-12.113859
batch 9450/12592 loss=-23.969261
batch 9500/12592 loss=-6.164577
batch 9550/12592 loss=-13.839020
batch 9600/12592 loss=-19.178665
batch 9650/12592 loss=-15.762634
batch 9700/12592 loss=-15.451947
batch 9750/12592 loss=-4.299341
batch 9800/12592 loss=-9.499137
batch 9850/12592 loss=-17.708965
batch 9900/12592 loss=-4.336448
batch 9950/12592 loss=-11.267951
batch 10000/12592 loss=-14.603962
batch 10050/12592 loss=-15.164939
batch 10100/12592 loss=-21.202812
batch 10150/12592 loss=-7.224483
batch 10200/12592 loss=-7.751756
batch 10250/12592 loss=-16.573856
batch 10300/12592 loss=-5.394826
batch 10350/12592 loss=-15.294164
batch 10400/12592 loss=-14.861715
batch 10450/12592 loss=-11.285313
batch 10500/12592 loss=-22.619404
batch 10550/12592 loss=-22.708412
batch 10600/12592 loss=-19.708675
batch 10650/12592 loss=-16.420380
batch 10700/12592 loss=-24.708090
batch 10750/12592 loss=-20.735119
batch 10800/12592 loss=-11.492879
batch 10850/12592 loss=-8.915762
batch 10900/12592 loss=-6.359639
batch 10950/12592 loss=-9.709677
batch 11000/12592 loss=-18.953691
batch 11050/12592 loss=-20.390558
batch 11100/12592 loss=-20.614395
batch 11150/12592 loss=-12.971580
batch 11200/12592 loss=-9.783836
batch 11250/12592 loss=-14.370502
batch 11300/12592 loss=-14.854572
batch 11350/12592 loss=-11.813984
batch 11400/12592 loss=-23.371376
batch 11450/12592 loss=-17.168682
batch 11500/12592 loss=-8.899632
batch 11550/12592 loss=-20.584763
batch 11600/12592 loss=-6.685589
batch 11650/12592 loss=-17.041334
batch 11700/12592 loss=-18.010891
batch 11750/12592 loss=-9.105335
batch 11800/12592 loss=-17.193062
batch 11850/12592 loss=-10.504457
batch 11900/12592 loss=-9.932854
batch 11950/12592 loss=-17.803787
batch 12000/12592 loss=-17.759031
batch 12050/12592 loss=-17.437983
batch 12100/12592 loss=-17.951519
batch 12150/12592 loss=-10.009418
batch 12200/12592 loss=-13.129671
batch 12250/12592 loss=-16.249290
batch 12300/12592 loss=-18.171879
batch 12350/12592 loss=-17.056673
batch 12400/12592 loss=-10.364526
batch 12450/12592 loss=-14.901173
batch 12500/12592 loss=-16.881546
batch 12550/12592 loss=-19.979595
epoch=15 train_loss=-14.582763 val_loss=-6.154909 minADE=0.465370 minFDE=0.638318 best=-15.128420 patience=6/50
batch 0/12592 loss=-11.498178
batch 50/12592 loss=-16.596905
batch 100/12592 loss=-19.867729
batch 150/12592 loss=-19.695148
batch 200/12592 loss=-19.977566
batch 250/12592 loss=-12.009980
batch 300/12592 loss=-20.412397
batch 350/12592 loss=-25.766211
batch 400/12592 loss=-5.822011
batch 450/12592 loss=-12.637378
batch 500/12592 loss=-16.911339
batch 550/12592 loss=-20.669752
batch 600/12592 loss=-11.260588
batch 650/12592 loss=-7.403227
batch 700/12592 loss=-24.712963
batch 750/12592 loss=-4.821257
batch 800/12592 loss=-11.665693
batch 850/12592 loss=-17.529167
batch 900/12592 loss=-6.239436
batch 950/12592 loss=-10.223543
batch 1000/12592 loss=-17.830738
batch 1050/12592 loss=-12.034311
batch 1100/12592 loss=-14.202323
batch 1150/12592 loss=-22.733076
batch 1200/12592 loss=-15.167313
batch 1250/12592 loss=-9.511139
batch 1300/12592 loss=-16.656273
batch 1350/12592 loss=-20.804390
batch 1400/12592 loss=-11.987577
batch 1450/12592 loss=-16.250607
batch 1500/12592 loss=-7.380747
batch 1550/12592 loss=-16.430376
batch 1600/12592 loss=-23.110397
batch 1650/12592 loss=-8.540412
batch 1700/12592 loss=-15.871483
batch 1750/12592 loss=-11.395375
batch 1800/12592 loss=-11.254560
batch 1850/12592 loss=-20.571697
batch 1900/12592 loss=-9.975405
batch 1950/12592 loss=-14.831927
batch 2000/12592 loss=-11.142576
batch 2050/12592 loss=-15.408650
batch 2100/12592 loss=-15.860788
batch 2150/12592 loss=-14.415792
batch 2200/12592 loss=-13.933393
batch 2250/12592 loss=-17.375130
batch 2300/12592 loss=-15.937981
batch 2350/12592 loss=-13.852646
batch 2400/12592 loss=-18.660942
batch 2450/12592 loss=-12.464732
batch 2500/12592 loss=-14.524356
batch 2550/12592 loss=-21.507256
batch 2600/12592 loss=-17.985682
batch 2650/12592 loss=-19.755196
batch 2700/12592 loss=-11.643729
batch 2750/12592 loss=-22.316578
batch 2800/12592 loss=-14.761913
batch 2850/12592 loss=-16.903553
batch 2900/12592 loss=-7.964016
batch 2950/12592 loss=-26.182350
batch 3000/12592 loss=-14.569666
batch 3050/12592 loss=-30.083923
batch 3100/12592 loss=-15.393904
batch 3150/12592 loss=-6.915043
batch 3200/12592 loss=-22.086758
batch 3250/12592 loss=-22.318157
batch 3300/12592 loss=-10.680615
batch 3350/12592 loss=-7.258636
batch 3400/12592 loss=-7.945288
batch 3450/12592 loss=-9.727400
batch 3500/12592 loss=-13.666631
batch 3550/12592 loss=-13.770144
batch 3600/12592 loss=-13.266123
batch 3650/12592 loss=-19.694914
batch 3700/12592 loss=-14.235731
batch 3750/12592 loss=-16.485754
batch 3800/12592 loss=-22.014076
batch 3850/12592 loss=-8.861942
batch 3900/12592 loss=-15.242323
batch 3950/12592 loss=-9.890867
batch 4000/12592 loss=-17.976795
batch 4050/12592 loss=-20.271164
batch 4100/12592 loss=-13.589132
batch 4150/12592 loss=-15.129024
batch 4200/12592 loss=-13.476478
batch 4250/12592 loss=-25.375248
batch 4300/12592 loss=-13.507427
batch 4350/12592 loss=-8.737427
batch 4400/12592 loss=-18.395796
batch 4450/12592 loss=-6.533210
batch 4500/12592 loss=-15.496872
batch 4550/12592 loss=-19.482025
batch 4600/12592 loss=-11.745905
batch 4650/12592 loss=-19.936562
batch 4700/12592 loss=-17.851559
batch 4750/12592 loss=-12.860004
batch 4800/12592 loss=-15.253328
batch 4850/12592 loss=-20.465561
batch 4900/12592 loss=-16.742920
batch 4950/12592 loss=-22.424206
batch 5000/12592 loss=-21.604755
batch 5050/12592 loss=-17.774006
batch 5100/12592 loss=-15.180383
batch 5150/12592 loss=-17.266747
batch 5200/12592 loss=-13.509439
batch 5250/12592 loss=-12.637592
batch 5300/12592 loss=-14.159409
batch 5350/12592 loss=-16.540342
batch 5400/12592 loss=-20.000189
batch 5450/12592 loss=-14.357348
batch 5500/12592 loss=-4.845833
batch 5550/12592 loss=-12.793216
batch 5600/12592 loss=-21.341541
batch 5650/12592 loss=-11.832193
batch 5700/12592 loss=-8.552080
batch 5750/12592 loss=-16.772663
batch 5800/12592 loss=-5.766499
batch 5850/12592 loss=-24.114616
batch 5900/12592 loss=-13.333481
batch 5950/12592 loss=-17.313313
batch 6000/12592 loss=-13.959198
batch 6050/12592 loss=-17.523823
batch 6100/12592 loss=-6.736092
batch 6150/12592 loss=-8.032807
batch 6200/12592 loss=-13.029932
batch 6250/12592 loss=-13.351844
batch 6300/12592 loss=-13.549397
batch 6350/12592 loss=-10.275709
batch 6400/12592 loss=-14.836135
batch 6450/12592 loss=-11.618649
batch 6500/12592 loss=-21.855181
batch 6550/12592 loss=-9.109309
batch 6600/12592 loss=-16.487316
batch 6650/12592 loss=-19.903856
batch 6700/12592 loss=-16.137100
batch 6750/12592 loss=-2.900357
batch 6800/12592 loss=-4.423589
batch 6850/12592 loss=-13.108637
batch 6900/12592 loss=-13.533520
batch 6950/12592 loss=-22.460220
batch 7000/12592 loss=-13.310355
batch 7050/12592 loss=-18.602654
batch 7100/12592 loss=-18.540623
batch 7150/12592 loss=-14.817672
batch 7200/12592 loss=-10.351665
batch 7250/12592 loss=-11.048554
batch 7300/12592 loss=-18.401991
batch 7350/12592 loss=-7.067249
batch 7400/12592 loss=-21.894732
batch 7450/12592 loss=-20.774672
batch 7500/12592 loss=-10.022085
batch 7550/12592 loss=-6.440133
batch 7600/12592 loss=-5.819034
batch 7650/12592 loss=-17.834875
batch 7700/12592 loss=-8.153735
batch 7750/12592 loss=-18.377987
batch 7800/12592 loss=-18.690304
batch 7850/12592 loss=-14.836775
batch 7900/12592 loss=-11.048858
batch 7950/12592 loss=-11.195353
batch 8000/12592 loss=-19.103844
batch 8050/12592 loss=-16.812702
batch 8100/12592 loss=-20.139145
batch 8150/12592 loss=-25.301409
batch 8200/12592 loss=-14.931906
batch 8250/12592 loss=-19.512272
batch 8300/12592 loss=-6.109632
batch 8350/12592 loss=-17.814417
batch 8400/12592 loss=-23.852491
batch 8450/12592 loss=-21.723724
batch 8500/12592 loss=-13.684050
batch 8550/12592 loss=-20.778194
batch 8600/12592 loss=-10.085321
batch 8650/12592 loss=-8.230637
batch 8700/12592 loss=-18.247517
batch 8750/12592 loss=-17.723444
batch 8800/12592 loss=-13.088376
batch 8850/12592 loss=-19.966671
batch 8900/12592 loss=-13.558003
batch 8950/12592 loss=-8.660587
batch 9000/12592 loss=-13.258825
batch 9050/12592 loss=-1.724454
batch 9100/12592 loss=-6.399194
batch 9150/12592 loss=2.589386
batch 9200/12592 loss=-27.901262
batch 9250/12592 loss=-14.404751
batch 9300/12592 loss=-20.571318
batch 9350/12592 loss=-18.648655
batch 9400/12592 loss=-13.315171
batch 9450/12592 loss=-12.962032
batch 9500/12592 loss=-18.735214
batch 9550/12592 loss=-23.712839
batch 9600/12592 loss=-28.114426
batch 9650/12592 loss=-7.532797
batch 9700/12592 loss=-14.608586
batch 9750/12592 loss=-9.910850
batch 9800/12592 loss=-11.883016
batch 9850/12592 loss=-12.480710
batch 9900/12592 loss=-20.223061
batch 9950/12592 loss=-16.322994
batch 10000/12592 loss=-13.665322
batch 10050/12592 loss=-10.318144
batch 10100/12592 loss=-20.078606
batch 10150/12592 loss=-10.973819
batch 10200/12592 loss=-5.468290
batch 10250/12592 loss=-11.879699
batch 10300/12592 loss=-25.954456
batch 10350/12592 loss=-19.051981
batch 10400/12592 loss=-7.415249
batch 10450/12592 loss=-9.585358
batch 10500/12592 loss=-9.937555
batch 10550/12592 loss=-16.325790
batch 10600/12592 loss=-17.744268
batch 10650/12592 loss=-16.032858
batch 10700/12592 loss=-14.659719
batch 10750/12592 loss=-3.425373
batch 10800/12592 loss=-22.454391
batch 10850/12592 loss=-20.965023
batch 10900/12592 loss=-9.294666
batch 10950/12592 loss=-1.479686
batch 11000/12592 loss=-21.772884
batch 11050/12592 loss=-17.413593
batch 11100/12592 loss=-23.069328
batch 11150/12592 loss=-14.306579
batch 11200/12592 loss=-14.332747
batch 11250/12592 loss=-10.520741
batch 11300/12592 loss=-17.569763
batch 11350/12592 loss=-15.222785
batch 11400/12592 loss=-15.700217
batch 11450/12592 loss=-16.723619
batch 11500/12592 loss=-6.359189
batch 11550/12592 loss=-18.885483
batch 11600/12592 loss=-25.168350
batch 11650/12592 loss=-15.851231
batch 11700/12592 loss=-17.114693
batch 11750/12592 loss=-15.260957
batch 11800/12592 loss=-14.254400
batch 11850/12592 loss=-16.784176
batch 11900/12592 loss=-3.520600
batch 11950/12592 loss=-13.747890
batch 12000/12592 loss=-18.935297
batch 12050/12592 loss=-16.139961
batch 12100/12592 loss=-0.962671
batch 12150/12592 loss=-10.977959
batch 12200/12592 loss=-12.909136
batch 12250/12592 loss=-10.246099
batch 12300/12592 loss=-5.622863
batch 12350/12592 loss=-15.753516
batch 12400/12592 loss=-16.169626
batch 12450/12592 loss=-11.183242
batch 12500/12592 loss=-14.451310
batch 12550/12592 loss=-5.666964
epoch=16 train_loss=-14.749689 val_loss=-17.847860 minADE=0.408738 minFDE=0.578664 best=-17.847860 patience=0/50
batch 0/12592 loss=-18.019596
batch 50/12592 loss=-7.735816
batch 100/12592 loss=-16.526871
batch 150/12592 loss=-19.669296
batch 200/12592 loss=-13.892664
batch 250/12592 loss=-19.493061
batch 300/12592 loss=-16.409576
batch 350/12592 loss=-9.813011
batch 400/12592 loss=-11.929346
batch 450/12592 loss=-17.790607
batch 500/12592 loss=-24.138340
batch 550/12592 loss=-21.040115
batch 600/12592 loss=-14.962499
batch 650/12592 loss=-14.289246
batch 700/12592 loss=-12.502979
batch 750/12592 loss=-15.471400
batch 800/12592 loss=-20.887350
batch 850/12592 loss=-20.827360
batch 900/12592 loss=-11.210253
batch 950/12592 loss=-12.203253
batch 1000/12592 loss=-6.907715
batch 1050/12592 loss=-15.441188
batch 1100/12592 loss=-12.998539
batch 1150/12592 loss=-9.439744
batch 1200/12592 loss=-10.475729
batch 1250/12592 loss=-17.739353
batch 1300/12592 loss=-6.153277
batch 1350/12592 loss=-19.964344
batch 1400/12592 loss=-14.902327
batch 1450/12592 loss=-16.513927
batch 1500/12592 loss=-15.522968
batch 1550/12592 loss=-11.320229
batch 1600/12592 loss=-18.933311
batch 1650/12592 loss=-13.270889
batch 1700/12592 loss=-0.660791
batch 1750/12592 loss=-11.406696
batch 1800/12592 loss=-11.804327
batch 1850/12592 loss=-12.345091
batch 1900/12592 loss=-9.067241
batch 1950/12592 loss=-13.390106
batch 2000/12592 loss=-16.387703
batch 2050/12592 loss=-13.486028
batch 2100/12592 loss=-12.479115
batch 2150/12592 loss=-14.302143
batch 2200/12592 loss=-10.539705
batch 2250/12592 loss=-14.962762
batch 2300/12592 loss=-21.197273
batch 2350/12592 loss=-12.813959
batch 2400/12592 loss=-19.917362
batch 2450/12592 loss=-15.950392
batch 2500/12592 loss=-14.172579
batch 2550/12592 loss=-9.075088
batch 2600/12592 loss=-12.500937
batch 2650/12592 loss=-13.830978
batch 2700/12592 loss=-13.599974
batch 2750/12592 loss=-11.403960
batch 2800/12592 loss=-18.230959
batch 2850/12592 loss=-21.057171
batch 2900/12592 loss=-12.329192
batch 2950/12592 loss=-5.245617
batch 3000/12592 loss=-17.612667
batch 3050/12592 loss=-7.628275
batch 3100/12592 loss=-19.038759
batch 3150/12592 loss=-14.233377
batch 3200/12592 loss=-8.126711
batch 3250/12592 loss=-8.044941
batch 3300/12592 loss=-11.409002
batch 3350/12592 loss=-17.282681
batch 3400/12592 loss=-16.092033
batch 3450/12592 loss=-15.580998
batch 3500/12592 loss=-8.252155
batch 3550/12592 loss=-16.176708
batch 3600/12592 loss=-16.378777
batch 3650/12592 loss=-16.152531
batch 3700/12592 loss=-19.055119
batch 3750/12592 loss=-19.675137
batch 3800/12592 loss=-11.362240
batch 3850/12592 loss=-23.529993
batch 3900/12592 loss=-10.640718
batch 3950/12592 loss=-19.567465
batch 4000/12592 loss=-21.289440
batch 4050/12592 loss=-18.567366
batch 4100/12592 loss=-17.388962
batch 4150/12592 loss=-20.078741
batch 4200/12592 loss=-14.374773
batch 4250/12592 loss=-9.924406
batch 4300/12592 loss=-17.149538
batch 4350/12592 loss=-20.832750
batch 4400/12592 loss=-14.567194
batch 4450/12592 loss=-7.723470
batch 4500/12592 loss=-23.483383
batch 4550/12592 loss=-17.557850
batch 4600/12592 loss=-8.624364
batch 4650/12592 loss=-24.698067
batch 4700/12592 loss=-10.893510
batch 4750/12592 loss=-12.973694
batch 4800/12592 loss=-23.643795
batch 4850/12592 loss=-19.095047
batch 4900/12592 loss=-21.391335
batch 4950/12592 loss=-19.458090
batch 5000/12592 loss=-18.950638
batch 5050/12592 loss=-18.917057
batch 5100/12592 loss=-16.904514
batch 5150/12592 loss=-12.244441
batch 5200/12592 loss=-10.384024
batch 5250/12592 loss=-17.226639
batch 5300/12592 loss=-13.208637
batch 5350/12592 loss=-23.872475
batch 5400/12592 loss=-26.639116
batch 5450/12592 loss=-13.019545
batch 5500/12592 loss=-8.124400
batch 5550/12592 loss=-20.972973
batch 5600/12592 loss=-10.723206
batch 5650/12592 loss=-12.865419
batch 5700/12592 loss=-12.860327
batch 5750/12592 loss=-10.228291
batch 5800/12592 loss=-12.741271
batch 5850/12592 loss=-9.343260
batch 5900/12592 loss=-15.853127
batch 5950/12592 loss=-6.242802
batch 6000/12592 loss=-11.179935
batch 6050/12592 loss=-10.484930
batch 6100/12592 loss=-8.811957
batch 6150/12592 loss=-19.613325
batch 6200/12592 loss=-19.094667
batch 6250/12592 loss=-16.532282
batch 6300/12592 loss=-17.871681
batch 6350/12592 loss=-9.361973
batch 6400/12592 loss=-21.910015
batch 6450/12592 loss=-4.345177
batch 6500/12592 loss=-18.461288
batch 6550/12592 loss=-11.021196
batch 6600/12592 loss=-20.322538
batch 6650/12592 loss=-7.278806
batch 6700/12592 loss=-24.580990
batch 6750/12592 loss=-15.094742
batch 6800/12592 loss=-19.488159
batch 6850/12592 loss=-15.435044
batch 6900/12592 loss=-8.631869
batch 6950/12592 loss=-3.862757
batch 7000/12592 loss=-12.979126
batch 7050/12592 loss=-23.101837
batch 7100/12592 loss=-14.549292
batch 7150/12592 loss=-18.927319
batch 7200/12592 loss=-14.311937
batch 7250/12592 loss=-20.456038
batch 7300/12592 loss=-17.345707
batch 7350/12592 loss=-5.023520
batch 7400/12592 loss=-9.266968
batch 7450/12592 loss=-12.066231
batch 7500/12592 loss=-15.492579
batch 7550/12592 loss=-11.669874
batch 7600/12592 loss=-3.651992
batch 7650/12592 loss=-3.855385
batch 7700/12592 loss=-14.426756
batch 7750/12592 loss=-11.287693
batch 7800/12592 loss=-22.033009
batch 7850/12592 loss=-13.125176
batch 7900/12592 loss=-14.725881
batch 7950/12592 loss=-14.057987
batch 8000/12592 loss=-13.053137
batch 8050/12592 loss=-11.285048
batch 8100/12592 loss=-14.126942
batch 8150/12592 loss=-15.015043
batch 8200/12592 loss=-6.302344
batch 8250/12592 loss=-17.786047
batch 8300/12592 loss=-4.808854
batch 8350/12592 loss=-5.351606
batch 8400/12592 loss=-18.678049
batch 8450/12592 loss=-19.141642
batch 8500/12592 loss=-12.198498
batch 8550/12592 loss=-22.133137
batch 8600/12592 loss=-25.573387
batch 8650/12592 loss=-17.791920
batch 8700/12592 loss=-13.030351
batch 8750/12592 loss=-1.970521
batch 8800/12592 loss=-17.987133
batch 8850/12592 loss=-14.604357
batch 8900/12592 loss=-12.414486
batch 8950/12592 loss=-22.102783
batch 9000/12592 loss=-11.387106
batch 9050/12592 loss=-8.444566
batch 9100/12592 loss=-19.326197
batch 9150/12592 loss=-17.143127
batch 9200/12592 loss=-10.156199
batch 9250/12592 loss=-15.706232
batch 9300/12592 loss=-14.683575
batch 9350/12592 loss=-24.798197
batch 9400/12592 loss=-9.599028
batch 9450/12592 loss=-23.332991
batch 9500/12592 loss=-26.420015
batch 9550/12592 loss=-10.458084
batch 9600/12592 loss=-14.419138
batch 9650/12592 loss=-20.980125
batch 9700/12592 loss=-14.691442
batch 9750/12592 loss=-4.501444
batch 9800/12592 loss=-15.691124
batch 9850/12592 loss=-21.779915
batch 9900/12592 loss=-9.465552
batch 9950/12592 loss=-12.989344
batch 10000/12592 loss=-20.407360
batch 10050/12592 loss=-5.900594
batch 10100/12592 loss=-22.451185
batch 10150/12592 loss=-8.961082
batch 10200/12592 loss=-11.272678
batch 10250/12592 loss=-18.552317
batch 10300/12592 loss=-18.860329
batch 10350/12592 loss=-13.640282
batch 10400/12592 loss=-22.551125
batch 10450/12592 loss=-14.073146
batch 10500/12592 loss=-19.436924
batch 10550/12592 loss=-12.569229
batch 10600/12592 loss=-13.762655
batch 10650/12592 loss=-16.950706
batch 10700/12592 loss=-15.381289
batch 10750/12592 loss=-10.854429
batch 10800/12592 loss=-10.513657
batch 10850/12592 loss=-13.173011
batch 10900/12592 loss=-17.870754
batch 10950/12592 loss=-17.445446
batch 11000/12592 loss=-18.698456
batch 11050/12592 loss=-4.802795
batch 11100/12592 loss=-14.845334
batch 11150/12592 loss=-13.117776
batch 11200/12592 loss=-12.559907
batch 11250/12592 loss=1.477662
batch 11300/12592 loss=-11.339050
batch 11350/12592 loss=-17.025984
batch 11400/12592 loss=-14.399601
batch 11450/12592 loss=-20.218300
batch 11500/12592 loss=-9.905640
batch 11550/12592 loss=-17.250172
batch 11600/12592 loss=-14.970055
batch 11650/12592 loss=-20.095589
batch 11700/12592 loss=-14.632025
batch 11750/12592 loss=-11.362695
batch 11800/12592 loss=-25.011402
batch 11850/12592 loss=-2.215488
batch 11900/12592 loss=-21.154608
batch 11950/12592 loss=-16.775429
batch 12000/12592 loss=-18.818153
batch 12050/12592 loss=-13.975403
batch 12100/12592 loss=-12.687386
batch 12150/12592 loss=-14.062914
batch 12200/12592 loss=-12.301662
batch 12250/12592 loss=-14.344755
batch 12300/12592 loss=-17.839815
batch 12350/12592 loss=-16.879999
batch 12400/12592 loss=-13.148831
batch 12450/12592 loss=-21.416759
batch 12500/12592 loss=-17.984335
batch 12550/12592 loss=-15.906801
epoch=17 train_loss=-14.410434 val_loss=-17.113510 minADE=0.418146 minFDE=0.580944 best=-17.847860 patience=1/50
batch 0/12592 loss=-15.267388
batch 50/12592 loss=-3.552317
batch 100/12592 loss=-19.167530
batch 150/12592 loss=-13.773346
batch 200/12592 loss=-20.446695
batch 250/12592 loss=-5.376031
batch 300/12592 loss=-16.298035
batch 350/12592 loss=-24.055552
batch 400/12592 loss=-24.762974
batch 450/12592 loss=-12.713585
batch 500/12592 loss=-21.070923
batch 550/12592 loss=-20.326378
batch 600/12592 loss=-15.455965
batch 650/12592 loss=-14.551156
batch 700/12592 loss=-27.535200
batch 750/12592 loss=-11.605687
batch 800/12592 loss=-20.166918
batch 850/12592 loss=-18.837412
batch 900/12592 loss=-9.766685
batch 950/12592 loss=-12.565802
batch 1000/12592 loss=-11.253986
batch 1050/12592 loss=-15.957889
batch 1100/12592 loss=-15.730661
batch 1150/12592 loss=-19.353386
batch 1200/12592 loss=-16.281898
batch 1250/12592 loss=-16.396290
batch 1300/12592 loss=-11.475596
batch 1350/12592 loss=-22.857689
batch 1400/12592 loss=-12.821451
batch 1450/12592 loss=-2.500072
batch 1500/12592 loss=-11.633541
batch 1550/12592 loss=-15.868915
batch 1600/12592 loss=-16.902403
batch 1650/12592 loss=-17.185289
batch 1700/12592 loss=-10.892009
batch 1750/12592 loss=-15.901147
batch 1800/12592 loss=-13.890948
batch 1850/12592 loss=-9.380211
batch 1900/12592 loss=-9.528027
batch 1950/12592 loss=-16.346088
batch 2000/12592 loss=-13.102427
batch 2050/12592 loss=-14.841776
batch 2100/12592 loss=-16.332941
batch 2150/12592 loss=-5.993732
batch 2200/12592 loss=-19.167820
batch 2250/12592 loss=-16.591482
batch 2300/12592 loss=-15.533878
batch 2350/12592 loss=-10.915419
batch 2400/12592 loss=-10.262944
batch 2450/12592 loss=-21.807108
batch 2500/12592 loss=-22.388462
batch 2550/12592 loss=-24.364851
batch 2600/12592 loss=-15.057560
batch 2650/12592 loss=-11.850695
batch 2700/12592 loss=-11.742140
batch 2750/12592 loss=-26.314468
batch 2800/12592 loss=-3.374952
batch 2850/12592 loss=-11.461762
batch 2900/12592 loss=-16.090229
batch 2950/12592 loss=-20.854300
batch 3000/12592 loss=-16.716991
batch 3050/12592 loss=-15.403078
batch 3100/12592 loss=-12.116076
batch 3150/12592 loss=-10.583196
batch 3200/12592 loss=-23.211725
batch 3250/12592 loss=-14.720381
batch 3300/12592 loss=-10.786583
batch 3350/12592 loss=-12.082420
batch 3400/12592 loss=-11.494347
batch 3450/12592 loss=-21.273285
batch 3500/12592 loss=-8.522097
batch 3550/12592 loss=-17.441742
batch 3600/12592 loss=-26.093134
batch 3650/12592 loss=-20.144032
batch 3700/12592 loss=-8.215652
batch 3750/12592 loss=-2.914499
batch 3800/12592 loss=-21.333435
batch 3850/12592 loss=-18.404078
batch 3900/12592 loss=-11.792974
batch 3950/12592 loss=-1.317743
batch 4000/12592 loss=-11.496333
batch 4050/12592 loss=-7.866519
batch 4100/12592 loss=-15.396495
batch 4150/12592 loss=-1.838490
batch 4200/12592 loss=-18.103596
batch 4250/12592 loss=-9.801681
batch 4300/12592 loss=-12.244946
batch 4350/12592 loss=-11.862245
batch 4400/12592 loss=-19.837765
batch 4450/12592 loss=-11.809618
batch 4500/12592 loss=-18.190216
batch 4550/12592 loss=-7.425982
batch 4600/12592 loss=-13.348225
batch 4650/12592 loss=-19.888107
batch 4700/12592 loss=-13.009601
batch 4750/12592 loss=-18.563847
batch 4800/12592 loss=-10.460114
batch 4850/12592 loss=-9.154609
batch 4900/12592 loss=-22.319471
batch 4950/12592 loss=0.789280
batch 5000/12592 loss=-14.474850
batch 5050/12592 loss=-11.514714
batch 5100/12592 loss=-20.343416
batch 5150/12592 loss=-10.590391
batch 5200/12592 loss=-11.258245
batch 5250/12592 loss=-13.445353
batch 5300/12592 loss=-18.284384
batch 5350/12592 loss=-20.523300
batch 5400/12592 loss=-13.806767
batch 5450/12592 loss=-3.965358
batch 5500/12592 loss=-16.534298
batch 5550/12592 loss=-16.505589
batch 5600/12592 loss=-12.035045
batch 5650/12592 loss=-12.664158
batch 5700/12592 loss=-15.306135
batch 5750/12592 loss=-13.314466
batch 5800/12592 loss=-13.296511
batch 5850/12592 loss=-16.123249
batch 5900/12592 loss=-23.853020
batch 5950/12592 loss=-6.805528
batch 6000/12592 loss=-7.943795
batch 6050/12592 loss=-10.254164
batch 6100/12592 loss=-13.485978
batch 6150/12592 loss=-14.541979
batch 6200/12592 loss=-13.484223
batch 6250/12592 loss=-16.877039
batch 6300/12592 loss=-13.113253
batch 6350/12592 loss=-15.593456
batch 6400/12592 loss=-16.884853
batch 6450/12592 loss=-8.627468
batch 6500/12592 loss=-11.259908
batch 6550/12592 loss=-21.090153
batch 6600/12592 loss=-14.735204
batch 6650/12592 loss=-8.305203
batch 6700/12592 loss=-19.425558
batch 6750/12592 loss=-18.028828
batch 6800/12592 loss=-26.997742
batch 6850/12592 loss=-13.951230
batch 6900/12592 loss=-24.044945
batch 6950/12592 loss=-6.724729
batch 7000/12592 loss=-17.391300
batch 7050/12592 loss=-22.979626
batch 7100/12592 loss=-24.252300
batch 7150/12592 loss=-16.331978
batch 7200/12592 loss=-20.633461
batch 7250/12592 loss=-14.119381
batch 7300/12592 loss=-17.091793
batch 7350/12592 loss=-4.846725
batch 7400/12592 loss=-11.877417
batch 7450/12592 loss=-10.933150
batch 7500/12592 loss=-8.869061
batch 7550/12592 loss=-14.023087
batch 7600/12592 loss=-11.026298
batch 7650/12592 loss=-21.254448
batch 7700/12592 loss=-14.687292
batch 7750/12592 loss=-21.614613
batch 7800/12592 loss=-9.328559
batch 7850/12592 loss=-6.206824
batch 7900/12592 loss=-15.525279
batch 7950/12592 loss=-13.970060
batch 8000/12592 loss=-16.373835
batch 8050/12592 loss=-14.571203
batch 8100/12592 loss=-9.183191
batch 8150/12592 loss=-17.513777
batch 8200/12592 loss=-7.375916
batch 8250/12592 loss=-9.823158
batch 8300/12592 loss=-8.142176
batch 8350/12592 loss=-13.350178
batch 8400/12592 loss=-7.885145
batch 8450/12592 loss=-16.301819
batch 8500/12592 loss=-13.917907
batch 8550/12592 loss=-14.151529
batch 8600/12592 loss=-11.264956
batch 8650/12592 loss=-13.470272
batch 8700/12592 loss=-15.732121
batch 8750/12592 loss=-5.988812
batch 8800/12592 loss=-6.082697
batch 8850/12592 loss=-19.545443
batch 8900/12592 loss=-15.464329
batch 8950/12592 loss=-15.396559
batch 9000/12592 loss=-2.757617
batch 9050/12592 loss=-19.929895
batch 9100/12592 loss=-15.141979
batch 9150/12592 loss=-19.019382
batch 9200/12592 loss=-9.971064
batch 9250/12592 loss=-13.795398
batch 9300/12592 loss=-21.282125
batch 9350/12592 loss=-11.150522
batch 9400/12592 loss=-10.809467
batch 9450/12592 loss=-21.197737
batch 9500/12592 loss=-10.465076
batch 9550/12592 loss=-15.099067
batch 9600/12592 loss=-17.215811
batch 9650/12592 loss=-12.472683
batch 9700/12592 loss=-21.284943
batch 9750/12592 loss=-16.065159
batch 9800/12592 loss=-12.156013
batch 9850/12592 loss=-15.415074
batch 9900/12592 loss=-19.479099
batch 9950/12592 loss=-17.908859
batch 10000/12592 loss=-16.770390
batch 10050/12592 loss=-3.388040
batch 10100/12592 loss=-9.894053
batch 10150/12592 loss=-21.383972
batch 10200/12592 loss=-17.914558
batch 10250/12592 loss=-17.191601
batch 10300/12592 loss=-12.213987
batch 10350/12592 loss=-11.598927
batch 10400/12592 loss=-15.711043
batch 10450/12592 loss=-18.727110
batch 10500/12592 loss=-21.307453
batch 10550/12592 loss=-17.800667
batch 10600/12592 loss=-16.717464
batch 10650/12592 loss=-13.296124
batch 10700/12592 loss=-22.804241
batch 10750/12592 loss=-9.565145
batch 10800/12592 loss=-15.552845
batch 10850/12592 loss=-18.184635
batch 10900/12592 loss=-14.907866
batch 10950/12592 loss=-12.825334
batch 11000/12592 loss=-12.685299
batch 11050/12592 loss=-12.436939
batch 11100/12592 loss=-17.548103
batch 11150/12592 loss=-13.789818
batch 11200/12592 loss=-18.508747
batch 11250/12592 loss=-20.038445
batch 11300/12592 loss=-21.076611
batch 11350/12592 loss=-16.029743
batch 11400/12592 loss=-14.968239
batch 11450/12592 loss=-20.050142
batch 11500/12592 loss=-14.516627
batch 11550/12592 loss=-18.454580
batch 11600/12592 loss=-15.252314
batch 11650/12592 loss=-11.181167
batch 11700/12592 loss=-11.591605
batch 11750/12592 loss=-19.220024
batch 11800/12592 loss=-19.764936
batch 11850/12592 loss=-14.251348
batch 11900/12592 loss=-8.344057
batch 11950/12592 loss=-17.265236
batch 12000/12592 loss=-29.281902
batch 12050/12592 loss=-17.097376
batch 12100/12592 loss=-7.397278
batch 12150/12592 loss=-18.097404
batch 12200/12592 loss=0.187720
batch 12250/12592 loss=-17.191860
batch 12300/12592 loss=-12.682079
batch 12350/12592 loss=-22.593971
batch 12400/12592 loss=-24.617903
batch 12450/12592 loss=-13.005355
batch 12500/12592 loss=-10.484216
batch 12550/12592 loss=-9.731460
epoch=18 train_loss=-14.483469 val_loss=-12.603355 minADE=0.439063 minFDE=0.596191 best=-17.847860 patience=2/50
batch 0/12592 loss=-8.241055
batch 50/12592 loss=-15.777674
batch 100/12592 loss=-15.620111
batch 150/12592 loss=-16.555054
batch 200/12592 loss=-14.752134
batch 250/12592 loss=-7.884862
batch 300/12592 loss=-8.594920
batch 350/12592 loss=-12.334467
batch 400/12592 loss=-14.729908
batch 450/12592 loss=-9.460168
batch 500/12592 loss=-19.602085
batch 550/12592 loss=-12.638751
batch 600/12592 loss=-10.110321
batch 650/12592 loss=-12.224285
batch 700/12592 loss=-11.716249
batch 750/12592 loss=-11.583952
batch 800/12592 loss=-12.487968
batch 850/12592 loss=-8.411664
batch 900/12592 loss=-25.225548
batch 950/12592 loss=-8.009894
batch 1000/12592 loss=-19.008783
batch 1050/12592 loss=-22.429932
batch 1100/12592 loss=-17.572275
batch 1150/12592 loss=-17.250488
batch 1200/12592 loss=-12.401475
batch 1250/12592 loss=-22.151161
batch 1300/12592 loss=-13.458953
batch 1350/12592 loss=-15.774776
batch 1400/12592 loss=-14.479722
batch 1450/12592 loss=-13.144468
batch 1500/12592 loss=-9.981960
batch 1550/12592 loss=-10.401193
batch 1600/12592 loss=-17.295361
batch 1650/12592 loss=-13.587513
batch 1700/12592 loss=-11.649539
batch 1750/12592 loss=-18.598562
batch 1800/12592 loss=-17.647942
batch 1850/12592 loss=-8.927692
batch 1900/12592 loss=-16.231874
batch 1950/12592 loss=-21.598610
batch 2000/12592 loss=-8.576503
batch 2050/12592 loss=-12.319774
batch 2100/12592 loss=-21.309427
batch 2150/12592 loss=-18.099556
batch 2200/12592 loss=-16.373148
batch 2250/12592 loss=-15.986569
batch 2300/12592 loss=-18.037848
batch 2350/12592 loss=-13.647630
batch 2400/12592 loss=-21.857906
batch 2450/12592 loss=-10.924692
batch 2500/12592 loss=-16.441431
batch 2550/12592 loss=-20.871695
batch 2600/12592 loss=-20.626183
batch 2650/12592 loss=-13.679408
batch 2700/12592 loss=-14.864043
batch 2750/12592 loss=-20.667412
batch 2800/12592 loss=-21.312469
batch 2850/12592 loss=-10.544501
batch 2900/12592 loss=-10.887457
batch 2950/12592 loss=2.145497
batch 3000/12592 loss=-14.906155
batch 3050/12592 loss=-15.060836
batch 3100/12592 loss=-19.525906
batch 3150/12592 loss=-21.267857
batch 3200/12592 loss=-10.469769
batch 3250/12592 loss=-2.053462
batch 3300/12592 loss=-15.487099
batch 3350/12592 loss=-17.252882
batch 3400/12592 loss=-22.796331
batch 3450/12592 loss=-15.790007
batch 3500/12592 loss=-13.171865
batch 3550/12592 loss=-12.856481
batch 3600/12592 loss=-19.205208
batch 3650/12592 loss=-18.945623
batch 3700/12592 loss=-19.829144
batch 3750/12592 loss=-20.706591
batch 3800/12592 loss=-16.701561
batch 3850/12592 loss=-18.701870
batch 3900/12592 loss=-13.606234
batch 3950/12592 loss=-13.880181
batch 4000/12592 loss=-5.758830
batch 4050/12592 loss=-18.816586
batch 4100/12592 loss=-12.959745
batch 4150/12592 loss=-7.865392
batch 4200/12592 loss=-19.989319
batch 4250/12592 loss=-16.600334
batch 4300/12592 loss=-20.415892
batch 4350/12592 loss=-20.929840
batch 4400/12592 loss=-16.941549
batch 4450/12592 loss=-11.610056
batch 4500/12592 loss=-27.061878
batch 4550/12592 loss=-15.685078
batch 4600/12592 loss=-12.505758
batch 4650/12592 loss=-13.591365
batch 4700/12592 loss=-12.583851
batch 4750/12592 loss=-20.135870
batch 4800/12592 loss=-9.077710
batch 4850/12592 loss=-21.728699
batch 4900/12592 loss=-17.265833
batch 4950/12592 loss=-25.196453
batch 5000/12592 loss=-8.151358
batch 5050/12592 loss=-12.726137
batch 5100/12592 loss=-18.628740
batch 5150/12592 loss=-23.031822
batch 5200/12592 loss=-15.241455
batch 5250/12592 loss=-12.509951
batch 5300/12592 loss=-17.614410
batch 5350/12592 loss=-3.107780
batch 5400/12592 loss=-16.188681
batch 5450/12592 loss=-14.811152
batch 5500/12592 loss=-8.132476
batch 5550/12592 loss=-8.593403
batch 5600/12592 loss=-16.214886
batch 5650/12592 loss=-14.050311
batch 5700/12592 loss=-6.599709
batch 5750/12592 loss=-19.484131
batch 5800/12592 loss=-14.869316
batch 5850/12592 loss=-10.356848
batch 5900/12592 loss=-19.877975
batch 5950/12592 loss=-10.656033
batch 6000/12592 loss=-6.997950
batch 6050/12592 loss=-7.737376
batch 6100/12592 loss=-12.768770
batch 6150/12592 loss=-10.888771
batch 6200/12592 loss=-17.503616
batch 6250/12592 loss=-7.536663
batch 6300/12592 loss=-7.715475
batch 6350/12592 loss=-11.735676
batch 6400/12592 loss=-14.057593
batch 6450/12592 loss=-8.248265
batch 6500/12592 loss=-19.253586
batch 6550/12592 loss=-17.471277
batch 6600/12592 loss=-16.371195
batch 6650/12592 loss=-19.513988
batch 6700/12592 loss=1.862166
batch 6750/12592 loss=-12.989912
batch 6800/12592 loss=-13.147360
batch 6850/12592 loss=-9.023367
batch 6900/12592 loss=2.982784
batch 6950/12592 loss=-15.022798
batch 7000/12592 loss=-21.417664
batch 7050/12592 loss=-5.498958
batch 7100/12592 loss=-11.767271
batch 7150/12592 loss=-8.357197
batch 7200/12592 loss=-13.690361
batch 7250/12592 loss=-10.785861
batch 7300/12592 loss=-10.258030
batch 7350/12592 loss=-12.962498
batch 7400/12592 loss=-13.429887
batch 7450/12592 loss=-14.960808
batch 7500/12592 loss=-6.619771
batch 7550/12592 loss=-14.511095
batch 7600/12592 loss=-3.358787
batch 7650/12592 loss=-6.068169
batch 7700/12592 loss=-18.165154
batch 7750/12592 loss=-16.169468
batch 7800/12592 loss=-18.281885
batch 7850/12592 loss=-17.520033
batch 7900/12592 loss=-10.546139
batch 7950/12592 loss=-16.700821
batch 8000/12592 loss=-12.964996
batch 8050/12592 loss=-17.327766
batch 8100/12592 loss=-7.140695
batch 8150/12592 loss=-26.579792
batch 8200/12592 loss=-11.235617
batch 8250/12592 loss=-18.031540
batch 8300/12592 loss=-6.516335
batch 8350/12592 loss=-13.602173
batch 8400/12592 loss=-12.038061
batch 8450/12592 loss=-12.268984
batch 8500/12592 loss=-17.300529
batch 8550/12592 loss=-13.716164
batch 8600/12592 loss=-18.338533
batch 8650/12592 loss=-17.773691
batch 8700/12592 loss=-19.453045
batch 8750/12592 loss=-14.386248
batch 8800/12592 loss=-16.123642
batch 8850/12592 loss=-11.207945
batch 8900/12592 loss=-22.708527
batch 8950/12592 loss=-15.433657
batch 9000/12592 loss=-16.651598
batch 9050/12592 loss=-15.371162
batch 9100/12592 loss=-9.608513
batch 9150/12592 loss=-17.631817
batch 9200/12592 loss=-9.416506
batch 9250/12592 loss=-14.447871
batch 9300/12592 loss=-22.480297
batch 9350/12592 loss=-18.823313
batch 9400/12592 loss=-14.794476
batch 9450/12592 loss=-12.810061
batch 9500/12592 loss=-15.813774
batch 9550/12592 loss=-3.728303
batch 9600/12592 loss=-14.051021
batch 9650/12592 loss=-9.755153
batch 9700/12592 loss=-19.728329
batch 9750/12592 loss=-21.534969
batch 9800/12592 loss=-10.521736
batch 9850/12592 loss=-15.077488
batch 9900/12592 loss=-12.539722
batch 9950/12592 loss=-19.701027
batch 10000/12592 loss=-20.702995
batch 10050/12592 loss=-11.754203
batch 10100/12592 loss=-12.435891
batch 10150/12592 loss=-18.360703
batch 10200/12592 loss=-17.499475
batch 10250/12592 loss=-12.039402
batch 10300/12592 loss=-13.575186
batch 10350/12592 loss=-21.791101
batch 10400/12592 loss=-7.958323
batch 10450/12592 loss=-12.455956
batch 10500/12592 loss=-28.575462
batch 10550/12592 loss=-14.623745
batch 10600/12592 loss=-18.023972
batch 10650/12592 loss=-17.612009
batch 10700/12592 loss=-19.751577
batch 10750/12592 loss=-8.248293
batch 10800/12592 loss=-21.145161
batch 10850/12592 loss=-10.693335
batch 10900/12592 loss=-18.821762
batch 10950/12592 loss=-20.432102
batch 11000/12592 loss=-18.094776
batch 11050/12592 loss=-26.335886
batch 11100/12592 loss=-8.855324
batch 11150/12592 loss=-7.441007
batch 11200/12592 loss=-13.604315
batch 11250/12592 loss=-3.223750
batch 11300/12592 loss=-21.145741
batch 11350/12592 loss=-14.996626
batch 11400/12592 loss=-4.081297
batch 11450/12592 loss=-22.771093
batch 11500/12592 loss=-7.717711
batch 11550/12592 loss=-16.219545
batch 11600/12592 loss=-14.477072
batch 11650/12592 loss=-19.022667
batch 11700/12592 loss=-12.768641
batch 11750/12592 loss=-20.023083
batch 11800/12592 loss=-24.668661
batch 11850/12592 loss=-15.767864
batch 11900/12592 loss=-21.731636
batch 11950/12592 loss=-13.077351
batch 12000/12592 loss=-16.736546
batch 12050/12592 loss=-19.069267
batch 12100/12592 loss=-13.045894
batch 12150/12592 loss=-19.954893
batch 12200/12592 loss=-8.920481
batch 12250/12592 loss=-10.380057
batch 12300/12592 loss=-12.961567
batch 12350/12592 loss=-5.332414
batch 12400/12592 loss=-14.573891
batch 12450/12592 loss=-11.233650
batch 12500/12592 loss=-13.526100
batch 12550/12592 loss=-15.300879
epoch=19 train_loss=-14.780092 val_loss=-9.299281 minADE=0.499683 minFDE=0.682855 best=-17.847860 patience=3/50
batch 0/12592 loss=-3.248759
batch 50/12592 loss=-11.303446
batch 100/12592 loss=-19.152153
batch 150/12592 loss=-17.004044
batch 200/12592 loss=-12.965744
batch 250/12592 loss=-11.175309
batch 300/12592 loss=-25.255043
batch 350/12592 loss=-21.655460
batch 400/12592 loss=-7.356353
batch 450/12592 loss=-19.763985
batch 500/12592 loss=-12.037006
batch 550/12592 loss=-15.174503
batch 600/12592 loss=-22.896065
batch 650/12592 loss=-5.492200
batch 700/12592 loss=-16.844765
batch 750/12592 loss=0.311644
batch 800/12592 loss=-3.853253
batch 850/12592 loss=-3.755888
batch 900/12592 loss=-20.297739
batch 950/12592 loss=-16.453054
batch 1000/12592 loss=-23.026901
batch 1050/12592 loss=-17.849989
batch 1100/12592 loss=-13.307321
batch 1150/12592 loss=-12.835135
batch 1200/12592 loss=-13.455554
batch 1250/12592 loss=-15.047924
batch 1300/12592 loss=-15.949997
batch 1350/12592 loss=-26.398819
batch 1400/12592 loss=-10.984311
batch 1450/12592 loss=-18.692646
batch 1500/12592 loss=-17.512184
batch 1550/12592 loss=-13.855105
batch 1600/12592 loss=-14.007990
batch 1650/12592 loss=-12.823703
batch 1700/12592 loss=-19.414646
batch 1750/12592 loss=-10.847763
batch 1800/12592 loss=-16.617382
batch 1850/12592 loss=-14.857024
batch 1900/12592 loss=-18.970909
batch 1950/12592 loss=-16.109344
batch 2000/12592 loss=-9.606281
batch 2050/12592 loss=-6.712745
batch 2100/12592 loss=-17.179632
batch 2150/12592 loss=-14.539577
batch 2200/12592 loss=-19.240978
batch 2250/12592 loss=-15.916589
batch 2300/12592 loss=-18.248251
batch 2350/12592 loss=-20.429207
batch 2400/12592 loss=-17.297312
batch 2450/12592 loss=-17.483229
batch 2500/12592 loss=-11.440847
batch 2550/12592 loss=-8.762032
batch 2600/12592 loss=-9.426997
batch 2650/12592 loss=-17.931030
batch 2700/12592 loss=-14.638521
batch 2750/12592 loss=-19.411377
batch 2800/12592 loss=-11.950160
batch 2850/12592 loss=-16.777710
batch 2900/12592 loss=-18.768669
batch 2950/12592 loss=-20.060476
batch 3000/12592 loss=-16.759706
batch 3050/12592 loss=-8.898598
batch 3100/12592 loss=-13.611235
batch 3150/12592 loss=-12.855219
batch 3200/12592 loss=-16.776552
batch 3250/12592 loss=-17.096487
batch 3300/12592 loss=-1.169453
batch 3350/12592 loss=-7.390912
batch 3400/12592 loss=-14.944567
batch 3450/12592 loss=-17.709795
batch 3500/12592 loss=-11.776980
batch 3550/12592 loss=-12.327311
batch 3600/12592 loss=-11.944425
batch 3650/12592 loss=-13.723289
batch 3700/12592 loss=-19.202209
batch 3750/12592 loss=-12.865166
batch 3800/12592 loss=-16.648413
batch 3850/12592 loss=-15.963493
batch 3900/12592 loss=-11.162612
batch 3950/12592 loss=-10.018389
batch 4000/12592 loss=-6.694747
batch 4050/12592 loss=-3.654281
batch 4100/12592 loss=-15.410994
batch 4150/12592 loss=-10.599678
batch 4200/12592 loss=-13.453461
batch 4250/12592 loss=-13.265288
batch 4300/12592 loss=-14.956044
batch 4350/12592 loss=-21.279387
batch 4400/12592 loss=-18.391556
batch 4450/12592 loss=-2.855297
batch 4500/12592 loss=-21.035736
batch 4550/12592 loss=-19.340103
batch 4600/12592 loss=-20.544430
batch 4650/12592 loss=-14.606933
batch 4700/12592 loss=-15.215979
batch 4750/12592 loss=-17.270630
batch 4800/12592 loss=-12.618547
batch 4850/12592 loss=-18.315449
batch 4900/12592 loss=-18.252453
batch 4950/12592 loss=-9.138519
batch 5000/12592 loss=-12.415073
batch 5050/12592 loss=-2.821441
batch 5100/12592 loss=-16.539618
batch 5150/12592 loss=-17.405022
batch 5200/12592 loss=-12.448701
batch 5250/12592 loss=-13.941053
batch 5300/12592 loss=-23.257767
batch 5350/12592 loss=-15.795422
batch 5400/12592 loss=-11.373774
batch 5450/12592 loss=-10.121524
batch 5500/12592 loss=-5.953562
batch 5550/12592 loss=-20.233730
batch 5600/12592 loss=-23.660515
batch 5650/12592 loss=-18.693283
batch 5700/12592 loss=-7.703392
batch 5750/12592 loss=-18.640732
batch 5800/12592 loss=-16.401020
batch 5850/12592 loss=-21.018440
batch 5900/12592 loss=-14.013075
batch 5950/12592 loss=-11.248819
batch 6000/12592 loss=-6.526395
batch 6050/12592 loss=-11.905561
batch 6100/12592 loss=-19.394106
batch 6150/12592 loss=-17.994511
batch 6200/12592 loss=-23.474022
batch 6250/12592 loss=-16.015446
batch 6300/12592 loss=-13.532433
batch 6350/12592 loss=-10.081202
batch 6400/12592 loss=-16.012169
batch 6450/12592 loss=-16.889580
batch 6500/12592 loss=-8.871266
batch 6550/12592 loss=-14.341710
batch 6600/12592 loss=-13.456367
batch 6650/12592 loss=-7.983075
batch 6700/12592 loss=-9.670123
batch 6750/12592 loss=-15.427252
batch 6800/12592 loss=-10.011238
batch 6850/12592 loss=-10.489790
batch 6900/12592 loss=-9.863941
batch 6950/12592 loss=-17.602427
batch 7000/12592 loss=-21.866379
batch 7050/12592 loss=-9.740312
batch 7100/12592 loss=-15.513478
batch 7150/12592 loss=-15.861822
batch 7200/12592 loss=-9.239672
batch 7250/12592 loss=-8.917700
batch 7300/12592 loss=-7.424233
batch 7350/12592 loss=-15.741469
batch 7400/12592 loss=-11.291330
batch 7450/12592 loss=-9.273930
batch 7500/12592 loss=-12.329695
batch 7550/12592 loss=-16.278578
batch 7600/12592 loss=-7.495779
batch 7650/12592 loss=-21.466856
batch 7700/12592 loss=-10.348405
batch 7750/12592 loss=-21.849091
batch 7800/12592 loss=-10.849165
batch 7850/12592 loss=-11.998798
batch 7900/12592 loss=-13.719196
batch 7950/12592 loss=-23.397074
batch 8000/12592 loss=-10.922345
batch 8050/12592 loss=-15.478601
batch 8100/12592 loss=-15.836920
batch 8150/12592 loss=-26.019562
batch 8200/12592 loss=-14.824245
batch 8250/12592 loss=-12.938643
batch 8300/12592 loss=-4.565537
batch 8350/12592 loss=-16.833759
batch 8400/12592 loss=-14.458066
batch 8450/12592 loss=-15.465802
batch 8500/12592 loss=-12.400444
batch 8550/12592 loss=-12.897263
batch 8600/12592 loss=-11.974329
batch 8650/12592 loss=-18.718422
batch 8700/12592 loss=-13.174236
batch 8750/12592 loss=-22.180222
batch 8800/12592 loss=-20.361197
batch 8850/12592 loss=-12.801863
batch 8900/12592 loss=-15.784380
batch 8950/12592 loss=-11.052612
batch 9000/12592 loss=-16.608614
batch 9050/12592 loss=-8.106897
batch 9100/12592 loss=-11.520453
batch 9150/12592 loss=-16.170803
batch 9200/12592 loss=-22.765228
batch 9250/12592 loss=-14.998562
batch 9300/12592 loss=-14.525329
batch 9350/12592 loss=-4.571537
batch 9400/12592 loss=-20.488523
batch 9450/12592 loss=-10.972292
batch 9500/12592 loss=-16.689989
batch 9550/12592 loss=-10.828462
batch 9600/12592 loss=-20.555098
batch 9650/12592 loss=-13.458770
batch 9700/12592 loss=-21.104774
batch 9750/12592 loss=-13.163168
batch 9800/12592 loss=-23.845692
batch 9850/12592 loss=-10.190040
batch 9900/12592 loss=-11.686703
batch 9950/12592 loss=-9.816847
batch 10000/12592 loss=-14.817461
batch 10050/12592 loss=-16.678663
batch 10100/12592 loss=-9.393400
batch 10150/12592 loss=-15.936361
batch 10200/12592 loss=-21.124180
batch 10250/12592 loss=-6.377314
batch 10300/12592 loss=-14.310492
batch 10350/12592 loss=-8.765474
batch 10400/12592 loss=-15.500476
batch 10450/12592 loss=-18.285763
batch 10500/12592 loss=-17.259762
batch 10550/12592 loss=-22.618395
batch 10600/12592 loss=-18.393005
batch 10650/12592 loss=-22.905769
batch 10700/12592 loss=-20.592350
batch 10750/12592 loss=-16.653711
batch 10800/12592 loss=-19.269108
batch 10850/12592 loss=-19.923904
batch 10900/12592 loss=-19.182018
batch 10950/12592 loss=-17.413383
batch 11000/12592 loss=-8.411846
batch 11050/12592 loss=-11.494970
batch 11100/12592 loss=-18.867065
batch 11150/12592 loss=-13.158878
batch 11200/12592 loss=-20.289917
batch 11250/12592 loss=-24.842165
batch 11300/12592 loss=-22.298229
batch 11350/12592 loss=-16.170507
batch 11400/12592 loss=-13.627313
batch 11450/12592 loss=-18.348927
batch 11500/12592 loss=-9.316782
batch 11550/12592 loss=-17.634287
batch 11600/12592 loss=-10.201308
batch 11650/12592 loss=-20.626150
batch 11700/12592 loss=-4.625550
batch 11750/12592 loss=-23.555943
batch 11800/12592 loss=-5.399378
batch 11850/12592 loss=-12.815775
batch 11900/12592 loss=-18.185734
batch 11950/12592 loss=-15.934303
batch 12000/12592 loss=-17.153994
batch 12050/12592 loss=-17.681675
batch 12100/12592 loss=-13.899147
batch 12150/12592 loss=-15.030098
batch 12200/12592 loss=-14.625337
batch 12250/12592 loss=-11.121391
batch 12300/12592 loss=-9.814295
batch 12350/12592 loss=-23.105164
batch 12400/12592 loss=-20.837656
batch 12450/12592 loss=-13.682699
batch 12500/12592 loss=-15.164021
batch 12550/12592 loss=-15.476519
epoch=20 train_loss=-14.664816 val_loss=-12.888518 minADE=0.469747 minFDE=0.614803 best=-17.847860 patience=4/50
batch 0/12592 loss=-9.638471
batch 50/12592 loss=-19.802933
batch 100/12592 loss=-15.661303
batch 150/12592 loss=-21.622746
batch 200/12592 loss=-17.272989
batch 250/12592 loss=-20.108097
batch 300/12592 loss=-17.023430
batch 350/12592 loss=-13.621457
batch 400/12592 loss=-6.174882
batch 450/12592 loss=-16.307785
batch 500/12592 loss=-16.017860
batch 550/12592 loss=-14.111090
batch 600/12592 loss=-26.833107
batch 650/12592 loss=-14.212005
batch 700/12592 loss=-11.515801
batch 750/12592 loss=-18.290443
batch 800/12592 loss=-11.770918
batch 850/12592 loss=-7.893814
batch 900/12592 loss=-16.278114
batch 950/12592 loss=-8.058305
batch 1000/12592 loss=-24.856138
batch 1050/12592 loss=-11.507557
batch 1100/12592 loss=-11.822548
batch 1150/12592 loss=-11.586158
batch 1200/12592 loss=-19.684467
batch 1250/12592 loss=-16.321341
batch 1300/12592 loss=-12.260571
batch 1350/12592 loss=-23.711439
batch 1400/12592 loss=-11.929102
batch 1450/12592 loss=-4.701056
batch 1500/12592 loss=-21.323648
batch 1550/12592 loss=-22.672846
batch 1600/12592 loss=-15.169982
batch 1650/12592 loss=-16.644917
batch 1700/12592 loss=-21.649836
batch 1750/12592 loss=-20.319283
batch 1800/12592 loss=-23.319563
batch 1850/12592 loss=-14.434412
batch 1900/12592 loss=-3.616055
batch 1950/12592 loss=-15.463219
batch 2000/12592 loss=-16.759991
batch 2050/12592 loss=-22.231430
batch 2100/12592 loss=-24.299826
batch 2150/12592 loss=-2.595547
batch 2200/12592 loss=-12.257238
batch 2250/12592 loss=-18.882040
batch 2300/12592 loss=-20.942810
batch 2350/12592 loss=-16.325888
batch 2400/12592 loss=-19.860529
batch 2450/12592 loss=-22.836266
batch 2500/12592 loss=-20.379633
batch 2550/12592 loss=-18.984558
batch 2600/12592 loss=-18.476015
batch 2650/12592 loss=-21.763557
batch 2700/12592 loss=-15.024818
batch 2750/12592 loss=-19.889771
batch 2800/12592 loss=-20.981953
batch 2850/12592 loss=-11.740110
batch 2900/12592 loss=-15.551908
batch 2950/12592 loss=-18.975979
batch 3000/12592 loss=-17.324913
batch 3050/12592 loss=-17.990355
batch 3100/12592 loss=-20.434877
batch 3150/12592 loss=-13.161451
batch 3200/12592 loss=-16.182682
batch 3250/12592 loss=-20.760288
batch 3300/12592 loss=-13.138237
batch 3350/12592 loss=-11.603538
batch 3400/12592 loss=-15.628508
batch 3450/12592 loss=-7.008101
batch 3500/12592 loss=-12.563938
batch 3550/12592 loss=-21.512964
batch 3600/12592 loss=-19.007877
batch 3650/12592 loss=-12.027917
batch 3700/12592 loss=-21.595798
batch 3750/12592 loss=-12.795918
batch 3800/12592 loss=-16.211029
batch 3850/12592 loss=-13.697289
batch 3900/12592 loss=-20.138475
batch 3950/12592 loss=-13.348518
batch 4000/12592 loss=-19.708643
batch 4050/12592 loss=-12.464743
batch 4100/12592 loss=-6.326725
batch 4150/12592 loss=-8.706419
batch 4200/12592 loss=-8.085779
batch 4250/12592 loss=-15.132544
batch 4300/12592 loss=-15.178755
batch 4350/12592 loss=-22.707014
batch 4400/12592 loss=-13.815912
batch 4450/12592 loss=-23.782211
batch 4500/12592 loss=-14.058006
batch 4550/12592 loss=-15.508499
batch 4600/12592 loss=-7.023624
batch 4650/12592 loss=-15.298399
batch 4700/12592 loss=-15.068990
batch 4750/12592 loss=-14.974003
batch 4800/12592 loss=-19.177746
batch 4850/12592 loss=-23.046532
batch 4900/12592 loss=-9.961836
batch 4950/12592 loss=-14.521550
batch 5000/12592 loss=-14.589646
batch 5050/12592 loss=-12.367361
batch 5100/12592 loss=-17.469488
batch 5150/12592 loss=-11.156061
batch 5200/12592 loss=-18.589592
batch 5250/12592 loss=-16.748060
batch 5300/12592 loss=-18.027370
batch 5350/12592 loss=-12.550516
batch 5400/12592 loss=-13.495838
batch 5450/12592 loss=-22.849859
batch 5500/12592 loss=-13.414408
batch 5550/12592 loss=-11.839256
batch 5600/12592 loss=-17.315712
batch 5650/12592 loss=-26.167648
batch 5700/12592 loss=-15.741919
batch 5750/12592 loss=-13.612241
batch 5800/12592 loss=-20.645576
batch 5850/12592 loss=-17.668983
batch 5900/12592 loss=-14.064075
batch 5950/12592 loss=-21.439049
batch 6000/12592 loss=-11.723773
batch 6050/12592 loss=-6.548906
batch 6100/12592 loss=-17.811808
batch 6150/12592 loss=-20.560061
batch 6200/12592 loss=-21.862322
batch 6250/12592 loss=-20.787830
batch 6300/12592 loss=-4.579094
batch 6350/12592 loss=-19.411697
batch 6400/12592 loss=-10.139600
batch 6450/12592 loss=-18.347958
batch 6500/12592 loss=-18.326197
batch 6550/12592 loss=-18.279301
batch 6600/12592 loss=-7.148149
batch 6650/12592 loss=-10.967527
batch 6700/12592 loss=-13.996649
batch 6750/12592 loss=-12.049240
batch 6800/12592 loss=-8.231849
batch 6850/12592 loss=-13.542731
batch 6900/12592 loss=-15.671277
batch 6950/12592 loss=-14.073331
batch 7000/12592 loss=-15.349111
batch 7050/12592 loss=-14.018356
batch 7100/12592 loss=-15.467745
batch 7150/12592 loss=-18.968285
batch 7200/12592 loss=-24.101892
batch 7250/12592 loss=-16.589098
batch 7300/12592 loss=-13.488611
batch 7350/12592 loss=-13.585961
batch 7400/12592 loss=-18.872940
batch 7450/12592 loss=-18.551277
batch 7500/12592 loss=-16.026943
batch 7550/12592 loss=-9.630879
batch 7600/12592 loss=-14.503681
batch 7650/12592 loss=-11.276086
batch 7700/12592 loss=-14.159810
batch 7750/12592 loss=-15.340628
batch 7800/12592 loss=-13.252623
batch 7850/12592 loss=-19.240839
batch 7900/12592 loss=-8.822374
batch 7950/12592 loss=-9.514748
batch 8000/12592 loss=-9.967548
batch 8050/12592 loss=-6.499288
batch 8100/12592 loss=-16.986378
batch 8150/12592 loss=-5.966340
batch 8200/12592 loss=-14.837484
batch 8250/12592 loss=-13.556885
batch 8300/12592 loss=-13.354172
batch 8350/12592 loss=-8.397343
batch 8400/12592 loss=-14.970198
batch 8450/12592 loss=-14.228686
batch 8500/12592 loss=-6.134365
batch 8550/12592 loss=-2.177179
batch 8600/12592 loss=-13.952450
batch 8650/12592 loss=-12.176481
batch 8700/12592 loss=-19.111336
batch 8750/12592 loss=-16.745424
batch 8800/12592 loss=-20.897335
batch 8850/12592 loss=-25.425297
batch 8900/12592 loss=-11.068101
batch 8950/12592 loss=-16.914467
batch 9000/12592 loss=-5.466923
batch 9050/12592 loss=-16.253754
batch 9100/12592 loss=-18.140095
batch 9150/12592 loss=-11.917788
batch 9200/12592 loss=-19.365805
batch 9250/12592 loss=-14.805473
batch 9300/12592 loss=-7.321187
batch 9350/12592 loss=-24.522671
batch 9400/12592 loss=-16.470505
batch 9450/12592 loss=-9.543546
batch 9500/12592 loss=-19.126703
batch 9550/12592 loss=-22.506344
batch 9600/12592 loss=-5.897980
batch 9650/12592 loss=-15.083626
batch 9700/12592 loss=-11.096612
batch 9750/12592 loss=-13.607697
batch 9800/12592 loss=-21.235685
batch 9850/12592 loss=-17.422573
batch 9900/12592 loss=-28.431997
batch 9950/12592 loss=-4.298535
batch 10000/12592 loss=-14.773932
batch 10050/12592 loss=-12.710643
batch 10100/12592 loss=-20.833059
batch 10150/12592 loss=-14.226738
batch 10200/12592 loss=-16.261944
batch 10250/12592 loss=-17.414391
batch 10300/12592 loss=-11.055803
batch 10350/12592 loss=-11.946233
batch 10400/12592 loss=-7.150434
batch 10450/12592 loss=-12.096315
batch 10500/12592 loss=-19.278383
batch 10550/12592 loss=-24.326574
batch 10600/12592 loss=-20.010111
batch 10650/12592 loss=-15.601282
batch 10700/12592 loss=-18.020447
batch 10750/12592 loss=-17.669472
batch 10800/12592 loss=-17.242027
batch 10850/12592 loss=-16.198467
batch 10900/12592 loss=-10.431170
batch 10950/12592 loss=-15.306127
batch 11000/12592 loss=-15.699356
batch 11050/12592 loss=-15.750701
batch 11100/12592 loss=-9.491809
batch 11150/12592 loss=-12.011625
batch 11200/12592 loss=-11.009022
batch 11250/12592 loss=-23.644291
batch 11300/12592 loss=13.511833
batch 11350/12592 loss=-12.233957
batch 11400/12592 loss=-7.668577
batch 11450/12592 loss=-13.123213
batch 11500/12592 loss=-15.570269
batch 11550/12592 loss=-19.005993
batch 11600/12592 loss=-15.032188
batch 11650/12592 loss=-11.963545
batch 11700/12592 loss=-12.652428
batch 11750/12592 loss=-18.016125
batch 11800/12592 loss=-15.948534
batch 11850/12592 loss=-17.918571
batch 11900/12592 loss=-13.547600
batch 11950/12592 loss=-15.025509
batch 12000/12592 loss=-19.583664
batch 12050/12592 loss=-21.716675
batch 12100/12592 loss=-19.578773
batch 12150/12592 loss=-10.174711
batch 12200/12592 loss=-20.139915
batch 12250/12592 loss=-17.643997
batch 12300/12592 loss=-14.049973
batch 12350/12592 loss=-11.011000
batch 12400/12592 loss=-8.298547
batch 12450/12592 loss=-15.106753
batch 12500/12592 loss=-16.444267
batch 12550/12592 loss=-3.708920
epoch=21 train_loss=-14.827536 val_loss=-13.744313 minADE=0.500985 minFDE=0.661586 best=-17.847860 patience=5/50
batch 0/12592 loss=-10.723000
batch 50/12592 loss=-23.000641
batch 100/12592 loss=-23.157249
batch 150/12592 loss=-18.200722
batch 200/12592 loss=-17.133335
batch 250/12592 loss=-21.193707
batch 300/12592 loss=-16.721661
batch 350/12592 loss=-17.823879
batch 400/12592 loss=-15.723561
batch 450/12592 loss=-22.376690
batch 500/12592 loss=-5.141269
batch 550/12592 loss=-14.880487
batch 600/12592 loss=-13.852579
batch 650/12592 loss=-23.309837
batch 700/12592 loss=-19.209370
batch 750/12592 loss=-9.065253
batch 800/12592 loss=-10.764889
batch 850/12592 loss=-11.667969
batch 900/12592 loss=-15.886276
batch 950/12592 loss=-11.402096
batch 1000/12592 loss=-11.452579
batch 1050/12592 loss=-13.552794
batch 1100/12592 loss=-6.373176
batch 1150/12592 loss=-16.461235
batch 1200/12592 loss=-12.289235
batch 1250/12592 loss=-8.462174
batch 1300/12592 loss=-19.492374
batch 1350/12592 loss=-9.710712
batch 1400/12592 loss=-17.366926
batch 1450/12592 loss=-16.732521
batch 1500/12592 loss=-5.327992
batch 1550/12592 loss=-15.488437
batch 1600/12592 loss=-14.619961
batch 1650/12592 loss=-13.810156
batch 1700/12592 loss=-8.420229
batch 1750/12592 loss=-11.518203
batch 1800/12592 loss=-21.556362
batch 1850/12592 loss=-8.597977
batch 1900/12592 loss=-14.082828
batch 1950/12592 loss=-17.446892
batch 2000/12592 loss=-5.867193
batch 2050/12592 loss=-17.880693
batch 2100/12592 loss=-13.894195
batch 2150/12592 loss=-12.008046
batch 2200/12592 loss=-24.139969
batch 2250/12592 loss=-15.260543
batch 2300/12592 loss=-6.712368
batch 2350/12592 loss=-11.472391
batch 2400/12592 loss=-13.987556
batch 2450/12592 loss=-21.080849
batch 2500/12592 loss=-19.661320
batch 2550/12592 loss=-17.248814
batch 2600/12592 loss=-17.470186
batch 2650/12592 loss=-13.373227
batch 2700/12592 loss=-18.606167
batch 2750/12592 loss=-10.556259
batch 2800/12592 loss=-18.880669
batch 2850/12592 loss=-11.664593
batch 2900/12592 loss=-19.691143
batch 2950/12592 loss=-14.723194
batch 3000/12592 loss=-16.251686
batch 3050/12592 loss=-16.558640
batch 3100/12592 loss=-18.236275
batch 3150/12592 loss=-6.144197
batch 3200/12592 loss=-11.173267
batch 3250/12592 loss=-9.286434
batch 3300/12592 loss=-11.292845
batch 3350/12592 loss=-15.836962
batch 3400/12592 loss=-13.732045
batch 3450/12592 loss=-23.467396
batch 3500/12592 loss=-12.176559
batch 3550/12592 loss=-8.924612
batch 3600/12592 loss=-11.099264
batch 3650/12592 loss=-27.399708
batch 3700/12592 loss=-15.473658
batch 3750/12592 loss=-17.722467
batch 3800/12592 loss=-8.634382
batch 3850/12592 loss=-23.448042
batch 3900/12592 loss=-18.665134
batch 3950/12592 loss=-16.151754
batch 4000/12592 loss=-20.428711
batch 4050/12592 loss=-19.202187
batch 4100/12592 loss=-18.849854
batch 4150/12592 loss=-11.156378
batch 4200/12592 loss=-19.342039
batch 4250/12592 loss=-1.752926
batch 4300/12592 loss=-15.316062
batch 4350/12592 loss=-12.805843
batch 4400/12592 loss=-21.395218
batch 4450/12592 loss=-2.454264
batch 4500/12592 loss=-19.614275
batch 4550/12592 loss=-14.133564
batch 4600/12592 loss=-10.630707
batch 4650/12592 loss=-15.940251
batch 4700/12592 loss=-12.213417
batch 4750/12592 loss=-11.760387
batch 4800/12592 loss=-21.713837
batch 4850/12592 loss=-16.629765
batch 4900/12592 loss=-18.396584
batch 4950/12592 loss=-9.116140
batch 5000/12592 loss=-12.887680
batch 5050/12592 loss=-21.292973
batch 5100/12592 loss=-13.132231
batch 5150/12592 loss=-14.625000
batch 5200/12592 loss=-14.116871
batch 5250/12592 loss=-22.078335
batch 5300/12592 loss=-14.360319
batch 5350/12592 loss=-14.476640
batch 5400/12592 loss=-12.123715
batch 5450/12592 loss=-18.100557
batch 5500/12592 loss=-24.222010
batch 5550/12592 loss=-9.140397
batch 5600/12592 loss=-16.940147
batch 5650/12592 loss=-18.736488
batch 5700/12592 loss=-16.466740
batch 5750/12592 loss=-15.084969
batch 5800/12592 loss=-8.343565
batch 5850/12592 loss=-21.772804
batch 5900/12592 loss=-19.521570
batch 5950/12592 loss=-16.349348
batch 6000/12592 loss=-21.144453
batch 6050/12592 loss=-8.968499
batch 6100/12592 loss=-20.377800
batch 6150/12592 loss=-20.058506
batch 6200/12592 loss=-10.962870
batch 6250/12592 loss=-3.061506
batch 6300/12592 loss=-15.485371
batch 6350/12592 loss=-16.556488
batch 6400/12592 loss=-18.088219
batch 6450/12592 loss=-14.275565
batch 6500/12592 loss=-22.607601
batch 6550/12592 loss=-16.148079
batch 6600/12592 loss=-11.735216
batch 6650/12592 loss=-22.949200
batch 6700/12592 loss=-19.688910
batch 6750/12592 loss=-13.398502
batch 6800/12592 loss=-23.991985
batch 6850/12592 loss=-10.534576
batch 6900/12592 loss=-21.488167
batch 6950/12592 loss=-12.340956
batch 7000/12592 loss=-9.192062
batch 7050/12592 loss=-6.376308
batch 7100/12592 loss=-20.261490
batch 7150/12592 loss=-17.157608
batch 7200/12592 loss=-21.528538
batch 7250/12592 loss=-18.657810
batch 7300/12592 loss=-12.847773
batch 7350/12592 loss=-11.773993
batch 7400/12592 loss=-6.370850
batch 7450/12592 loss=-16.777332
batch 7500/12592 loss=-12.995851
batch 7550/12592 loss=-9.884999
batch 7600/12592 loss=-16.899294
batch 7650/12592 loss=-9.045657
batch 7700/12592 loss=-12.211590
batch 7750/12592 loss=-16.237564
batch 7800/12592 loss=-14.753842
batch 7850/12592 loss=-13.484878
batch 7900/12592 loss=-22.193756
batch 7950/12592 loss=-18.014423
batch 8000/12592 loss=-3.032436
batch 8050/12592 loss=-18.456230
batch 8100/12592 loss=-19.029531
batch 8150/12592 loss=-17.982878
batch 8200/12592 loss=-17.993382
batch 8250/12592 loss=-8.375823
batch 8300/12592 loss=-15.344478
batch 8350/12592 loss=-14.766638
batch 8400/12592 loss=-22.439367
batch 8450/12592 loss=-24.194683
batch 8500/12592 loss=-19.652760
batch 8550/12592 loss=-22.125626
batch 8600/12592 loss=-12.766233
batch 8650/12592 loss=-3.597743
batch 8700/12592 loss=-6.870420
batch 8750/12592 loss=-10.898605
batch 8800/12592 loss=-9.468456
batch 8850/12592 loss=-9.902830
batch 8900/12592 loss=-5.273201
batch 8950/12592 loss=-12.519096
batch 9000/12592 loss=-15.106318
batch 9050/12592 loss=-20.683844
batch 9100/12592 loss=-12.380924
batch 9150/12592 loss=-26.790154
batch 9200/12592 loss=-10.614014
batch 9250/12592 loss=-7.346913
batch 9300/12592 loss=-9.253195
batch 9350/12592 loss=-19.967073
batch 9400/12592 loss=-15.627193
batch 9450/12592 loss=-16.584240
batch 9500/12592 loss=-17.229792
batch 9550/12592 loss=-11.223952
batch 9600/12592 loss=-22.838011
batch 9650/12592 loss=-19.760468
batch 9700/12592 loss=-3.205726
batch 9750/12592 loss=-3.186668
batch 9800/12592 loss=-16.601337
batch 9850/12592 loss=-24.089544
batch 9900/12592 loss=-20.625435
batch 9950/12592 loss=-27.603729
batch 10000/12592 loss=-14.496183
batch 10050/12592 loss=-20.372974
batch 10100/12592 loss=-8.848972
batch 10150/12592 loss=-13.985977
batch 10200/12592 loss=-21.657547
batch 10250/12592 loss=-14.045359
batch 10300/12592 loss=-24.276657
batch 10350/12592 loss=-17.719448
batch 10400/12592 loss=-13.803629
batch 10450/12592 loss=-20.922649
batch 10500/12592 loss=-11.773782
batch 10550/12592 loss=-11.153709
batch 10600/12592 loss=-9.458523
batch 10650/12592 loss=-20.111931
batch 10700/12592 loss=-10.129010
batch 10750/12592 loss=-19.300123
batch 10800/12592 loss=-16.664108
batch 10850/12592 loss=-17.906023
batch 10900/12592 loss=-13.191093
batch 10950/12592 loss=-13.145170
batch 11000/12592 loss=-17.964048
batch 11050/12592 loss=-22.206455
batch 11100/12592 loss=-13.350869
batch 11150/12592 loss=-21.345219
batch 11200/12592 loss=-16.913542
batch 11250/12592 loss=-18.378815
batch 11300/12592 loss=-11.002185
batch 11350/12592 loss=-18.863016
batch 11400/12592 loss=-7.494819
batch 11450/12592 loss=-14.907263
batch 11500/12592 loss=-12.196321
batch 11550/12592 loss=-3.538462
batch 11600/12592 loss=-22.861303
batch 11650/12592 loss=-10.932274
batch 11700/12592 loss=-13.358503
batch 11750/12592 loss=-20.508636
batch 11800/12592 loss=-11.131422
batch 11850/12592 loss=-17.246063
batch 11900/12592 loss=-10.942962
batch 11950/12592 loss=-13.114820
batch 12000/12592 loss=-18.279043
batch 12050/12592 loss=-0.934353
batch 12100/12592 loss=-18.929440
batch 12150/12592 loss=-24.348667
batch 12200/12592 loss=-10.480251
batch 12250/12592 loss=-13.329819
batch 12300/12592 loss=-17.852497
batch 12350/12592 loss=-21.034269
batch 12400/12592 loss=-4.876362
batch 12450/12592 loss=-13.482809
batch 12500/12592 loss=-11.126137
batch 12550/12592 loss=-11.573342
epoch=22 train_loss=-14.577668 val_loss=-19.057267 minADE=0.494491 minFDE=0.639479 best=-19.057267 patience=0/50
batch 0/12592 loss=-17.071758
batch 50/12592 loss=-17.421679
batch 100/12592 loss=-6.662376
batch 150/12592 loss=-19.398378
batch 200/12592 loss=-9.422419
batch 250/12592 loss=-26.701881
batch 300/12592 loss=-2.639159
batch 350/12592 loss=-22.438686
batch 400/12592 loss=-16.944078
batch 450/12592 loss=-15.692373
batch 500/12592 loss=-14.645117
batch 550/12592 loss=-13.609676
batch 600/12592 loss=-12.681522
batch 650/12592 loss=-20.453972
batch 700/12592 loss=-15.791120
batch 750/12592 loss=-20.845297
batch 800/12592 loss=-13.269703
batch 850/12592 loss=-7.850673
batch 900/12592 loss=-11.283787
batch 950/12592 loss=-12.413433
batch 1000/12592 loss=-24.802170
batch 1050/12592 loss=-5.231993
batch 1100/12592 loss=-15.644160
batch 1150/12592 loss=-9.649377
batch 1200/12592 loss=-17.345022
batch 1250/12592 loss=-8.695450
batch 1300/12592 loss=-12.832368
batch 1350/12592 loss=-18.443651
batch 1400/12592 loss=-21.619568
batch 1450/12592 loss=-17.793444
batch 1500/12592 loss=-18.431992
batch 1550/12592 loss=-8.534769
batch 1600/12592 loss=-20.197987
batch 1650/12592 loss=-17.478390
batch 1700/12592 loss=-10.003998
batch 1750/12592 loss=-9.708315
batch 1800/12592 loss=-10.110256
batch 1850/12592 loss=-11.097622
batch 1900/12592 loss=-8.428343
batch 1950/12592 loss=-6.636658
batch 2000/12592 loss=-8.402947
batch 2050/12592 loss=-12.170383
batch 2100/12592 loss=-13.416986
batch 2150/12592 loss=-18.958397
batch 2200/12592 loss=-19.787256
batch 2250/12592 loss=-17.053976
batch 2300/12592 loss=-12.950611
batch 2350/12592 loss=-18.600508
batch 2400/12592 loss=-15.446562
batch 2450/12592 loss=-20.018074
batch 2500/12592 loss=-19.491224
batch 2550/12592 loss=-17.698280
batch 2600/12592 loss=-11.310438
batch 2650/12592 loss=-6.551142
batch 2700/12592 loss=-4.781586
batch 2750/12592 loss=-20.926888
batch 2800/12592 loss=-10.365131
batch 2850/12592 loss=-17.491800
batch 2900/12592 loss=-17.285635
batch 2950/12592 loss=-20.095490
batch 3000/12592 loss=-3.317886
batch 3050/12592 loss=-14.005934
batch 3100/12592 loss=-5.409760
batch 3150/12592 loss=-2.760083
batch 3200/12592 loss=-22.006437
batch 3250/12592 loss=-16.757792
batch 3300/12592 loss=-11.261518
batch 3350/12592 loss=-17.369385
batch 3400/12592 loss=-28.749743
batch 3450/12592 loss=-13.479710
batch 3500/12592 loss=-14.898419
batch 3550/12592 loss=-15.312742
batch 3600/12592 loss=-14.071568
batch 3650/12592 loss=-11.798294
batch 3700/12592 loss=-12.688363
batch 3750/12592 loss=-15.533049
batch 3800/12592 loss=-14.865874
batch 3850/12592 loss=-15.389354
batch 3900/12592 loss=-5.875464
batch 3950/12592 loss=-20.236927
batch 4000/12592 loss=-20.371902
batch 4050/12592 loss=-6.353987
batch 4100/12592 loss=-7.913896
batch 4150/12592 loss=-8.318092
batch 4200/12592 loss=-10.624414
batch 4250/12592 loss=-11.520285
batch 4300/12592 loss=-14.303332
batch 4350/12592 loss=-11.017054
batch 4400/12592 loss=-23.160133
batch 4450/12592 loss=-27.005386
batch 4500/12592 loss=-9.583934
batch 4550/12592 loss=-15.027450
batch 4600/12592 loss=-14.746543
batch 4650/12592 loss=-13.133024
batch 4700/12592 loss=-19.716030
batch 4750/12592 loss=-17.647917
batch 4800/12592 loss=-14.955841
batch 4850/12592 loss=-19.893730
batch 4900/12592 loss=-17.084259
batch 4950/12592 loss=-14.417130
batch 5000/12592 loss=-16.219704
batch 5050/12592 loss=-13.271414
batch 5100/12592 loss=-16.526684
batch 5150/12592 loss=-14.843474
batch 5200/12592 loss=-18.892399
batch 5250/12592 loss=-13.393338
batch 5300/12592 loss=-14.093343
batch 5350/12592 loss=-23.780605
batch 5400/12592 loss=-13.879921
batch 5450/12592 loss=-11.322493
batch 5500/12592 loss=-7.018135
batch 5550/12592 loss=-18.332998
batch 5600/12592 loss=-22.186937
batch 5650/12592 loss=-12.677382
batch 5700/12592 loss=-8.486537
batch 5750/12592 loss=-9.396004
batch 5800/12592 loss=-18.196892
batch 5850/12592 loss=-13.888382
batch 5900/12592 loss=-17.722923
batch 5950/12592 loss=-22.664339
batch 6000/12592 loss=-14.838871
batch 6050/12592 loss=-12.021856
batch 6100/12592 loss=-6.036232
batch 6150/12592 loss=-14.147551
batch 6200/12592 loss=-7.284359
batch 6250/12592 loss=-11.437515
batch 6300/12592 loss=-15.659725
batch 6350/12592 loss=-15.179892
batch 6400/12592 loss=-9.163720
batch 6450/12592 loss=-10.179074
batch 6500/12592 loss=-0.714017
batch 6550/12592 loss=-15.111380
batch 6600/12592 loss=-13.189658
batch 6650/12592 loss=-18.787088
batch 6700/12592 loss=-19.969040
batch 6750/12592 loss=-22.618240
batch 6800/12592 loss=-10.075321
batch 6850/12592 loss=-14.075620
batch 6900/12592 loss=-21.946228
batch 6950/12592 loss=-7.855871
batch 7000/12592 loss=-16.406387
batch 7050/12592 loss=-2.857811
batch 7100/12592 loss=-11.906273
batch 7150/12592 loss=-19.440556
batch 7200/12592 loss=-13.106977
batch 7250/12592 loss=-12.174429
batch 7300/12592 loss=-12.461518
batch 7350/12592 loss=-15.179670
batch 7400/12592 loss=-11.748504
batch 7450/12592 loss=-9.317625
batch 7500/12592 loss=-21.756306
batch 7550/12592 loss=-8.254422
batch 7600/12592 loss=-5.781605
batch 7650/12592 loss=-14.414927
batch 7700/12592 loss=-18.153790
batch 7750/12592 loss=-26.680752
batch 7800/12592 loss=-16.705063
batch 7850/12592 loss=-10.530067
batch 7900/12592 loss=-11.478260
batch 7950/12592 loss=-17.812195
batch 8000/12592 loss=-14.032449
batch 8050/12592 loss=-14.821977
batch 8100/12592 loss=-14.867918
batch 8150/12592 loss=-5.739786
batch 8200/12592 loss=-12.566877
batch 8250/12592 loss=-21.294008
batch 8300/12592 loss=-26.971130
batch 8350/12592 loss=-23.202309
batch 8400/12592 loss=-16.501575
batch 8450/12592 loss=-20.246155
batch 8500/12592 loss=-12.810650
batch 8550/12592 loss=-13.390182
batch 8600/12592 loss=-9.374871
batch 8650/12592 loss=-16.499439
batch 8700/12592 loss=-22.234695
batch 8750/12592 loss=-21.280746
batch 8800/12592 loss=-18.805382
batch 8850/12592 loss=-11.843493
batch 8900/12592 loss=-20.153805
batch 8950/12592 loss=-13.451017
batch 9000/12592 loss=-13.451762
batch 9050/12592 loss=-19.953674
batch 9100/12592 loss=-16.417870
batch 9150/12592 loss=-21.377514
batch 9200/12592 loss=-14.376986
batch 9250/12592 loss=-13.113964
batch 9300/12592 loss=-18.364069
batch 9350/12592 loss=-11.981464
batch 9400/12592 loss=-16.666870
batch 9450/12592 loss=-13.803823
batch 9500/12592 loss=-20.515053
batch 9550/12592 loss=-15.812809
batch 9600/12592 loss=-18.946182
batch 9650/12592 loss=-11.031019
batch 9700/12592 loss=-6.532484
batch 9750/12592 loss=-12.065070
batch 9800/12592 loss=-17.256872
batch 9850/12592 loss=-18.307919
batch 9900/12592 loss=-11.412237
batch 9950/12592 loss=-18.620327
batch 10000/12592 loss=-19.458059
batch 10050/12592 loss=-19.607689
batch 10100/12592 loss=-16.039692
batch 10150/12592 loss=-12.223552
batch 10200/12592 loss=-7.866755
batch 10250/12592 loss=-8.868533
batch 10300/12592 loss=-14.089870
batch 10350/12592 loss=-15.119280
batch 10400/12592 loss=-17.632446
batch 10450/12592 loss=-13.909115
batch 10500/12592 loss=-12.656381
batch 10550/12592 loss=-17.985775
batch 10600/12592 loss=-16.340130
batch 10650/12592 loss=-23.405931
batch 10700/12592 loss=-18.819721
batch 10750/12592 loss=-20.540632
batch 10800/12592 loss=-14.330307
batch 10850/12592 loss=-15.257698
batch 10900/12592 loss=-23.392294
batch 10950/12592 loss=-18.711575
batch 11000/12592 loss=-18.227001
batch 11050/12592 loss=-21.859310
batch 11100/12592 loss=-24.058735
batch 11150/12592 loss=-9.697947
batch 11200/12592 loss=-20.285416
batch 11250/12592 loss=-14.164240
batch 11300/12592 loss=-17.337540
batch 11350/12592 loss=-14.599131
batch 11400/12592 loss=-12.916081
batch 11450/12592 loss=-24.411839
batch 11500/12592 loss=-19.474121
batch 11550/12592 loss=-19.593513
batch 11600/12592 loss=-24.291420
batch 11650/12592 loss=-4.691565
batch 11700/12592 loss=-9.191858
batch 11750/12592 loss=-14.789017
batch 11800/12592 loss=-14.963903
batch 11850/12592 loss=-17.638309
batch 11900/12592 loss=-19.894054
batch 11950/12592 loss=-13.660751
batch 12000/12592 loss=-17.736858
batch 12050/12592 loss=-8.524334
batch 12100/12592 loss=-12.982568
batch 12150/12592 loss=-19.403534
batch 12200/12592 loss=-13.188471
batch 12250/12592 loss=-15.953627
batch 12300/12592 loss=-21.204166
batch 12350/12592 loss=-14.803373
batch 12400/12592 loss=-11.631810
batch 12450/12592 loss=-13.605382
batch 12500/12592 loss=-20.352745
batch 12550/12592 loss=-11.216825
epoch=23 train_loss=-14.573573 val_loss=-17.657279 minADE=0.509170 minFDE=0.662177 best=-19.057267 patience=1/50
batch 0/12592 loss=-14.480606
batch 50/12592 loss=-15.453529
batch 100/12592 loss=-15.353579
batch 150/12592 loss=-7.799940
batch 200/12592 loss=-12.740441
batch 250/12592 loss=-22.392529
batch 300/12592 loss=-16.604898
batch 350/12592 loss=-9.956450
batch 400/12592 loss=-8.523074
batch 450/12592 loss=-23.415857
batch 500/12592 loss=-14.681550
batch 550/12592 loss=-5.143312
batch 600/12592 loss=-16.429159
batch 650/12592 loss=-16.809481
batch 700/12592 loss=-15.839377
batch 750/12592 loss=-19.475620
batch 800/12592 loss=-21.846197
batch 850/12592 loss=-21.407108
batch 900/12592 loss=-7.214588
batch 950/12592 loss=-6.260791
batch 1000/12592 loss=-17.229424
batch 1050/12592 loss=-14.911067
batch 1100/12592 loss=-4.362092
batch 1150/12592 loss=-21.122101
batch 1200/12592 loss=-14.579134
batch 1250/12592 loss=-20.983603
batch 1300/12592 loss=-14.890121
batch 1350/12592 loss=1.368632
batch 1400/12592 loss=-11.336355
batch 1450/12592 loss=-14.201300
batch 1500/12592 loss=-13.345112
batch 1550/12592 loss=-8.716372
batch 1600/12592 loss=-5.496334
batch 1650/12592 loss=-10.637215
batch 1700/12592 loss=-20.679665
batch 1750/12592 loss=-12.747144
batch 1800/12592 loss=-24.553848
batch 1850/12592 loss=-12.522303
batch 1900/12592 loss=-16.796129
batch 1950/12592 loss=-10.548172
batch 2000/12592 loss=-20.811401
batch 2050/12592 loss=-13.567230
batch 2100/12592 loss=-26.188156
batch 2150/12592 loss=-10.900925
batch 2200/12592 loss=-11.462181
batch 2250/12592 loss=-23.024456
batch 2300/12592 loss=-15.150906
batch 2350/12592 loss=-14.570155
batch 2400/12592 loss=1.808099
batch 2450/12592 loss=-19.389339
batch 2500/12592 loss=-20.972176
batch 2550/12592 loss=-19.145817
batch 2600/12592 loss=-24.432537
batch 2650/12592 loss=-16.624500
batch 2700/12592 loss=-16.099983
batch 2750/12592 loss=-11.875927
batch 2800/12592 loss=-21.689861
batch 2850/12592 loss=-16.504181
batch 2900/12592 loss=-15.844784
batch 2950/12592 loss=-10.416893
batch 3000/12592 loss=-2.831417
batch 3050/12592 loss=-3.946122
batch 3100/12592 loss=-13.179148
batch 3150/12592 loss=-18.841434
batch 3200/12592 loss=-28.130199
batch 3250/12592 loss=-11.647178
batch 3300/12592 loss=-22.688398
batch 3350/12592 loss=-13.933260
batch 3400/12592 loss=-14.871574
batch 3450/12592 loss=-13.941903
batch 3500/12592 loss=-13.802591
batch 3550/12592 loss=-9.270872
batch 3600/12592 loss=-15.846587
batch 3650/12592 loss=-15.295015
batch 3700/12592 loss=-16.030258
batch 3750/12592 loss=-18.446535
batch 3800/12592 loss=-13.243399
batch 3850/12592 loss=-9.119097
batch 3900/12592 loss=-11.446739
batch 3950/12592 loss=-15.172169
batch 4000/12592 loss=-24.517687
batch 4050/12592 loss=-16.610977
batch 4100/12592 loss=-12.805745
batch 4150/12592 loss=-17.563959
batch 4200/12592 loss=-14.779643
batch 4250/12592 loss=-18.216631
batch 4300/12592 loss=-20.978209
batch 4350/12592 loss=-18.753395
batch 4400/12592 loss=-18.251310
batch 4450/12592 loss=-7.689572
batch 4500/12592 loss=-13.316876
batch 4550/12592 loss=-12.861607
batch 4600/12592 loss=-15.561270
batch 4650/12592 loss=-13.633393
batch 4700/12592 loss=-23.021593
batch 4750/12592 loss=-22.991997
batch 4800/12592 loss=-24.537140
batch 4850/12592 loss=-16.839748
batch 4900/12592 loss=-17.035210
batch 4950/12592 loss=-0.271536
batch 5000/12592 loss=-7.216640
batch 5050/12592 loss=-12.141186
batch 5100/12592 loss=-11.574885
batch 5150/12592 loss=-14.799395
batch 5200/12592 loss=-9.283185
batch 5250/12592 loss=-24.228436
batch 5300/12592 loss=-21.689491
batch 5350/12592 loss=-8.235960
batch 5400/12592 loss=-11.711500
batch 5450/12592 loss=-14.086232
batch 5500/12592 loss=-17.679266
batch 5550/12592 loss=-10.731634
batch 5600/12592 loss=-1.109001
batch 5650/12592 loss=-14.562044
batch 5700/12592 loss=-6.768716
batch 5750/12592 loss=-12.601093
batch 5800/12592 loss=-16.100769
batch 5850/12592 loss=-14.647564
batch 5900/12592 loss=-13.814476
batch 5950/12592 loss=-17.638504
batch 6000/12592 loss=-22.177746
batch 6050/12592 loss=-19.886595
batch 6100/12592 loss=-12.773143
batch 6150/12592 loss=-10.090381
batch 6200/12592 loss=-13.199277
batch 6250/12592 loss=-21.187216
batch 6300/12592 loss=-22.680815
batch 6350/12592 loss=-15.426025
batch 6400/12592 loss=-25.772366
batch 6450/12592 loss=-10.101671
batch 6500/12592 loss=-21.251635
batch 6550/12592 loss=-12.946638
batch 6600/12592 loss=-10.344156
batch 6650/12592 loss=-11.176203
batch 6700/12592 loss=-8.192783
batch 6750/12592 loss=-6.162710
batch 6800/12592 loss=-10.179715
batch 6850/12592 loss=-14.888653
batch 6900/12592 loss=-15.204575
batch 6950/12592 loss=-14.506832
batch 7000/12592 loss=-21.606710
batch 7050/12592 loss=-11.277740
batch 7100/12592 loss=-2.148224
batch 7150/12592 loss=-16.842545
batch 7200/12592 loss=-17.323702
batch 7250/12592 loss=-21.944792
batch 7300/12592 loss=-18.424580
batch 7350/12592 loss=-18.072601
batch 7400/12592 loss=-2.580031
batch 7450/12592 loss=-19.048717
batch 7500/12592 loss=-17.808804
batch 7550/12592 loss=-9.521426
batch 7600/12592 loss=-9.776357
batch 7650/12592 loss=-14.567677
batch 7700/12592 loss=-17.022213
batch 7750/12592 loss=-11.681748
batch 7800/12592 loss=-20.777802
batch 7850/12592 loss=-23.152584
batch 7900/12592 loss=-12.041071
batch 7950/12592 loss=-19.837214
batch 8000/12592 loss=-11.374140
batch 8050/12592 loss=-9.467553
batch 8100/12592 loss=-12.553489
batch 8150/12592 loss=-8.119997
batch 8200/12592 loss=-20.237885
batch 8250/12592 loss=-6.098629
batch 8300/12592 loss=-17.127674
batch 8350/12592 loss=-14.238901
batch 8400/12592 loss=-19.492302
batch 8450/12592 loss=-19.836617
batch 8500/12592 loss=-13.227900
batch 8550/12592 loss=-16.013744
batch 8600/12592 loss=-17.794601
batch 8650/12592 loss=-13.351557
batch 8700/12592 loss=-9.195540
batch 8750/12592 loss=-14.430063
batch 8800/12592 loss=-15.310329
batch 8850/12592 loss=-20.939201
batch 8900/12592 loss=-13.449996
batch 8950/12592 loss=-16.903389
batch 9000/12592 loss=-15.807405
batch 9050/12592 loss=-21.823996
batch 9100/12592 loss=-14.194328
batch 9150/12592 loss=-12.690876
batch 9200/12592 loss=-21.270540
batch 9250/12592 loss=-21.055325
batch 9300/12592 loss=-21.579632
batch 9350/12592 loss=-12.825333
batch 9400/12592 loss=-14.867979
batch 9450/12592 loss=-13.297082
batch 9500/12592 loss=-26.513618
batch 9550/12592 loss=-16.452892
batch 9600/12592 loss=-12.653946
batch 9650/12592 loss=-15.304535
batch 9700/12592 loss=-3.667497
batch 9750/12592 loss=-24.490602
batch 9800/12592 loss=-21.775845
batch 9850/12592 loss=-8.769972
batch 9900/12592 loss=-7.198325
batch 9950/12592 loss=-15.718380
batch 10000/12592 loss=-12.857538
batch 10050/12592 loss=-6.773208
batch 10100/12592 loss=-13.359995
batch 10150/12592 loss=-15.039237
batch 10200/12592 loss=-9.166662
batch 10250/12592 loss=-15.970984
batch 10300/12592 loss=-16.599907
batch 10350/12592 loss=-23.477058
batch 10400/12592 loss=-10.790621
batch 10450/12592 loss=0.798706
batch 10500/12592 loss=-12.835679
batch 10550/12592 loss=-14.404821
batch 10600/12592 loss=-3.579702
batch 10650/12592 loss=1.459728
batch 10700/12592 loss=-16.876467
batch 10750/12592 loss=-15.753842
batch 10800/12592 loss=-13.351182
batch 10850/12592 loss=-20.647625
batch 10900/12592 loss=-14.015250
batch 10950/12592 loss=7.352339
batch 11000/12592 loss=-1.806618
batch 11050/12592 loss=-18.421959
batch 11100/12592 loss=-12.705554
batch 11150/12592 loss=-19.492867
batch 11200/12592 loss=-25.100071
batch 11250/12592 loss=-20.250961
batch 11300/12592 loss=-17.519314
batch 11350/12592 loss=-8.291961
batch 11400/12592 loss=-14.022182
batch 11450/12592 loss=-14.956996
batch 11500/12592 loss=-12.878696
batch 11550/12592 loss=-4.999093
batch 11600/12592 loss=-12.089316
batch 11650/12592 loss=-14.981807
batch 11700/12592 loss=-20.749630
batch 11750/12592 loss=-8.864324
batch 11800/12592 loss=-19.295719
batch 11850/12592 loss=-18.636385
batch 11900/12592 loss=-10.198397
batch 11950/12592 loss=-12.598395
batch 12000/12592 loss=-8.345396
batch 12050/12592 loss=-17.339375
batch 12100/12592 loss=-9.853855
batch 12150/12592 loss=-21.512070
batch 12200/12592 loss=-10.650905
batch 12250/12592 loss=-13.653114
batch 12300/12592 loss=-11.823664
batch 12350/12592 loss=-15.876500
batch 12400/12592 loss=-11.373774
batch 12450/12592 loss=-20.198929
batch 12500/12592 loss=-7.163031
batch 12550/12592 loss=-24.636366
epoch=24 train_loss=-14.673444 val_loss=-7.672324 minADE=0.556496 minFDE=0.711976 best=-19.057267 patience=2/50
batch 0/12592 loss=-6.912477
batch 50/12592 loss=-18.441349
batch 100/12592 loss=-17.062222
batch 150/12592 loss=-17.953979
batch 200/12592 loss=-12.948565
batch 250/12592 loss=-17.916214
batch 300/12592 loss=-14.135084
batch 350/12592 loss=-4.956886
batch 400/12592 loss=-9.228259
batch 450/12592 loss=-20.398720
batch 500/12592 loss=-11.711752
batch 550/12592 loss=-12.857471
batch 600/12592 loss=-22.719627
batch 650/12592 loss=-11.576776
batch 700/12592 loss=-7.347119
batch 750/12592 loss=-14.669555
batch 800/12592 loss=-15.522326
batch 850/12592 loss=-7.769629
batch 900/12592 loss=-9.842072
batch 950/12592 loss=-20.830027
batch 1000/12592 loss=1.956268
batch 1050/12592 loss=-8.809195
batch 1100/12592 loss=-13.654918
batch 1150/12592 loss=-16.224430
batch 1200/12592 loss=-14.584578
batch 1250/12592 loss=-20.823231
batch 1300/12592 loss=-19.127266
batch 1350/12592 loss=-6.007671
batch 1400/12592 loss=-7.608784
batch 1450/12592 loss=-7.432930
batch 1500/12592 loss=-25.159889
batch 1550/12592 loss=-14.632692
batch 1600/12592 loss=-19.351921
batch 1650/12592 loss=-6.595510
batch 1700/12592 loss=-23.318695
batch 1750/12592 loss=-16.892076
batch 1800/12592 loss=-12.984997
batch 1850/12592 loss=-12.533516
batch 1900/12592 loss=-17.424805
batch 1950/12592 loss=-9.195985
batch 2000/12592 loss=-9.330698
batch 2050/12592 loss=-17.249302
batch 2100/12592 loss=-20.103142
batch 2150/12592 loss=-15.850901
batch 2200/12592 loss=-16.137772
batch 2250/12592 loss=-18.147915
batch 2300/12592 loss=-7.782592
batch 2350/12592 loss=-14.396170
batch 2400/12592 loss=-18.702883
batch 2450/12592 loss=-23.110826
batch 2500/12592 loss=-8.945177
batch 2550/12592 loss=-18.875690
batch 2600/12592 loss=-14.426104
batch 2650/12592 loss=-7.053690
batch 2700/12592 loss=-10.788118
batch 2750/12592 loss=-18.873631
batch 2800/12592 loss=-18.264008
batch 2850/12592 loss=-4.485597
batch 2900/12592 loss=-21.243267
batch 2950/12592 loss=-17.522285
batch 3000/12592 loss=-12.969829
batch 3050/12592 loss=-20.731344
batch 3100/12592 loss=-28.198738
batch 3150/12592 loss=-18.748554
batch 3200/12592 loss=-10.784057
batch 3250/12592 loss=-21.498499
batch 3300/12592 loss=-17.348251
batch 3350/12592 loss=-15.209908
batch 3400/12592 loss=-14.244759
batch 3450/12592 loss=-14.500965
batch 3500/12592 loss=-22.529457
batch 3550/12592 loss=-6.966233
batch 3600/12592 loss=-17.577621
batch 3650/12592 loss=-17.512234
batch 3700/12592 loss=-10.230361
batch 3750/12592 loss=-19.804897
batch 3800/12592 loss=-6.549681
batch 3850/12592 loss=-6.513739
batch 3900/12592 loss=-15.298599
batch 3950/12592 loss=-26.060358
batch 4000/12592 loss=-22.151085
batch 4050/12592 loss=-16.039373
batch 4100/12592 loss=-0.695900
batch 4150/12592 loss=-19.672783
batch 4200/12592 loss=-21.100872
batch 4250/12592 loss=-22.757120
batch 4300/12592 loss=-11.338181
batch 4350/12592 loss=-14.766705
batch 4400/12592 loss=-23.114571
batch 4450/12592 loss=-17.736336
batch 4500/12592 loss=-18.430775
batch 4550/12592 loss=-17.267433
batch 4600/12592 loss=-7.205478
batch 4650/12592 loss=-9.533093
batch 4700/12592 loss=0.560780
batch 4750/12592 loss=-19.246044
batch 4800/12592 loss=-14.796840
batch 4850/12592 loss=-12.334602
batch 4900/12592 loss=-16.524994
batch 4950/12592 loss=-15.830818
batch 5000/12592 loss=-18.451878
batch 5050/12592 loss=-21.998238
batch 5100/12592 loss=-0.073362
batch 5150/12592 loss=-12.836706
batch 5200/12592 loss=-16.740719
batch 5250/12592 loss=-13.415612
batch 5300/12592 loss=-7.715215
batch 5350/12592 loss=-18.044273
batch 5400/12592 loss=-11.552910
batch 5450/12592 loss=-13.670232
batch 5500/12592 loss=-15.884268
batch 5550/12592 loss=-24.142731
batch 5600/12592 loss=-10.491814
batch 5650/12592 loss=-9.401417
batch 5700/12592 loss=-8.459198
batch 5750/12592 loss=-17.931839
batch 5800/12592 loss=-11.647797
batch 5850/12592 loss=-13.245132
batch 5900/12592 loss=-17.233742
batch 5950/12592 loss=-4.247066
batch 6000/12592 loss=-13.592071
batch 6050/12592 loss=-22.737991
batch 6100/12592 loss=-23.069582
batch 6150/12592 loss=-21.174637
batch 6200/12592 loss=-12.041314
batch 6250/12592 loss=-24.944771
batch 6300/12592 loss=-7.824825
batch 6350/12592 loss=-13.399460
batch 6400/12592 loss=-15.014338
batch 6450/12592 loss=-15.705684
batch 6500/12592 loss=-22.175468
batch 6550/12592 loss=-16.577503
batch 6600/12592 loss=-18.385605
batch 6650/12592 loss=-17.785622
batch 6700/12592 loss=-8.182800
batch 6750/12592 loss=-13.267836
batch 6800/12592 loss=-16.359512
batch 6850/12592 loss=-17.889614
batch 6900/12592 loss=-13.420940
batch 6950/12592 loss=-9.749134
batch 7000/12592 loss=-21.212378
batch 7050/12592 loss=-10.066231
batch 7100/12592 loss=-10.158858
batch 7150/12592 loss=-21.004356
batch 7200/12592 loss=-14.020252
batch 7250/12592 loss=-11.813531
batch 7300/12592 loss=-13.517393
batch 7350/12592 loss=-21.225176
batch 7400/12592 loss=-5.903327
batch 7450/12592 loss=-0.435728
batch 7500/12592 loss=-16.610083
batch 7550/12592 loss=-13.466333
batch 7600/12592 loss=-23.482550
batch 7650/12592 loss=-14.657455
batch 7700/12592 loss=-4.736371
batch 7750/12592 loss=-16.490986
batch 7800/12592 loss=-13.311977
batch 7850/12592 loss=-22.777386
batch 7900/12592 loss=-11.967038
batch 7950/12592 loss=-15.234241
batch 8000/12592 loss=-14.223458
batch 8050/12592 loss=-12.200871
batch 8100/12592 loss=-22.141117
batch 8150/12592 loss=-17.528503
batch 8200/12592 loss=-17.688681
batch 8250/12592 loss=-17.861097
batch 8300/12592 loss=-18.519709
batch 8350/12592 loss=-17.716576
batch 8400/12592 loss=-2.240812
batch 8450/12592 loss=-12.552383
batch 8500/12592 loss=-10.380796
batch 8550/12592 loss=-21.223560
batch 8600/12592 loss=-0.249345
batch 8650/12592 loss=-8.428066
batch 8700/12592 loss=-15.965511
batch 8750/12592 loss=-14.536776
batch 8800/12592 loss=-11.755455
batch 8850/12592 loss=-18.877777
batch 8900/12592 loss=-3.198691
batch 8950/12592 loss=-13.721238
batch 9000/12592 loss=-15.500601
batch 9050/12592 loss=-13.647800
batch 9100/12592 loss=-8.350517
batch 9150/12592 loss=-18.813377
batch 9200/12592 loss=-12.181536
batch 9250/12592 loss=-19.170895
batch 9300/12592 loss=-14.769016
batch 9350/12592 loss=-13.793207
batch 9400/12592 loss=-13.335751
batch 9450/12592 loss=-21.326172
batch 9500/12592 loss=-25.409866
batch 9550/12592 loss=-11.572369
batch 9600/12592 loss=-10.383754
batch 9650/12592 loss=-12.017382
batch 9700/12592 loss=-15.021761
batch 9750/12592 loss=-7.898467
batch 9800/12592 loss=-24.753325
batch 9850/12592 loss=-13.286913
batch 9900/12592 loss=-16.761112
batch 9950/12592 loss=-11.278155
batch 10000/12592 loss=-20.956158
batch 10050/12592 loss=-19.200745
batch 10100/12592 loss=-12.768815
batch 10150/12592 loss=-12.631496
batch 10200/12592 loss=-13.116737
batch 10250/12592 loss=-14.172618
batch 10300/12592 loss=-16.551731
batch 10350/12592 loss=-12.553035
batch 10400/12592 loss=-14.293036
batch 10450/12592 loss=-21.373264
batch 10500/12592 loss=-19.612934
batch 10550/12592 loss=-16.863380
batch 10600/12592 loss=-12.454034
batch 10650/12592 loss=-25.385807
batch 10700/12592 loss=-1.055969
batch 10750/12592 loss=-10.041659
batch 10800/12592 loss=-13.621675
batch 10850/12592 loss=-15.220274
batch 10900/12592 loss=-12.699688
batch 10950/12592 loss=-16.471012
batch 11000/12592 loss=-18.937164
batch 11050/12592 loss=-9.687984
batch 11100/12592 loss=-17.495850
batch 11150/12592 loss=-17.652843
batch 11200/12592 loss=-17.599857
batch 11250/12592 loss=-19.720514
batch 11300/12592 loss=-13.205446
batch 11350/12592 loss=-17.228405
batch 11400/12592 loss=-27.211647
batch 11450/12592 loss=-17.662437
batch 11500/12592 loss=-18.346024
batch 11550/12592 loss=-17.342537
batch 11600/12592 loss=-12.030579
batch 11650/12592 loss=-21.884148
batch 11700/12592 loss=-22.495346
batch 11750/12592 loss=-14.559523
batch 11800/12592 loss=-13.196332
batch 11850/12592 loss=-8.442547
batch 11900/12592 loss=-16.272078
batch 11950/12592 loss=-15.596886
batch 12000/12592 loss=-10.610529
batch 12050/12592 loss=-15.601102
batch 12100/12592 loss=-11.129400
batch 12150/12592 loss=-16.905903
batch 12200/12592 loss=-19.564095
batch 12250/12592 loss=-17.568913
batch 12300/12592 loss=-16.159531
batch 12350/12592 loss=-14.907362
batch 12400/12592 loss=-12.697567
batch 12450/12592 loss=-7.693499
batch 12500/12592 loss=-10.047709
batch 12550/12592 loss=-10.582582
epoch=25 train_loss=-14.854290 val_loss=-13.719520 minADE=0.576708 minFDE=0.733193 best=-19.057267 patience=3/50
batch 0/12592 loss=-21.744091
batch 50/12592 loss=-18.783897
batch 100/12592 loss=-12.023968
batch 150/12592 loss=-5.312387
batch 200/12592 loss=-1.728462
batch 250/12592 loss=-13.016981
batch 300/12592 loss=-14.349289
batch 350/12592 loss=-13.968996
batch 400/12592 loss=-15.020964
batch 450/12592 loss=-15.291101
batch 500/12592 loss=-17.492699
batch 550/12592 loss=-22.116426
batch 600/12592 loss=-11.397812
batch 650/12592 loss=-13.964019
batch 700/12592 loss=-13.099964
batch 750/12592 loss=-10.888144
batch 800/12592 loss=-14.215616
batch 850/12592 loss=-16.345020
batch 900/12592 loss=-17.550541
batch 950/12592 loss=-16.379375
batch 1000/12592 loss=-22.259048
batch 1050/12592 loss=-3.934792
batch 1100/12592 loss=-11.031583
batch 1150/12592 loss=-18.964212
batch 1200/12592 loss=-14.570937
batch 1250/12592 loss=-18.657887
batch 1300/12592 loss=-8.823933
batch 1350/12592 loss=-9.773223
batch 1400/12592 loss=-20.167185
batch 1450/12592 loss=-17.046177
batch 1500/12592 loss=-8.500162
batch 1550/12592 loss=-15.007359
batch 1600/12592 loss=-15.075294
batch 1650/12592 loss=-16.470879
batch 1700/12592 loss=-24.666000
batch 1750/12592 loss=-13.847688
batch 1800/12592 loss=-13.202028
batch 1850/12592 loss=-17.056093
batch 1900/12592 loss=-19.446873
batch 1950/12592 loss=-13.417260
batch 2000/12592 loss=-15.805144
batch 2050/12592 loss=-14.996375
batch 2100/12592 loss=-15.352732
batch 2150/12592 loss=-16.289181
batch 2200/12592 loss=-28.019215
batch 2250/12592 loss=-17.429440
batch 2300/12592 loss=-16.824705
batch 2350/12592 loss=-11.103909
batch 2400/12592 loss=-18.790602
batch 2450/12592 loss=-7.912318
batch 2500/12592 loss=-19.590424
batch 2550/12592 loss=-18.333633
batch 2600/12592 loss=-19.338158
batch 2650/12592 loss=-8.251011
batch 2700/12592 loss=-9.635077
batch 2750/12592 loss=-18.341452
batch 2800/12592 loss=-16.755583
batch 2850/12592 loss=-15.408930
batch 2900/12592 loss=-15.236607
batch 2950/12592 loss=-16.371443
batch 3000/12592 loss=-19.313046
batch 3050/12592 loss=-12.312693
batch 3100/12592 loss=-15.573658
batch 3150/12592 loss=-13.874633
batch 3200/12592 loss=-11.660478
batch 3250/12592 loss=-22.726103
batch 3300/12592 loss=-6.852662
batch 3350/12592 loss=-14.506926
batch 3400/12592 loss=-8.771942
batch 3450/12592 loss=-8.992210
batch 3500/12592 loss=-22.850161
batch 3550/12592 loss=-18.861204
batch 3600/12592 loss=-9.439690
batch 3650/12592 loss=-22.270687
batch 3700/12592 loss=-8.224583
batch 3750/12592 loss=-17.939432
batch 3800/12592 loss=-12.960282
batch 3850/12592 loss=-19.155455
batch 3900/12592 loss=-13.025687
batch 3950/12592 loss=-24.507908
batch 4000/12592 loss=-13.546852
batch 4050/12592 loss=-13.049584
batch 4100/12592 loss=-8.706266
batch 4150/12592 loss=-9.955331
batch 4200/12592 loss=-10.761745
batch 4250/12592 loss=-19.230965
batch 4300/12592 loss=-16.621504
batch 4350/12592 loss=-14.810344
batch 4400/12592 loss=-16.449303
batch 4450/12592 loss=-18.864923
batch 4500/12592 loss=-23.447239
batch 4550/12592 loss=-4.572940
batch 4600/12592 loss=-8.157626
batch 4650/12592 loss=-6.385301
batch 4700/12592 loss=-17.591656
batch 4750/12592 loss=-17.891182
batch 4800/12592 loss=-15.173967
batch 4850/12592 loss=-16.058792
batch 4900/12592 loss=-15.368508
batch 4950/12592 loss=-8.648607
batch 5000/12592 loss=-6.100141
batch 5050/12592 loss=-11.214523
batch 5100/12592 loss=-18.328531
batch 5150/12592 loss=-20.499815
batch 5200/12592 loss=-17.328999
batch 5250/12592 loss=-10.354924
batch 5300/12592 loss=-12.579662
batch 5350/12592 loss=-12.040722
batch 5400/12592 loss=-9.032970
batch 5450/12592 loss=-17.560135
batch 5500/12592 loss=-8.950319
batch 5550/12592 loss=-10.597978
batch 5600/12592 loss=-15.889964
batch 5650/12592 loss=-15.044926
batch 5700/12592 loss=-10.657867
batch 5750/12592 loss=-11.140284
batch 5800/12592 loss=-19.200798
batch 5850/12592 loss=-15.532562
batch 5900/12592 loss=-17.849684
batch 5950/12592 loss=-11.952703
batch 6000/12592 loss=-15.975742
batch 6050/12592 loss=-14.006061
batch 6100/12592 loss=-9.741632
batch 6150/12592 loss=-18.468462
batch 6200/12592 loss=-13.666278
batch 6250/12592 loss=-20.869934
batch 6300/12592 loss=-19.245083
batch 6350/12592 loss=-11.790857
batch 6400/12592 loss=-16.185390
batch 6450/12592 loss=-7.364154
batch 6500/12592 loss=-13.879681
batch 6550/12592 loss=-10.575016
batch 6600/12592 loss=-14.136499
batch 6650/12592 loss=-13.802996
batch 6700/12592 loss=-15.757555
batch 6750/12592 loss=-12.235188
batch 6800/12592 loss=-7.645080
batch 6850/12592 loss=-17.692080
batch 6900/12592 loss=-12.482282
batch 6950/12592 loss=-20.386440
batch 7000/12592 loss=-15.234077
batch 7050/12592 loss=-19.393084
batch 7100/12592 loss=-21.629551
batch 7150/12592 loss=-14.078491
batch 7200/12592 loss=-21.773336
batch 7250/12592 loss=7.443548
batch 7300/12592 loss=-12.092499
batch 7350/12592 loss=-10.929743
batch 7400/12592 loss=-21.318060
batch 7450/12592 loss=-13.507019
batch 7500/12592 loss=-15.582412
batch 7550/12592 loss=-5.714417
batch 7600/12592 loss=-8.289278
batch 7650/12592 loss=-12.623222
batch 7700/12592 loss=-9.856454
batch 7750/12592 loss=-16.560287
batch 7800/12592 loss=-18.405273
batch 7850/12592 loss=-16.085396
batch 7900/12592 loss=-12.455108
batch 7950/12592 loss=-14.505725
batch 8000/12592 loss=-12.310713
batch 8050/12592 loss=-23.774254
batch 8100/12592 loss=-15.998293
batch 8150/12592 loss=-9.485947
batch 8200/12592 loss=-21.018105
batch 8250/12592 loss=-13.144150
batch 8300/12592 loss=-20.356285
batch 8350/12592 loss=-17.240587
batch 8400/12592 loss=-11.555326
batch 8450/12592 loss=-2.263663
batch 8500/12592 loss=-16.772594
batch 8550/12592 loss=-14.946651
batch 8600/12592 loss=-19.103741
batch 8650/12592 loss=-15.767985
batch 8700/12592 loss=-15.610105
batch 8750/12592 loss=-10.738828
batch 8800/12592 loss=-17.729759
batch 8850/12592 loss=-4.250113
batch 8900/12592 loss=-7.668896
batch 8950/12592 loss=-2.157195
batch 9000/12592 loss=-19.326723
batch 9050/12592 loss=-12.200095
batch 9100/12592 loss=-12.725489
batch 9150/12592 loss=-23.828989
batch 9200/12592 loss=-5.372330
batch 9250/12592 loss=-17.888607
batch 9300/12592 loss=-10.633100
batch 9350/12592 loss=-22.902409
batch 9400/12592 loss=-15.925520
batch 9450/12592 loss=-18.023773
batch 9500/12592 loss=-9.874599
batch 9550/12592 loss=-15.059518
batch 9600/12592 loss=-16.596943
batch 9650/12592 loss=-6.489441
batch 9700/12592 loss=-19.817318
batch 9750/12592 loss=-16.083540
batch 9800/12592 loss=-13.465451
batch 9850/12592 loss=-10.932535
batch 9900/12592 loss=-18.638269
batch 9950/12592 loss=-6.402959
batch 10000/12592 loss=-17.487497
batch 10050/12592 loss=-22.409367
batch 10100/12592 loss=-11.665102
batch 10150/12592 loss=-23.976879
batch 10200/12592 loss=-17.885706
batch 10250/12592 loss=-22.462940
batch 10300/12592 loss=-16.976877
batch 10350/12592 loss=-20.100742
batch 10400/12592 loss=-6.211520
batch 10450/12592 loss=-14.065806
batch 10500/12592 loss=-5.737212
batch 10550/12592 loss=-14.221336
batch 10600/12592 loss=-15.024169
batch 10650/12592 loss=-15.866793
batch 10700/12592 loss=-18.552916
batch 10750/12592 loss=-10.734767
batch 10800/12592 loss=-16.103405
batch 10850/12592 loss=-3.736523
batch 10900/12592 loss=-10.280007
batch 10950/12592 loss=-13.297536
batch 11000/12592 loss=-12.779211
batch 11050/12592 loss=-12.783487
batch 11100/12592 loss=-16.924480
batch 11150/12592 loss=-17.724566
batch 11200/12592 loss=-12.764688
batch 11250/12592 loss=-20.327995
batch 11300/12592 loss=-12.077380
batch 11350/12592 loss=-15.489712
batch 11400/12592 loss=-5.920148
batch 11450/12592 loss=-9.677853
batch 11500/12592 loss=-16.959917
batch 11550/12592 loss=-17.097019
batch 11600/12592 loss=-15.755858
batch 11650/12592 loss=-2.120990
batch 11700/12592 loss=-20.164631
batch 11750/12592 loss=-13.888363
batch 11800/12592 loss=-13.451822
batch 11850/12592 loss=-14.107924
batch 11900/12592 loss=-14.616092
batch 11950/12592 loss=-22.828297
batch 12000/12592 loss=-11.507372
batch 12050/12592 loss=-20.997814
batch 12100/12592 loss=-16.353680
batch 12150/12592 loss=-11.142244
batch 12200/12592 loss=-12.622087
batch 12250/12592 loss=-16.567833
batch 12300/12592 loss=-19.512371
batch 12350/12592 loss=-11.566008
batch 12400/12592 loss=-19.928335
batch 12450/12592 loss=1.888620
batch 12500/12592 loss=-16.734743
batch 12550/12592 loss=-22.826210
epoch=26 train_loss=-14.576802 val_loss=-8.521505 minADE=0.600685 minFDE=0.732869 best=-19.057267 patience=4/50
batch 0/12592 loss=-12.301477
batch 50/12592 loss=-19.423218
batch 100/12592 loss=-12.895616
batch 150/12592 loss=-22.371635
batch 200/12592 loss=-14.396908
batch 250/12592 loss=-14.461531
batch 300/12592 loss=-17.451687
batch 350/12592 loss=-18.360134
batch 400/12592 loss=-20.101665
batch 450/12592 loss=-16.675961
batch 500/12592 loss=-18.526726
batch 550/12592 loss=-4.785227
batch 600/12592 loss=-22.750462
batch 650/12592 loss=-18.922421
batch 700/12592 loss=-13.251661
batch 750/12592 loss=-13.872668
batch 800/12592 loss=-18.059719
batch 850/12592 loss=-19.197964
batch 900/12592 loss=-13.348408
batch 950/12592 loss=-17.601299
batch 1000/12592 loss=-12.000365
batch 1050/12592 loss=-14.687359
batch 1100/12592 loss=-17.876308
batch 1150/12592 loss=-10.015402
batch 1200/12592 loss=-10.918880
batch 1250/12592 loss=-17.902058
batch 1300/12592 loss=-15.198305
batch 1350/12592 loss=-14.533885
batch 1400/12592 loss=-8.404094
batch 1450/12592 loss=-16.688164
batch 1500/12592 loss=-22.753075
batch 1550/12592 loss=-11.525286
batch 1600/12592 loss=-20.160418
batch 1650/12592 loss=-9.958083
batch 1700/12592 loss=-8.510220
batch 1750/12592 loss=1.078414
batch 1800/12592 loss=-11.463211
batch 1850/12592 loss=-11.113820
batch 1900/12592 loss=-18.342913
batch 1950/12592 loss=-16.766211
batch 2000/12592 loss=-18.349285
batch 2050/12592 loss=-13.345322
batch 2100/12592 loss=-13.900547
batch 2150/12592 loss=-13.304828
batch 2200/12592 loss=-13.242518
batch 2250/12592 loss=-9.239549
batch 2300/12592 loss=-22.286488
batch 2350/12592 loss=-17.701488
batch 2400/12592 loss=-4.388052
batch 2450/12592 loss=-13.373594
batch 2500/12592 loss=-16.232876
batch 2550/12592 loss=-27.982986
batch 2600/12592 loss=-8.001930
batch 2650/12592 loss=-13.672621
batch 2700/12592 loss=-13.666232
batch 2750/12592 loss=-20.372627
batch 2800/12592 loss=-22.246086
batch 2850/12592 loss=-11.766085
batch 2900/12592 loss=-16.104191
batch 2950/12592 loss=-14.595439
batch 3000/12592 loss=-12.052063
batch 3050/12592 loss=-12.120783
batch 3100/12592 loss=-10.346103
batch 3150/12592 loss=-13.610171
batch 3200/12592 loss=-11.236307
batch 3250/12592 loss=-4.138493
batch 3300/12592 loss=-19.988468
batch 3350/12592 loss=-12.388073
batch 3400/12592 loss=-13.528887
batch 3450/12592 loss=-13.819613
batch 3500/12592 loss=-12.043219
batch 3550/12592 loss=-8.553788
batch 3600/12592 loss=-13.588406
batch 3650/12592 loss=-14.512491
batch 3700/12592 loss=-15.079654
batch 3750/12592 loss=-23.656834
batch 3800/12592 loss=-17.315998
batch 3850/12592 loss=-11.060429
batch 3900/12592 loss=-18.876711
batch 3950/12592 loss=-4.164345
batch 4000/12592 loss=-19.116583
batch 4050/12592 loss=-5.177292
batch 4100/12592 loss=-25.045000
batch 4150/12592 loss=-14.379822
batch 4200/12592 loss=-15.181836
batch 4250/12592 loss=-24.873806
batch 4300/12592 loss=-25.153614
batch 4350/12592 loss=-12.027885
batch 4400/12592 loss=-10.900629
batch 4450/12592 loss=-9.232061
batch 4500/12592 loss=-12.146198
batch 4550/12592 loss=-12.409685
batch 4600/12592 loss=-15.770245
batch 4650/12592 loss=-14.777184
batch 4700/12592 loss=-14.139653
batch 4750/12592 loss=-14.769087
batch 4800/12592 loss=-10.136175
batch 4850/12592 loss=-12.852751
batch 4900/12592 loss=-21.275568
batch 4950/12592 loss=-5.917953
batch 5000/12592 loss=-15.369055
batch 5050/12592 loss=-15.367722
batch 5100/12592 loss=-16.115952
batch 5150/12592 loss=-8.375244
batch 5200/12592 loss=-17.076927
batch 5250/12592 loss=-15.790861
batch 5300/12592 loss=-15.065346
batch 5350/12592 loss=-20.397972
batch 5400/12592 loss=-19.639767
batch 5450/12592 loss=-13.186395
batch 5500/12592 loss=-11.930223
batch 5550/12592 loss=-17.988829
batch 5600/12592 loss=-19.510025
batch 5650/12592 loss=-9.928643
batch 5700/12592 loss=-13.421207
batch 5750/12592 loss=-21.288790
batch 5800/12592 loss=-9.370518
batch 5850/12592 loss=-18.184996
batch 5900/12592 loss=-17.308971
batch 5950/12592 loss=-18.548267
batch 6000/12592 loss=-22.511623
batch 6050/12592 loss=-17.197830
batch 6100/12592 loss=-13.460661
batch 6150/12592 loss=-22.507088
batch 6200/12592 loss=-13.768929
batch 6250/12592 loss=-16.834576
batch 6300/12592 loss=-24.018019
batch 6350/12592 loss=-12.160242
batch 6400/12592 loss=-9.609652
batch 6450/12592 loss=-10.198187
batch 6500/12592 loss=-23.513924
batch 6550/12592 loss=-5.470997
batch 6600/12592 loss=-22.640142
batch 6650/12592 loss=-20.075222
batch 6700/12592 loss=-13.789547
batch 6750/12592 loss=-10.536875
batch 6800/12592 loss=-16.818605
batch 6850/12592 loss=-8.467023
batch 6900/12592 loss=-21.792633
batch 6950/12592 loss=-7.832030
batch 7000/12592 loss=-18.410610
batch 7050/12592 loss=-18.627352
batch 7100/12592 loss=-4.792519
batch 7150/12592 loss=-2.935272
batch 7200/12592 loss=-11.071232
batch 7250/12592 loss=-17.180630
batch 7300/12592 loss=-26.375134
batch 7350/12592 loss=-14.024868
batch 7400/12592 loss=-15.682505
batch 7450/12592 loss=-7.805151
batch 7500/12592 loss=-14.520321
batch 7550/12592 loss=-11.122861
batch 7600/12592 loss=-5.446983
batch 7650/12592 loss=-13.828878
batch 7700/12592 loss=-20.694832
batch 7750/12592 loss=-2.495193
batch 7800/12592 loss=-17.405186
batch 7850/12592 loss=-18.875050
batch 7900/12592 loss=-25.699345
batch 7950/12592 loss=-3.377489
batch 8000/12592 loss=-15.085798
batch 8050/12592 loss=-20.310143
batch 8100/12592 loss=-24.135216
batch 8150/12592 loss=-19.733620
batch 8200/12592 loss=-6.546881
batch 8250/12592 loss=-9.444100
batch 8300/12592 loss=-12.460856
batch 8350/12592 loss=-11.832322
batch 8400/12592 loss=-11.928772
batch 8450/12592 loss=-18.701942
batch 8500/12592 loss=-21.374489
batch 8550/12592 loss=-10.655977
batch 8600/12592 loss=-6.859987
batch 8650/12592 loss=-12.311010
batch 8700/12592 loss=-17.470417
batch 8750/12592 loss=-9.767346
batch 8800/12592 loss=-9.971107
batch 8850/12592 loss=-11.064497
batch 8900/12592 loss=-13.061817
batch 8950/12592 loss=-21.463884
batch 9000/12592 loss=-11.524366
batch 9050/12592 loss=-17.929657
batch 9100/12592 loss=-16.917976
batch 9150/12592 loss=-22.478495
batch 9200/12592 loss=-16.313179
batch 9250/12592 loss=-22.462654
batch 9300/12592 loss=-18.742279
batch 9350/12592 loss=-19.973518
batch 9400/12592 loss=-23.544174
batch 9450/12592 loss=-16.523989
batch 9500/12592 loss=-9.115721
batch 9550/12592 loss=-18.834461
batch 9600/12592 loss=-5.941007
batch 9650/12592 loss=-15.238441
batch 9700/12592 loss=-23.404060
batch 9750/12592 loss=-7.269804
batch 9800/12592 loss=-21.203680
batch 9850/12592 loss=-14.065105
batch 9900/12592 loss=-16.429317
batch 9950/12592 loss=-14.968486
batch 10000/12592 loss=-11.178566
batch 10050/12592 loss=-13.256665
batch 10100/12592 loss=-11.942390
batch 10150/12592 loss=-14.304874
batch 10200/12592 loss=-14.199368
batch 10250/12592 loss=-7.891996
batch 10300/12592 loss=-17.267029
batch 10350/12592 loss=-13.458540
batch 10400/12592 loss=-13.922112
batch 10450/12592 loss=-13.318295
batch 10500/12592 loss=-21.973827
batch 10550/12592 loss=-13.806473
batch 10600/12592 loss=-11.172862
batch 10650/12592 loss=-7.548404
batch 10700/12592 loss=-8.529690
batch 10750/12592 loss=-17.932205
batch 10800/12592 loss=-25.723057
batch 10850/12592 loss=-10.186810
batch 10900/12592 loss=-22.041885
batch 10950/12592 loss=-10.633575
batch 11000/12592 loss=-17.211880
batch 11050/12592 loss=-15.198640
batch 11100/12592 loss=-11.770631
batch 11150/12592 loss=-16.917389
batch 11200/12592 loss=-19.179001
batch 11250/12592 loss=-10.363034
batch 11300/12592 loss=-3.238488
batch 11350/12592 loss=-15.235734
batch 11400/12592 loss=-22.905563
batch 11450/12592 loss=-15.169833
batch 11500/12592 loss=-11.379324
batch 11550/12592 loss=-13.059465
batch 11600/12592 loss=-10.612064
batch 11650/12592 loss=-14.934726
batch 11700/12592 loss=-17.002251
batch 11750/12592 loss=-15.209822
batch 11800/12592 loss=-14.898916
batch 11850/12592 loss=-21.127483
batch 11900/12592 loss=-20.575264
batch 11950/12592 loss=-12.808748
batch 12000/12592 loss=-13.058942
batch 12050/12592 loss=-15.641849
batch 12100/12592 loss=-10.027217
batch 12150/12592 loss=-22.486572
batch 12200/12592 loss=1.356373
batch 12250/12592 loss=-18.542763
batch 12300/12592 loss=-10.657636
batch 12350/12592 loss=-17.961964
batch 12400/12592 loss=-27.515091
batch 12450/12592 loss=-17.595278
batch 12500/12592 loss=-18.804554
batch 12550/12592 loss=-11.657349
epoch=27 train_loss=-14.834608 val_loss=-15.304854 minADE=0.581668 minFDE=0.705184 best=-19.057267 patience=5/50
batch 0/12592 loss=-20.403629
batch 50/12592 loss=-15.561377
batch 100/12592 loss=-12.568198
batch 150/12592 loss=-18.358845
batch 200/12592 loss=2.858158
batch 250/12592 loss=-8.114997
batch 300/12592 loss=-15.033810
batch 350/12592 loss=-17.677223
batch 400/12592 loss=-14.409274
batch 450/12592 loss=-14.702747
batch 500/12592 loss=-15.914116
batch 550/12592 loss=-14.758234
batch 600/12592 loss=-20.219906
batch 650/12592 loss=-10.028341
batch 700/12592 loss=-10.292627
batch 750/12592 loss=-15.957292
batch 800/12592 loss=-15.554015
batch 850/12592 loss=-13.389301
batch 900/12592 loss=-14.014910
batch 950/12592 loss=-23.473949
batch 1000/12592 loss=-12.080536
batch 1050/12592 loss=-10.947026
batch 1100/12592 loss=-9.655475
batch 1150/12592 loss=-15.916937
batch 1200/12592 loss=-11.276632
batch 1250/12592 loss=-20.139202
batch 1300/12592 loss=-13.574669
batch 1350/12592 loss=-7.845020
batch 1400/12592 loss=-12.753414
batch 1450/12592 loss=-16.238651
batch 1500/12592 loss=-10.695350
batch 1550/12592 loss=-19.087288
batch 1600/12592 loss=-17.149370
batch 1650/12592 loss=-20.588402
batch 1700/12592 loss=-19.675148
batch 1750/12592 loss=-13.606794
batch 1800/12592 loss=-29.511173
batch 1850/12592 loss=-20.059168
batch 1900/12592 loss=-10.898016
batch 1950/12592 loss=-15.429701
batch 2000/12592 loss=-17.580025
batch 2050/12592 loss=-19.575420
batch 2100/12592 loss=-11.081587
batch 2150/12592 loss=-26.327480
batch 2200/12592 loss=-16.432177
batch 2250/12592 loss=-15.901655
batch 2300/12592 loss=-13.788187
batch 2350/12592 loss=-8.815392
batch 2400/12592 loss=-7.488175
batch 2450/12592 loss=-8.039528
batch 2500/12592 loss=-15.629732
batch 2550/12592 loss=-16.820492
batch 2600/12592 loss=-14.387025
batch 2650/12592 loss=-21.810867
batch 2700/12592 loss=-15.812069
batch 2750/12592 loss=-14.166427
batch 2800/12592 loss=-20.582973
batch 2850/12592 loss=-2.832953
batch 2900/12592 loss=-5.574976
batch 2950/12592 loss=-18.891853
batch 3000/12592 loss=-17.685295
batch 3050/12592 loss=-15.885130
batch 3100/12592 loss=-22.090899
batch 3150/12592 loss=-17.334400
batch 3200/12592 loss=-20.705513
batch 3250/12592 loss=-9.718438
batch 3300/12592 loss=-7.197459
batch 3350/12592 loss=-22.806637
batch 3400/12592 loss=-15.333895
batch 3450/12592 loss=-20.884640
batch 3500/12592 loss=-10.312796
batch 3550/12592 loss=-13.480827
batch 3600/12592 loss=-9.965754
batch 3650/12592 loss=-14.903683
batch 3700/12592 loss=-1.872859
batch 3750/12592 loss=-17.255259
batch 3800/12592 loss=-17.586197
batch 3850/12592 loss=-11.936435
batch 3900/12592 loss=-12.297783
batch 3950/12592 loss=-15.155338
batch 4000/12592 loss=-13.751997
batch 4050/12592 loss=-12.498482
batch 4100/12592 loss=-16.731495
batch 4150/12592 loss=-20.522522
batch 4200/12592 loss=-2.736356
batch 4250/12592 loss=-4.706129
batch 4300/12592 loss=-8.915980
batch 4350/12592 loss=-21.040939
batch 4400/12592 loss=-9.191326
batch 4450/12592 loss=-6.841219
batch 4500/12592 loss=-20.625984
batch 4550/12592 loss=-19.009331
batch 4600/12592 loss=-21.577187
batch 4650/12592 loss=-24.024483
batch 4700/12592 loss=-15.929888
batch 4750/12592 loss=-26.311602
batch 4800/12592 loss=-15.929412
batch 4850/12592 loss=-6.760250
batch 4900/12592 loss=-3.324954
batch 4950/12592 loss=-12.527352
batch 5000/12592 loss=-11.185934
batch 5050/12592 loss=-7.019683
batch 5100/12592 loss=-17.544874
batch 5150/12592 loss=-8.097804
batch 5200/12592 loss=-13.147292
batch 5250/12592 loss=-21.929733
batch 5300/12592 loss=-14.957637
batch 5350/12592 loss=-15.002727
batch 5400/12592 loss=-9.052788
batch 5450/12592 loss=-17.868059
batch 5500/12592 loss=-15.793804
batch 5550/12592 loss=-18.459528
batch 5600/12592 loss=-17.173309
batch 5650/12592 loss=-15.298587
batch 5700/12592 loss=-17.721361
batch 5750/12592 loss=-17.747425
batch 5800/12592 loss=-14.569522
batch 5850/12592 loss=-11.648952
batch 5900/12592 loss=-8.866178
batch 5950/12592 loss=-18.917120
batch 6000/12592 loss=-11.579214
batch 6050/12592 loss=-13.042589
batch 6100/12592 loss=-6.906418
batch 6150/12592 loss=-10.422625
batch 6200/12592 loss=-13.539696
batch 6250/12592 loss=-14.778603
batch 6300/12592 loss=-13.230920
batch 6350/12592 loss=-7.850410
batch 6400/12592 loss=-17.199200
batch 6450/12592 loss=-10.027796
batch 6500/12592 loss=-6.378844
batch 6550/12592 loss=-11.063320
batch 6600/12592 loss=-18.373056
batch 6650/12592 loss=-27.997122
batch 6700/12592 loss=-14.080362
batch 6750/12592 loss=-15.603061
batch 6800/12592 loss=-16.821674
batch 6850/12592 loss=-9.303549
batch 6900/12592 loss=-12.754836
batch 6950/12592 loss=-13.647957
batch 7000/12592 loss=-16.862907
batch 7050/12592 loss=-22.932501
batch 7100/12592 loss=-4.730770
batch 7150/12592 loss=-22.482904
batch 7200/12592 loss=-11.018950
batch 7250/12592 loss=-24.961391
batch 7300/12592 loss=-11.085114
batch 7350/12592 loss=-8.270252
batch 7400/12592 loss=-10.306020
batch 7450/12592 loss=-24.260185
batch 7500/12592 loss=-14.644922
batch 7550/12592 loss=-15.004642
batch 7600/12592 loss=-13.135132
batch 7650/12592 loss=-16.560556
batch 7700/12592 loss=-14.639157
batch 7750/12592 loss=-10.689260
batch 7800/12592 loss=-12.415848
batch 7850/12592 loss=-22.850075
batch 7900/12592 loss=-13.219779
batch 7950/12592 loss=-13.390669
batch 8000/12592 loss=-15.146103
batch 8050/12592 loss=-14.150818
batch 8100/12592 loss=-17.951439
batch 8150/12592 loss=-15.448662
batch 8200/12592 loss=-11.581144
batch 8250/12592 loss=-8.980009
batch 8300/12592 loss=-10.457399
batch 8350/12592 loss=-20.977264
batch 8400/12592 loss=-7.158649
batch 8450/12592 loss=-3.586031
batch 8500/12592 loss=-18.563179
batch 8550/12592 loss=-13.582397
batch 8600/12592 loss=-14.524297
batch 8650/12592 loss=-18.122837
batch 8700/12592 loss=-16.881216
batch 8750/12592 loss=-6.780125
batch 8800/12592 loss=-12.395539
batch 8850/12592 loss=-18.958075
batch 8900/12592 loss=-20.270863
batch 8950/12592 loss=-6.907064
batch 9000/12592 loss=-18.877853
batch 9050/12592 loss=-20.706375
batch 9100/12592 loss=-18.129562
batch 9150/12592 loss=-20.103497
batch 9200/12592 loss=-10.254663
batch 9250/12592 loss=-22.540577
batch 9300/12592 loss=-23.518463
batch 9350/12592 loss=-12.505502
batch 9400/12592 loss=-12.334690
batch 9450/12592 loss=-17.247860
batch 9500/12592 loss=-10.954388
batch 9550/12592 loss=-13.497046
batch 9600/12592 loss=-7.313684
batch 9650/12592 loss=-17.634472
batch 9700/12592 loss=-19.094584
batch 9750/12592 loss=-12.219637
batch 9800/12592 loss=-14.170787
batch 9850/12592 loss=-24.535042
batch 9900/12592 loss=-20.129238
batch 9950/12592 loss=-8.936245
batch 10000/12592 loss=-21.416925
batch 10050/12592 loss=-7.546244
batch 10100/12592 loss=-15.423067
batch 10150/12592 loss=-23.113724
batch 10200/12592 loss=-14.590260
batch 10250/12592 loss=-5.363337
batch 10300/12592 loss=-18.126423
batch 10350/12592 loss=-16.770725
batch 10400/12592 loss=-15.050341
batch 10450/12592 loss=-8.623321
batch 10500/12592 loss=-16.677883
batch 10550/12592 loss=-14.548952
batch 10600/12592 loss=-7.132496
batch 10650/12592 loss=-6.993923
batch 10700/12592 loss=-14.902064
batch 10750/12592 loss=2.654612
batch 10800/12592 loss=-19.348083
batch 10850/12592 loss=-16.901800
batch 10900/12592 loss=-22.350662
batch 10950/12592 loss=-9.062971
batch 11000/12592 loss=-13.396080
batch 11050/12592 loss=-14.276468
batch 11100/12592 loss=-5.957674
batch 11150/12592 loss=-11.142479
batch 11200/12592 loss=-7.211598
batch 11250/12592 loss=-13.238433
batch 11300/12592 loss=-10.304640
batch 11350/12592 loss=-20.418129
batch 11400/12592 loss=-13.438709
batch 11450/12592 loss=-18.375092
batch 11500/12592 loss=-14.487082
batch 11550/12592 loss=-10.008492
batch 11600/12592 loss=-17.538662
batch 11650/12592 loss=-17.479767
batch 11700/12592 loss=-16.527567
batch 11750/12592 loss=-9.580307
batch 11800/12592 loss=-4.718498
batch 11850/12592 loss=-12.679263
batch 11900/12592 loss=-17.896566
batch 11950/12592 loss=-14.747740
batch 12000/12592 loss=-17.371088
batch 12050/12592 loss=-14.951731
batch 12100/12592 loss=-17.864052
batch 12150/12592 loss=-11.191441
batch 12200/12592 loss=-13.081331
batch 12250/12592 loss=-18.056992
batch 12300/12592 loss=-6.068209
batch 12350/12592 loss=-4.202585
batch 12400/12592 loss=-26.411917
batch 12450/12592 loss=-14.784958
batch 12500/12592 loss=-25.706900
batch 12550/12592 loss=-23.129133
epoch=28 train_loss=-14.696004 val_loss=-12.085116 minADE=0.568350 minFDE=0.692382 best=-19.057267 patience=6/50
batch 0/12592 loss=-14.180311
batch 50/12592 loss=-1.364678
batch 100/12592 loss=-5.240041
batch 150/12592 loss=-6.334599
batch 200/12592 loss=-10.127489
batch 250/12592 loss=-14.803246
batch 300/12592 loss=-15.731342
batch 350/12592 loss=-21.131496
batch 400/12592 loss=-22.551004
batch 450/12592 loss=-19.329376
batch 500/12592 loss=-13.331844
batch 550/12592 loss=-1.323654
batch 600/12592 loss=-6.904709
batch 650/12592 loss=-12.951740
batch 700/12592 loss=-25.401495
batch 750/12592 loss=-18.835796
batch 800/12592 loss=-14.859938
batch 850/12592 loss=-13.967402
batch 900/12592 loss=-19.279522
batch 950/12592 loss=-9.184025
batch 1000/12592 loss=-5.062366
batch 1050/12592 loss=-15.525511
batch 1100/12592 loss=-16.301178
batch 1150/12592 loss=-13.101861
batch 1200/12592 loss=-17.315168
batch 1250/12592 loss=-10.817619
batch 1300/12592 loss=-1.370502
batch 1350/12592 loss=-2.180000
batch 1400/12592 loss=-12.873464
batch 1450/12592 loss=-20.072472
batch 1500/12592 loss=-5.745933
batch 1550/12592 loss=-11.800513
batch 1600/12592 loss=-16.377892
batch 1650/12592 loss=-13.410596
batch 1700/12592 loss=-22.644844
batch 1750/12592 loss=-27.376736
batch 1800/12592 loss=-25.544466
batch 1850/12592 loss=-5.871480
batch 1900/12592 loss=-15.358681
batch 1950/12592 loss=-15.816242
batch 2000/12592 loss=-9.115000
batch 2050/12592 loss=-18.554386
batch 2100/12592 loss=-11.460711
batch 2150/12592 loss=-13.206058
batch 2200/12592 loss=-13.734768
batch 2250/12592 loss=-20.064125
batch 2300/12592 loss=-27.463223
batch 2350/12592 loss=-15.851597
batch 2400/12592 loss=-16.393209
batch 2450/12592 loss=-11.417166
batch 2500/12592 loss=-9.320724
batch 2550/12592 loss=-1.646565
batch 2600/12592 loss=-11.702502
batch 2650/12592 loss=-7.210035
batch 2700/12592 loss=-12.339544
batch 2750/12592 loss=-19.655800
batch 2800/12592 loss=-4.651328
batch 2850/12592 loss=-15.642723
batch 2900/12592 loss=-16.383883
batch 2950/12592 loss=-15.849711
batch 3000/12592 loss=-12.603504
batch 3050/12592 loss=-10.402973
batch 3100/12592 loss=-20.098885
batch 3150/12592 loss=-18.091066
batch 3200/12592 loss=-20.187006
batch 3250/12592 loss=-19.000381
batch 3300/12592 loss=-19.109058
batch 3350/12592 loss=-18.927794
batch 3400/12592 loss=-24.376335
batch 3450/12592 loss=-15.822689
batch 3500/12592 loss=-3.496917
batch 3550/12592 loss=-25.521797
batch 3600/12592 loss=-14.791329
batch 3650/12592 loss=-15.313684
batch 3700/12592 loss=-15.441462
batch 3750/12592 loss=-15.102481
batch 3800/12592 loss=-14.058439
batch 3850/12592 loss=-17.395092
batch 3900/12592 loss=-19.614929
batch 3950/12592 loss=-22.611031
batch 4000/12592 loss=-16.765854
batch 4050/12592 loss=-19.876648
batch 4100/12592 loss=-11.204969
batch 4150/12592 loss=-18.510727
batch 4200/12592 loss=-11.499000
batch 4250/12592 loss=-23.092863
batch 4300/12592 loss=-19.147411
batch 4350/12592 loss=-13.807198
batch 4400/12592 loss=-14.142826
batch 4450/12592 loss=-16.508871
batch 4500/12592 loss=-13.555270
batch 4550/12592 loss=-13.177910
batch 4600/12592 loss=-16.636730
batch 4650/12592 loss=-8.612787
batch 4700/12592 loss=-23.573528
batch 4750/12592 loss=-21.880142
batch 4800/12592 loss=-9.942334
batch 4850/12592 loss=-21.593857
batch 4900/12592 loss=-20.984438
batch 4950/12592 loss=-13.905957
batch 5000/12592 loss=-20.282719
batch 5050/12592 loss=-17.171654
batch 5100/12592 loss=-19.185902
batch 5150/12592 loss=-15.693918
batch 5200/12592 loss=-13.124552
batch 5250/12592 loss=-22.191929
batch 5300/12592 loss=-11.005161
batch 5350/12592 loss=-21.190540
batch 5400/12592 loss=-19.929810
batch 5450/12592 loss=-13.537662
batch 5500/12592 loss=-20.305740
batch 5550/12592 loss=-14.170864
batch 5600/12592 loss=-20.608555
batch 5650/12592 loss=-27.127901
batch 5700/12592 loss=-21.092001
batch 5750/12592 loss=-10.604214
batch 5800/12592 loss=-4.634294
batch 5850/12592 loss=-15.091520
batch 5900/12592 loss=-14.715322
batch 5950/12592 loss=-26.294525
batch 6000/12592 loss=-18.066566
batch 6050/12592 loss=-20.265936
batch 6100/12592 loss=-14.012174
batch 6150/12592 loss=-20.672705
batch 6200/12592 loss=-18.259071
batch 6250/12592 loss=-6.407449
batch 6300/12592 loss=-22.228218
batch 6350/12592 loss=-16.481102
batch 6400/12592 loss=-11.157265
batch 6450/12592 loss=-19.853085
batch 6500/12592 loss=-22.347496
batch 6550/12592 loss=-14.012902
batch 6600/12592 loss=-10.864075
batch 6650/12592 loss=-19.638670
batch 6700/12592 loss=-12.126169
batch 6750/12592 loss=-23.483086
batch 6800/12592 loss=-25.622417
batch 6850/12592 loss=-19.009989
batch 6900/12592 loss=-15.269033
batch 6950/12592 loss=-11.071938
batch 7000/12592 loss=-13.579659
batch 7050/12592 loss=-3.663740
batch 7100/12592 loss=-12.382797
batch 7150/12592 loss=-5.082580
batch 7200/12592 loss=-10.271620
batch 7250/12592 loss=-9.960814
batch 7300/12592 loss=-23.236034
batch 7350/12592 loss=-21.772957
batch 7400/12592 loss=-24.941425
batch 7450/12592 loss=-18.871939
batch 7500/12592 loss=-22.474327
batch 7550/12592 loss=-10.645323
batch 7600/12592 loss=-13.822758
batch 7650/12592 loss=-0.113136
batch 7700/12592 loss=-19.785679
batch 7750/12592 loss=-18.959040
batch 7800/12592 loss=-19.155598
batch 7850/12592 loss=-12.138741
batch 7900/12592 loss=-12.179159
batch 7950/12592 loss=-13.558411
batch 8000/12592 loss=-9.437544
batch 8050/12592 loss=0.876230
batch 8100/12592 loss=-6.391250
batch 8150/12592 loss=-15.704281
batch 8200/12592 loss=-21.027370
batch 8250/12592 loss=-23.438074
batch 8300/12592 loss=-13.201184
batch 8350/12592 loss=-15.057519
batch 8400/12592 loss=-14.065862
batch 8450/12592 loss=-10.033701
batch 8500/12592 loss=-8.298134
batch 8550/12592 loss=-12.527444
batch 8600/12592 loss=-22.053673
batch 8650/12592 loss=-12.441512
batch 8700/12592 loss=-15.715469
batch 8750/12592 loss=-12.180889
batch 8800/12592 loss=-13.873161
batch 8850/12592 loss=-21.452477
batch 8900/12592 loss=-24.897091
batch 8950/12592 loss=-12.758142
batch 9000/12592 loss=-11.113087
batch 9050/12592 loss=-12.019940
batch 9100/12592 loss=-19.062462
batch 9150/12592 loss=-13.540543
batch 9200/12592 loss=-7.734459
batch 9250/12592 loss=-22.218119
batch 9300/12592 loss=-18.113972
batch 9350/12592 loss=-17.939976
batch 9400/12592 loss=-12.681567
batch 9450/12592 loss=-21.784122
batch 9500/12592 loss=-16.523558
batch 9550/12592 loss=-17.221497
batch 9600/12592 loss=-13.456273
batch 9650/12592 loss=-16.241171
batch 9700/12592 loss=-18.809944
batch 9750/12592 loss=-6.700842
batch 9800/12592 loss=-20.165548
batch 9850/12592 loss=-18.139561
batch 9900/12592 loss=-18.174355
batch 9950/12592 loss=-15.627215
batch 10000/12592 loss=-12.459392
batch 10050/12592 loss=-13.180897
batch 10100/12592 loss=-12.593452
batch 10150/12592 loss=-5.186243
batch 10200/12592 loss=-19.242531
batch 10250/12592 loss=-13.561767
batch 10300/12592 loss=-5.447119
batch 10350/12592 loss=-16.524651
batch 10400/12592 loss=-6.393092
batch 10450/12592 loss=-9.083379
batch 10500/12592 loss=-8.230621
batch 10550/12592 loss=-19.348988
batch 10600/12592 loss=2.004834
batch 10650/12592 loss=-11.955882
batch 10700/12592 loss=-11.473177
batch 10750/12592 loss=-10.700699
batch 10800/12592 loss=-14.350494
batch 10850/12592 loss=-18.134266
batch 10900/12592 loss=-25.096802
batch 10950/12592 loss=-12.884814
batch 11000/12592 loss=-10.877142
batch 11050/12592 loss=-12.176354
batch 11100/12592 loss=-4.546041
batch 11150/12592 loss=-11.574841
batch 11200/12592 loss=-16.645729
batch 11250/12592 loss=-16.367723
batch 11300/12592 loss=-32.522251
batch 11350/12592 loss=-12.985149
batch 11400/12592 loss=-17.881645
batch 11450/12592 loss=-20.445892
batch 11500/12592 loss=-22.866962
batch 11550/12592 loss=-13.249727
batch 11600/12592 loss=-11.884541
batch 11650/12592 loss=-17.895515
batch 11700/12592 loss=-16.914833
batch 11750/12592 loss=-13.349466
batch 11800/12592 loss=-7.980224
batch 11850/12592 loss=-6.713439
batch 11900/12592 loss=-15.804773
batch 11950/12592 loss=-12.416449
batch 12000/12592 loss=-21.211824
batch 12050/12592 loss=-12.426279
batch 12100/12592 loss=-18.476978
batch 12150/12592 loss=-14.569487
batch 12200/12592 loss=-19.013618
batch 12250/12592 loss=-18.614023
batch 12300/12592 loss=-22.408894
batch 12350/12592 loss=-15.147408
batch 12400/12592 loss=-7.545937
batch 12450/12592 loss=-14.586684
batch 12500/12592 loss=-0.826273
batch 12550/12592 loss=-21.655155
epoch=29 train_loss=-14.820276 val_loss=-10.556319 minADE=0.614667 minFDE=0.730953 best=-19.057267 patience=7/50
batch 0/12592 loss=-7.212837
batch 50/12592 loss=-21.007128
batch 100/12592 loss=-12.641694
batch 150/12592 loss=-19.009905
batch 200/12592 loss=-8.283817
batch 250/12592 loss=-3.265805
batch 300/12592 loss=-26.386623
batch 350/12592 loss=-11.151293
batch 400/12592 loss=-13.873214
batch 450/12592 loss=-18.031406
batch 500/12592 loss=-13.095776
batch 550/12592 loss=-8.641331
batch 600/12592 loss=-17.038368
batch 650/12592 loss=-14.328798
batch 700/12592 loss=-25.050425
batch 750/12592 loss=-4.366424
batch 800/12592 loss=-10.455652
batch 850/12592 loss=-20.763462
batch 900/12592 loss=-5.166842
batch 950/12592 loss=-13.744419
batch 1000/12592 loss=-17.488964
batch 1050/12592 loss=-16.164812
batch 1100/12592 loss=-13.607986
batch 1150/12592 loss=-15.924352
batch 1200/12592 loss=-19.984480
batch 1250/12592 loss=-15.716522
batch 1300/12592 loss=-18.150076
batch 1350/12592 loss=-12.853974
batch 1400/12592 loss=3.713290
batch 1450/12592 loss=-15.418318
batch 1500/12592 loss=-15.646943
batch 1550/12592 loss=-17.093332
batch 1600/12592 loss=-11.546204
batch 1650/12592 loss=-22.011768
batch 1700/12592 loss=-14.913301
batch 1750/12592 loss=-15.318329
batch 1800/12592 loss=-16.751728
batch 1850/12592 loss=-5.182052
batch 1900/12592 loss=-14.805815
batch 1950/12592 loss=-7.948941
batch 2000/12592 loss=-20.810518
batch 2050/12592 loss=-13.330797
batch 2100/12592 loss=-15.198288
batch 2150/12592 loss=-30.138620
batch 2200/12592 loss=-9.747051
batch 2250/12592 loss=-10.342249
batch 2300/12592 loss=-10.544401
batch 2350/12592 loss=-6.970644
batch 2400/12592 loss=-7.113343
batch 2450/12592 loss=-14.528139
batch 2500/12592 loss=-7.783504
batch 2550/12592 loss=-9.540585
batch 2600/12592 loss=-10.313013
batch 2650/12592 loss=-9.496115
batch 2700/12592 loss=-18.221636
batch 2750/12592 loss=-13.158765
batch 2800/12592 loss=-16.161713
batch 2850/12592 loss=-21.060059
batch 2900/12592 loss=-21.684221
batch 2950/12592 loss=-19.809032
batch 3000/12592 loss=-18.685026
batch 3050/12592 loss=-11.559792
batch 3100/12592 loss=-20.349907
batch 3150/12592 loss=-16.788736
batch 3200/12592 loss=-8.591543
batch 3250/12592 loss=-25.961323
batch 3300/12592 loss=-25.319859
batch 3350/12592 loss=-7.293834
batch 3400/12592 loss=-10.717453
batch 3450/12592 loss=-23.521824
batch 3500/12592 loss=-13.614285
batch 3550/12592 loss=-3.099205
batch 3600/12592 loss=-17.866238
batch 3650/12592 loss=-9.594529
batch 3700/12592 loss=-19.401257
batch 3750/12592 loss=-13.833415
batch 3800/12592 loss=-17.312031
batch 3850/12592 loss=-12.707484
batch 3900/12592 loss=-23.733257
batch 3950/12592 loss=-21.517616
batch 4000/12592 loss=-12.896360
batch 4050/12592 loss=-18.614902
batch 4100/12592 loss=-15.100039
batch 4150/12592 loss=-14.811904
batch 4200/12592 loss=-7.134221
batch 4250/12592 loss=-17.573011
batch 4300/12592 loss=-16.838938
batch 4350/12592 loss=-15.719280
batch 4400/12592 loss=-24.627380
batch 4450/12592 loss=-14.186434
batch 4500/12592 loss=-27.803082
batch 4550/12592 loss=-19.945627
batch 4600/12592 loss=-17.123241
batch 4650/12592 loss=-3.172494
batch 4700/12592 loss=-21.366249
batch 4750/12592 loss=-7.197328
batch 4800/12592 loss=-17.911869
batch 4850/12592 loss=-13.601122
batch 4900/12592 loss=-22.988060
batch 4950/12592 loss=-20.045811
batch 5000/12592 loss=-8.907259
batch 5050/12592 loss=-10.733923
batch 5100/12592 loss=-16.239727
batch 5150/12592 loss=-17.678875
batch 5200/12592 loss=-15.884262
batch 5250/12592 loss=-18.322012
batch 5300/12592 loss=-18.866180
batch 5350/12592 loss=-18.729500
batch 5400/12592 loss=-14.905925
batch 5450/12592 loss=-15.406616
batch 5500/12592 loss=-17.603516
batch 5550/12592 loss=-20.211018
batch 5600/12592 loss=-5.383713
batch 5650/12592 loss=-14.828352
batch 5700/12592 loss=-24.572931
batch 5750/12592 loss=-13.752913
batch 5800/12592 loss=-15.612980
batch 5850/12592 loss=-6.817945
batch 5900/12592 loss=-11.057952
batch 5950/12592 loss=-15.503310
batch 6000/12592 loss=-7.674419
batch 6050/12592 loss=-5.951269
batch 6100/12592 loss=-18.931705
batch 6150/12592 loss=-14.113182
batch 6200/12592 loss=-6.539986
batch 6250/12592 loss=-13.042451
batch 6300/12592 loss=-13.415237
batch 6350/12592 loss=-9.037225
batch 6400/12592 loss=-10.235821
batch 6450/12592 loss=-8.883957
batch 6500/12592 loss=-18.754122
batch 6550/12592 loss=-15.350722
batch 6600/12592 loss=-14.349885
batch 6650/12592 loss=-24.562176
batch 6700/12592 loss=-11.004894
batch 6750/12592 loss=-21.908787
batch 6800/12592 loss=-25.510576
batch 6850/12592 loss=-23.692846
batch 6900/12592 loss=-20.346638
batch 6950/12592 loss=-17.196291
batch 7000/12592 loss=-20.897421
batch 7050/12592 loss=-15.087795
batch 7100/12592 loss=-10.269866
batch 7150/12592 loss=-16.209980
batch 7200/12592 loss=-7.002033
batch 7250/12592 loss=-11.519947
batch 7300/12592 loss=-16.400370
batch 7350/12592 loss=-11.300473
batch 7400/12592 loss=-20.718216
batch 7450/12592 loss=-12.528962
batch 7500/12592 loss=-13.431534
batch 7550/12592 loss=-11.535578
batch 7600/12592 loss=-18.100525
batch 7650/12592 loss=-11.527093
batch 7700/12592 loss=-13.154606
batch 7750/12592 loss=-17.041285
batch 7800/12592 loss=-7.697301
batch 7850/12592 loss=-20.638538
batch 7900/12592 loss=-7.306551
batch 7950/12592 loss=-10.299171
batch 8000/12592 loss=-13.633834
batch 8050/12592 loss=-17.769142
batch 8100/12592 loss=-17.406509
batch 8150/12592 loss=-15.567239
batch 8200/12592 loss=-18.375557
batch 8250/12592 loss=-18.357712
batch 8300/12592 loss=-17.697199
batch 8350/12592 loss=-19.113777
batch 8400/12592 loss=-8.749653
batch 8450/12592 loss=-19.097034
batch 8500/12592 loss=-19.442440
batch 8550/12592 loss=-21.070560
batch 8600/12592 loss=-16.164499
batch 8650/12592 loss=-17.624222
batch 8700/12592 loss=-19.520166
batch 8750/12592 loss=-20.903503
batch 8800/12592 loss=-17.264418
batch 8850/12592 loss=-19.567959
batch 8900/12592 loss=-21.836393
batch 8950/12592 loss=-17.262100
batch 9000/12592 loss=-10.470290
batch 9050/12592 loss=-11.657509
batch 9100/12592 loss=-24.306841
batch 9150/12592 loss=-18.432508
batch 9200/12592 loss=-13.901519
batch 9250/12592 loss=-21.331793
batch 9300/12592 loss=-17.080944
batch 9350/12592 loss=-19.739893
batch 9400/12592 loss=-16.969076
batch 9450/12592 loss=-10.811824
batch 9500/12592 loss=-5.520154
batch 9550/12592 loss=-9.623204
batch 9600/12592 loss=-7.709707
batch 9650/12592 loss=-19.630814
batch 9700/12592 loss=-8.313848
batch 9750/12592 loss=-10.769418
batch 9800/12592 loss=-24.515789
batch 9850/12592 loss=-5.334603
batch 9900/12592 loss=-14.333806
batch 9950/12592 loss=-10.772486
batch 10000/12592 loss=-22.712641
batch 10050/12592 loss=-14.909723
batch 10100/12592 loss=-12.038356
batch 10150/12592 loss=-14.769659
batch 10200/12592 loss=-11.792635
batch 10250/12592 loss=-10.311248
batch 10300/12592 loss=-18.854958
batch 10350/12592 loss=-22.448372
batch 10400/12592 loss=-25.473410
batch 10450/12592 loss=-24.970566
batch 10500/12592 loss=-17.718199
batch 10550/12592 loss=-15.090645
batch 10600/12592 loss=-5.195990
batch 10650/12592 loss=-19.037766
batch 10700/12592 loss=-8.619195
batch 10750/12592 loss=-17.290997
batch 10800/12592 loss=-14.934985
batch 10850/12592 loss=-11.014111
batch 10900/12592 loss=-7.167428
batch 10950/12592 loss=0.253263
batch 11000/12592 loss=-11.830680
batch 11050/12592 loss=-14.082915
batch 11100/12592 loss=-13.475922
batch 11150/12592 loss=-12.848116
batch 11200/12592 loss=-15.684280
batch 11250/12592 loss=-5.377225
batch 11300/12592 loss=-12.150793
batch 11350/12592 loss=-16.739082
batch 11400/12592 loss=-11.080433
batch 11450/12592 loss=-9.678740
batch 11500/12592 loss=-24.988810
batch 11550/12592 loss=-10.491720
batch 11600/12592 loss=-6.608127
batch 11650/12592 loss=-17.065145
batch 11700/12592 loss=-10.812740
batch 11750/12592 loss=-5.371075
batch 11800/12592 loss=-13.096514
batch 11850/12592 loss=-9.460345
batch 11900/12592 loss=-12.834501
batch 11950/12592 loss=-11.909909
batch 12000/12592 loss=-11.443059
batch 12050/12592 loss=-15.649383
batch 12100/12592 loss=-12.863499
batch 12150/12592 loss=-24.388138
batch 12200/12592 loss=-18.393595
batch 12250/12592 loss=-16.310238
batch 12300/12592 loss=-14.154076
batch 12350/12592 loss=-17.129160
batch 12400/12592 loss=-16.107307
batch 12450/12592 loss=-16.770405
batch 12500/12592 loss=-11.285482
batch 12550/12592 loss=-10.043748
epoch=30 train_loss=-14.709593 val_loss=-17.266214 minADE=0.602376 minFDE=0.720149 best=-19.057267 patience=8/50
batch 0/12592 loss=-22.139444
batch 50/12592 loss=-10.979794
batch 100/12592 loss=-17.635592
batch 150/12592 loss=-4.799645
batch 200/12592 loss=-24.252396
batch 250/12592 loss=-13.448193
batch 300/12592 loss=-10.239067
batch 350/12592 loss=-14.832352
batch 400/12592 loss=-22.861010
batch 450/12592 loss=-12.209255
batch 500/12592 loss=-11.887167
batch 550/12592 loss=-22.129204
batch 600/12592 loss=-13.316808
batch 650/12592 loss=-2.058445
batch 700/12592 loss=-9.047037
batch 750/12592 loss=-13.743277
batch 800/12592 loss=-16.806015
batch 850/12592 loss=-22.563026
batch 900/12592 loss=-19.509674
batch 950/12592 loss=-19.816881
batch 1000/12592 loss=-20.376175
batch 1050/12592 loss=-13.957508
batch 1100/12592 loss=-19.086298
batch 1150/12592 loss=-15.604937
batch 1200/12592 loss=-24.846615
batch 1250/12592 loss=-17.210163
batch 1300/12592 loss=-18.483925
batch 1350/12592 loss=-16.588947
batch 1400/12592 loss=-22.474377
batch 1450/12592 loss=-14.963188
batch 1500/12592 loss=-17.704477
batch 1550/12592 loss=-9.955007
batch 1600/12592 loss=-13.417687
batch 1650/12592 loss=-8.491784
batch 1700/12592 loss=-17.001554
batch 1750/12592 loss=-14.285978
batch 1800/12592 loss=-8.394563
batch 1850/12592 loss=-21.295525
batch 1900/12592 loss=-7.048877
batch 1950/12592 loss=-15.881027
batch 2000/12592 loss=-12.423272
batch 2050/12592 loss=-26.330328
batch 2100/12592 loss=-17.674835
batch 2150/12592 loss=-10.382731
batch 2200/12592 loss=-11.788877
batch 2250/12592 loss=-12.983255
batch 2300/12592 loss=-10.480452
batch 2350/12592 loss=-19.459454
batch 2400/12592 loss=-20.877068
batch 2450/12592 loss=-15.734016
batch 2500/12592 loss=-22.202246
batch 2550/12592 loss=-25.593491
batch 2600/12592 loss=-21.646477
batch 2650/12592 loss=-17.672094
batch 2700/12592 loss=-12.703520
batch 2750/12592 loss=-18.283487
batch 2800/12592 loss=-18.907808
batch 2850/12592 loss=-19.180199
batch 2900/12592 loss=-22.282169
batch 2950/12592 loss=-2.823143
batch 3000/12592 loss=-23.135832
batch 3050/12592 loss=-13.837206
batch 3100/12592 loss=-24.190079
batch 3150/12592 loss=-14.897272
batch 3200/12592 loss=-3.791932
batch 3250/12592 loss=-16.812840
batch 3300/12592 loss=-15.227358
batch 3350/12592 loss=-5.662434
batch 3400/12592 loss=-12.831472
batch 3450/12592 loss=-17.502895
batch 3500/12592 loss=-8.872117
batch 3550/12592 loss=-15.635540
batch 3600/12592 loss=-5.587234
batch 3650/12592 loss=-23.086012
batch 3700/12592 loss=-17.886322
batch 3750/12592 loss=-6.732369
batch 3800/12592 loss=-18.273712
batch 3850/12592 loss=-15.716318
batch 3900/12592 loss=-19.339060
batch 3950/12592 loss=-16.820776
batch 4000/12592 loss=-7.222846
batch 4050/12592 loss=-17.547935
batch 4100/12592 loss=-8.510655
batch 4150/12592 loss=-17.813702
batch 4200/12592 loss=-10.473600
batch 4250/12592 loss=-7.918670
batch 4300/12592 loss=-15.856393
batch 4350/12592 loss=-20.636810
batch 4400/12592 loss=-15.391829
batch 4450/12592 loss=-9.372640
batch 4500/12592 loss=-25.010807
batch 4550/12592 loss=-6.623977
batch 4600/12592 loss=-5.984257
batch 4650/12592 loss=-10.086950
batch 4700/12592 loss=-13.152904
batch 4750/12592 loss=-19.116236
batch 4800/12592 loss=-3.131606
batch 4850/12592 loss=-22.910126
batch 4900/12592 loss=-5.689118
batch 4950/12592 loss=-17.247747
batch 5000/12592 loss=-5.936404
batch 5050/12592 loss=-15.068504
batch 5100/12592 loss=-16.362846
batch 5150/12592 loss=-11.851493
batch 5200/12592 loss=-7.755951
batch 5250/12592 loss=-10.699657
batch 5300/12592 loss=-12.068214
batch 5350/12592 loss=-23.929277
batch 5400/12592 loss=-8.303352
batch 5450/12592 loss=-19.506639
batch 5500/12592 loss=-17.423286
batch 5550/12592 loss=-7.622582
batch 5600/12592 loss=-17.185581
batch 5650/12592 loss=-13.108332
batch 5700/12592 loss=-12.036131
batch 5750/12592 loss=-19.713337
batch 5800/12592 loss=-21.827888
batch 5850/12592 loss=-17.010002
batch 5900/12592 loss=-8.296314
batch 5950/12592 loss=-9.849037
batch 6000/12592 loss=-21.517662
batch 6050/12592 loss=-18.572979
batch 6100/12592 loss=-21.310699
batch 6150/12592 loss=-19.512363
batch 6200/12592 loss=-10.148731
batch 6250/12592 loss=-13.806198
batch 6300/12592 loss=-11.952005
batch 6350/12592 loss=-8.400305
batch 6400/12592 loss=-20.756531
batch 6450/12592 loss=-13.263002
batch 6500/12592 loss=-13.624939
batch 6550/12592 loss=-20.491320
batch 6600/12592 loss=-11.342564
batch 6650/12592 loss=-28.857498
batch 6700/12592 loss=-14.031954
batch 6750/12592 loss=-17.400114
batch 6800/12592 loss=-10.759336
batch 6850/12592 loss=-20.482386
batch 6900/12592 loss=-17.687405
batch 6950/12592 loss=-11.218472
batch 7000/12592 loss=-13.121521
batch 7050/12592 loss=-8.845518
batch 7100/12592 loss=-12.867360
batch 7150/12592 loss=-11.429857
batch 7200/12592 loss=-14.072581
batch 7250/12592 loss=-22.189333
batch 7300/12592 loss=-19.194769
batch 7350/12592 loss=-16.435570
batch 7400/12592 loss=-16.167227
batch 7450/12592 loss=-16.223724
batch 7500/12592 loss=-7.343211
batch 7550/12592 loss=1.256284
batch 7600/12592 loss=-16.395641
batch 7650/12592 loss=-17.106567
batch 7700/12592 loss=-21.646687
batch 7750/12592 loss=-27.305527
batch 7800/12592 loss=-10.772647
batch 7850/12592 loss=-7.807003
batch 7900/12592 loss=-18.173721
batch 7950/12592 loss=-16.783209
batch 8000/12592 loss=-19.833569
batch 8050/12592 loss=-7.216608
batch 8100/12592 loss=-6.348987
batch 8150/12592 loss=-19.126060
batch 8200/12592 loss=-13.978401
batch 8250/12592 loss=-25.556963
batch 8300/12592 loss=-16.861958
batch 8350/12592 loss=-20.303604
batch 8400/12592 loss=-14.662180
batch 8450/12592 loss=-17.083176
batch 8500/12592 loss=-18.377874
batch 8550/12592 loss=-21.087324
batch 8600/12592 loss=-15.555049
batch 8650/12592 loss=-15.761309
batch 8700/12592 loss=-11.235266
batch 8750/12592 loss=-13.562176
batch 8800/12592 loss=-19.279118
batch 8850/12592 loss=-18.612198
batch 8900/12592 loss=-18.748814
batch 8950/12592 loss=-24.655367
batch 9000/12592 loss=-15.102097
batch 9050/12592 loss=-9.123476
batch 9100/12592 loss=-14.981035
batch 9150/12592 loss=-16.358067
batch 9200/12592 loss=-17.575039
batch 9250/12592 loss=-17.025612
batch 9300/12592 loss=-11.849071
batch 9350/12592 loss=-18.989624
batch 9400/12592 loss=-10.960754
batch 9450/12592 loss=-20.564020
batch 9500/12592 loss=-12.908964
batch 9550/12592 loss=-8.448313
batch 9600/12592 loss=-19.811359
batch 9650/12592 loss=-12.191684
batch 9700/12592 loss=-9.663536
batch 9750/12592 loss=-16.955786
batch 9800/12592 loss=-8.808916
batch 9850/12592 loss=-17.363770
batch 9900/12592 loss=-16.376698
batch 9950/12592 loss=-16.561878
batch 10000/12592 loss=-12.435116
batch 10050/12592 loss=-18.233107
batch 10100/12592 loss=-4.973476
batch 10150/12592 loss=-11.857675
batch 10200/12592 loss=-14.019665
batch 10250/12592 loss=-20.790594
batch 10300/12592 loss=-21.848587
batch 10350/12592 loss=-5.294306
batch 10400/12592 loss=-20.049095
batch 10450/12592 loss=-12.198661
batch 10500/12592 loss=-16.891380
batch 10550/12592 loss=-1.491613
batch 10600/12592 loss=-17.485855
batch 10650/12592 loss=-23.975258
batch 10700/12592 loss=-16.980623
batch 10750/12592 loss=-12.574589
batch 10800/12592 loss=-19.252640
batch 10850/12592 loss=-21.728903
batch 10900/12592 loss=-16.565901
batch 10950/12592 loss=-19.034645
batch 11000/12592 loss=-15.523298
batch 11050/12592 loss=-15.427647
batch 11100/12592 loss=-2.368337
batch 11150/12592 loss=-21.684717
batch 11200/12592 loss=-18.950548
batch 11250/12592 loss=-14.180398
batch 11300/12592 loss=-25.741638
batch 11350/12592 loss=-14.566914
batch 11400/12592 loss=-19.496073
batch 11450/12592 loss=-12.366348
batch 11500/12592 loss=1.714648
batch 11550/12592 loss=-16.219318
batch 11600/12592 loss=-17.289677
batch 11650/12592 loss=-16.827961
batch 11700/12592 loss=-11.122583
batch 11750/12592 loss=-15.088139
batch 11800/12592 loss=-13.784021
batch 11850/12592 loss=-15.772867
batch 11900/12592 loss=-16.769020
batch 11950/12592 loss=-13.627132
batch 12000/12592 loss=-20.077106
batch 12050/12592 loss=-18.928303
batch 12100/12592 loss=-9.103726
batch 12150/12592 loss=-9.893935
batch 12200/12592 loss=-6.701220
batch 12250/12592 loss=-12.160402
batch 12300/12592 loss=-9.205624
batch 12350/12592 loss=-13.810484
batch 12400/12592 loss=-19.124939
batch 12450/12592 loss=-8.136533
batch 12500/12592 loss=-14.205275
batch 12550/12592 loss=-11.972075
epoch=31 train_loss=-14.707350 val_loss=-17.972893 minADE=0.599846 minFDE=0.725905 best=-19.057267 patience=9/50
batch 0/12592 loss=-27.587154
batch 50/12592 loss=-16.624725
batch 100/12592 loss=-14.193390
batch 150/12592 loss=-16.450844
batch 200/12592 loss=-15.108666
batch 250/12592 loss=-18.623577
batch 300/12592 loss=-16.997269
batch 350/12592 loss=-13.841223
batch 400/12592 loss=-9.250522
batch 450/12592 loss=-15.933146
batch 500/12592 loss=-17.538481
batch 550/12592 loss=-21.458145
batch 600/12592 loss=-12.903435
batch 650/12592 loss=-15.239677
batch 700/12592 loss=-23.576235
batch 750/12592 loss=-16.392635
batch 800/12592 loss=-20.662916
batch 850/12592 loss=-18.233496
batch 900/12592 loss=-12.740278
batch 950/12592 loss=-6.540433
batch 1000/12592 loss=-14.272352
batch 1050/12592 loss=-6.165391
batch 1100/12592 loss=-13.409687
batch 1150/12592 loss=-14.738962
batch 1200/12592 loss=-12.580007
batch 1250/12592 loss=-17.181536
batch 1300/12592 loss=-9.393836
batch 1350/12592 loss=-15.168020
batch 1400/12592 loss=-17.773544
batch 1450/12592 loss=-11.653877
batch 1500/12592 loss=-15.047473
batch 1550/12592 loss=-12.702745
batch 1600/12592 loss=-22.982021
batch 1650/12592 loss=-20.970863
batch 1700/12592 loss=-10.539000
batch 1750/12592 loss=-10.184198
batch 1800/12592 loss=-10.999537
batch 1850/12592 loss=-15.884481
batch 1900/12592 loss=-15.510039
batch 1950/12592 loss=-12.437430
batch 2000/12592 loss=-16.688583
batch 2050/12592 loss=-10.971659
batch 2100/12592 loss=-11.927261
batch 2150/12592 loss=-9.631803
batch 2200/12592 loss=-16.168287
batch 2250/12592 loss=-12.551055
batch 2300/12592 loss=-18.891724
batch 2350/12592 loss=-5.946880
batch 2400/12592 loss=-15.823837
batch 2450/12592 loss=-8.430873
batch 2500/12592 loss=-19.327412
batch 2550/12592 loss=-18.849890
batch 2600/12592 loss=-18.711012
batch 2650/12592 loss=-11.539178
batch 2700/12592 loss=-10.099796
batch 2750/12592 loss=-17.268356
batch 2800/12592 loss=-13.082310
batch 2850/12592 loss=-12.294395
batch 2900/12592 loss=-14.971029
batch 2950/12592 loss=-11.468235
batch 3000/12592 loss=-4.272888
batch 3050/12592 loss=-22.078302
batch 3100/12592 loss=-10.885948
batch 3150/12592 loss=-26.685423
batch 3200/12592 loss=-19.744072
batch 3250/12592 loss=-20.854559
batch 3300/12592 loss=-20.188822
batch 3350/12592 loss=-8.985063
batch 3400/12592 loss=-17.980652
batch 3450/12592 loss=-20.484501
batch 3500/12592 loss=-14.958651
batch 3550/12592 loss=-11.284639
batch 3600/12592 loss=-13.241632
batch 3650/12592 loss=-21.859312
batch 3700/12592 loss=-11.526267
batch 3750/12592 loss=-11.227642
batch 3800/12592 loss=-15.627405
batch 3850/12592 loss=-12.550684
batch 3900/12592 loss=-12.527687
batch 3950/12592 loss=0.943482
batch 4000/12592 loss=-23.833498
batch 4050/12592 loss=-15.718465
batch 4100/12592 loss=-9.042545
batch 4150/12592 loss=-12.185478
batch 4200/12592 loss=-17.394123
batch 4250/12592 loss=-11.506684
batch 4300/12592 loss=-21.781887
batch 4350/12592 loss=-8.623913
batch 4400/12592 loss=-18.202526
batch 4450/12592 loss=-20.556564
batch 4500/12592 loss=-19.161472
batch 4550/12592 loss=-18.468897
batch 4600/12592 loss=-11.228761
batch 4650/12592 loss=-16.243784
batch 4700/12592 loss=-15.281801
batch 4750/12592 loss=-22.048443
batch 4800/12592 loss=-13.571520
batch 4850/12592 loss=-9.039872
batch 4900/12592 loss=-16.266251
batch 4950/12592 loss=-16.008785
batch 5000/12592 loss=-18.006554
batch 5050/12592 loss=-13.110929
batch 5100/12592 loss=-9.165101
batch 5150/12592 loss=-23.186275
batch 5200/12592 loss=-14.984586
batch 5250/12592 loss=-17.894663
batch 5300/12592 loss=-14.844273
batch 5350/12592 loss=-18.643251
batch 5400/12592 loss=-15.238047
batch 5450/12592 loss=-0.824609
batch 5500/12592 loss=-14.412383
batch 5550/12592 loss=-10.379847
batch 5600/12592 loss=-3.742371
batch 5650/12592 loss=-21.867725
batch 5700/12592 loss=-3.641578
batch 5750/12592 loss=-19.145720
batch 5800/12592 loss=-16.626404
batch 5850/12592 loss=-13.383070
batch 5900/12592 loss=-3.793440
batch 5950/12592 loss=-18.549128
batch 6000/12592 loss=-15.828731
batch 6050/12592 loss=-7.999487
batch 6100/12592 loss=-15.686376
batch 6150/12592 loss=-19.373714
batch 6200/12592 loss=-19.416660
batch 6250/12592 loss=-19.067146
batch 6300/12592 loss=-19.550156
batch 6350/12592 loss=-28.522608
batch 6400/12592 loss=-17.730080
batch 6450/12592 loss=-15.203009
batch 6500/12592 loss=-18.075222
batch 6550/12592 loss=-16.886467
batch 6600/12592 loss=-14.689718
batch 6650/12592 loss=-10.341459
batch 6700/12592 loss=-13.562091
batch 6750/12592 loss=-22.173439
batch 6800/12592 loss=-14.430732
batch 6850/12592 loss=-21.836388
batch 6900/12592 loss=-8.968164
batch 6950/12592 loss=-7.616295
batch 7000/12592 loss=-16.182589
batch 7050/12592 loss=-15.793218
batch 7100/12592 loss=-19.733902
batch 7150/12592 loss=-12.498015
batch 7200/12592 loss=-18.415619
batch 7250/12592 loss=-11.143417
batch 7300/12592 loss=-19.988125
batch 7350/12592 loss=-1.032998
batch 7400/12592 loss=-11.404806
batch 7450/12592 loss=-9.688660
batch 7500/12592 loss=-9.329947
batch 7550/12592 loss=-12.013802
batch 7600/12592 loss=-21.671648
batch 7650/12592 loss=-6.564657
batch 7700/12592 loss=-27.758591
batch 7750/12592 loss=-3.276747
batch 7800/12592 loss=-7.606618
batch 7850/12592 loss=-17.010269
batch 7900/12592 loss=-19.034481
batch 7950/12592 loss=-14.946672
batch 8000/12592 loss=-18.474262
batch 8050/12592 loss=-20.793377
batch 8100/12592 loss=-17.355011
batch 8150/12592 loss=-14.987028
batch 8200/12592 loss=-14.616024
batch 8250/12592 loss=-14.879295
batch 8300/12592 loss=-16.437284
batch 8350/12592 loss=-10.321356
batch 8400/12592 loss=-10.435762
batch 8450/12592 loss=-14.095888
batch 8500/12592 loss=-15.332939
batch 8550/12592 loss=-1.743772
batch 8600/12592 loss=-13.796343
batch 8650/12592 loss=-10.248037
batch 8700/12592 loss=-10.639726
batch 8750/12592 loss=-23.118868
batch 8800/12592 loss=-8.156474
batch 8850/12592 loss=-1.835901
batch 8900/12592 loss=-10.705481
batch 8950/12592 loss=-10.887346
batch 9000/12592 loss=-12.327137
batch 9050/12592 loss=-12.336039
batch 9100/12592 loss=-20.293737
batch 9150/12592 loss=-21.315775
batch 9200/12592 loss=-17.254026
batch 9250/12592 loss=-12.522501
batch 9300/12592 loss=-10.448692
batch 9350/12592 loss=-26.062656
batch 9400/12592 loss=-15.663230
batch 9450/12592 loss=-10.182113
batch 9500/12592 loss=-19.962528
batch 9550/12592 loss=-8.139462
batch 9600/12592 loss=-10.171982
batch 9650/12592 loss=-12.790976
batch 9700/12592 loss=-14.402189
batch 9750/12592 loss=-21.080538
batch 9800/12592 loss=-21.664288
batch 9850/12592 loss=-10.222710
batch 9900/12592 loss=-8.590811
batch 9950/12592 loss=-18.462852
batch 10000/12592 loss=-15.011720
batch 10050/12592 loss=-15.922441
batch 10100/12592 loss=-3.233660
batch 10150/12592 loss=-8.989429
batch 10200/12592 loss=-11.828102
batch 10250/12592 loss=-18.656212
batch 10300/12592 loss=-11.675927
batch 10350/12592 loss=-12.056178
batch 10400/12592 loss=-13.310554
batch 10450/12592 loss=-7.736601
batch 10500/12592 loss=-0.046341
batch 10550/12592 loss=-21.652264
batch 10600/12592 loss=-23.822887
batch 10650/12592 loss=-8.997442
batch 10700/12592 loss=-20.546181
batch 10750/12592 loss=-13.289034
batch 10800/12592 loss=-19.591045
batch 10850/12592 loss=-20.215374
batch 10900/12592 loss=-23.965473
batch 10950/12592 loss=-11.186444
batch 11000/12592 loss=-7.765291
batch 11050/12592 loss=-17.374966
batch 11100/12592 loss=-23.728533
batch 11150/12592 loss=-11.120327
batch 11200/12592 loss=-15.565401
batch 11250/12592 loss=-13.778550
batch 11300/12592 loss=-22.406559
batch 11350/12592 loss=-24.587055
batch 11400/12592 loss=-23.354404
batch 11450/12592 loss=-7.610758
batch 11500/12592 loss=-9.280034
batch 11550/12592 loss=-23.079954
batch 11600/12592 loss=-11.741905
batch 11650/12592 loss=-24.916136
batch 11700/12592 loss=-10.613075
batch 11750/12592 loss=-18.719883
batch 11800/12592 loss=-12.402758
batch 11850/12592 loss=-23.077602
batch 11900/12592 loss=-10.738663
batch 11950/12592 loss=-16.950991
batch 12000/12592 loss=-13.005097
batch 12050/12592 loss=-20.387533
batch 12100/12592 loss=-19.855886
batch 12150/12592 loss=-20.559853
batch 12200/12592 loss=-16.048330
batch 12250/12592 loss=-17.176464
batch 12300/12592 loss=-12.087113
batch 12350/12592 loss=-17.481262
batch 12400/12592 loss=-16.002327
batch 12450/12592 loss=-17.251148
batch 12500/12592 loss=-25.958630
batch 12550/12592 loss=-15.532239
epoch=32 train_loss=-14.968844 val_loss=-7.809653 minADE=0.680242 minFDE=0.793622 best=-19.057267 patience=10/50
batch 0/12592 loss=-8.730186
batch 50/12592 loss=-2.894971
batch 100/12592 loss=-25.120243
batch 150/12592 loss=-7.059888
batch 200/12592 loss=-19.193531
batch 250/12592 loss=-10.994473
batch 300/12592 loss=-14.268394
batch 350/12592 loss=-14.831526
batch 400/12592 loss=-18.614645
batch 450/12592 loss=-8.067811
batch 500/12592 loss=-11.865890
batch 550/12592 loss=-19.932417
batch 600/12592 loss=-10.408836
batch 650/12592 loss=-7.384931
batch 700/12592 loss=-17.852272
batch 750/12592 loss=-23.525953
batch 800/12592 loss=-4.390374
batch 850/12592 loss=-16.827831
batch 900/12592 loss=-22.743565
batch 950/12592 loss=-10.767769
batch 1000/12592 loss=-11.212627
batch 1050/12592 loss=-18.920828
batch 1100/12592 loss=-12.505851
batch 1150/12592 loss=-17.223293
batch 1200/12592 loss=-13.270567
batch 1250/12592 loss=-22.146770
batch 1300/12592 loss=-6.735125
batch 1350/12592 loss=-17.121590
batch 1400/12592 loss=3.601419
batch 1450/12592 loss=-18.771162
batch 1500/12592 loss=-18.951298
batch 1550/12592 loss=-9.220640
batch 1600/12592 loss=-23.825600
batch 1650/12592 loss=-4.464261
batch 1700/12592 loss=-16.935215
batch 1750/12592 loss=-16.511497
batch 1800/12592 loss=-19.733459
batch 1850/12592 loss=-12.404408
batch 1900/12592 loss=-7.225846
batch 1950/12592 loss=-8.014277
batch 2000/12592 loss=-20.529091
batch 2050/12592 loss=-14.882494
batch 2100/12592 loss=-20.733877
batch 2150/12592 loss=-18.793098
batch 2200/12592 loss=-15.459385
batch 2250/12592 loss=-20.678833
batch 2300/12592 loss=-17.172310
batch 2350/12592 loss=-5.604911
batch 2400/12592 loss=-16.278156
batch 2450/12592 loss=-14.560842
batch 2500/12592 loss=-24.054991
batch 2550/12592 loss=-21.549429
batch 2600/12592 loss=-11.570080
batch 2650/12592 loss=-13.909140
batch 2700/12592 loss=-11.493851
batch 2750/12592 loss=-18.358257
batch 2800/12592 loss=-8.396775
batch 2850/12592 loss=-13.842002
batch 2900/12592 loss=-11.164715
batch 2950/12592 loss=-5.842786
batch 3000/12592 loss=-10.281530
batch 3050/12592 loss=-14.947306
batch 3100/12592 loss=-20.989468
batch 3150/12592 loss=-17.111214
batch 3200/12592 loss=-24.195892
batch 3250/12592 loss=-14.322458
batch 3300/12592 loss=-17.073841
batch 3350/12592 loss=-9.398594
batch 3400/12592 loss=-14.366800
batch 3450/12592 loss=-16.597198
batch 3500/12592 loss=-5.553752
batch 3550/12592 loss=-10.834652
batch 3600/12592 loss=-15.493246
batch 3650/12592 loss=-17.048244
batch 3700/12592 loss=-11.725866
batch 3750/12592 loss=-19.757603
batch 3800/12592 loss=-28.841450
batch 3850/12592 loss=-25.751778
batch 3900/12592 loss=-5.756365
batch 3950/12592 loss=-14.098378
batch 4000/12592 loss=-20.141350
batch 4050/12592 loss=-17.715618
batch 4100/12592 loss=-5.597142
batch 4150/12592 loss=-17.957096
batch 4200/12592 loss=-22.973545
batch 4250/12592 loss=-26.800665
batch 4300/12592 loss=-10.748524
batch 4350/12592 loss=-12.900259
batch 4400/12592 loss=-18.543421
batch 4450/12592 loss=-17.989950
batch 4500/12592 loss=-16.406151
batch 4550/12592 loss=-9.738197
batch 4600/12592 loss=-21.160236
batch 4650/12592 loss=-10.194334
batch 4700/12592 loss=-16.111364
batch 4750/12592 loss=-19.508026
batch 4800/12592 loss=-16.652357
batch 4850/12592 loss=-14.458492
batch 4900/12592 loss=-17.786652
batch 4950/12592 loss=-15.935350
batch 5000/12592 loss=-13.596586
batch 5050/12592 loss=-16.819958
batch 5100/12592 loss=-13.827995
batch 5150/12592 loss=-15.131741
batch 5200/12592 loss=-17.766800
batch 5250/12592 loss=-18.353043
batch 5300/12592 loss=-10.107877
batch 5350/12592 loss=-19.137974
batch 5400/12592 loss=-13.242300
batch 5450/12592 loss=-6.059323
batch 5500/12592 loss=-9.479467
batch 5550/12592 loss=-3.274990
batch 5600/12592 loss=-17.218559
batch 5650/12592 loss=-6.080047
batch 5700/12592 loss=-22.845726
batch 5750/12592 loss=-8.941521
batch 5800/12592 loss=-18.783482
batch 5850/12592 loss=-9.083561
batch 5900/12592 loss=-13.035374
batch 5950/12592 loss=-11.743376
batch 6000/12592 loss=-17.044981
batch 6050/12592 loss=-19.266644
batch 6100/12592 loss=-18.843525
batch 6150/12592 loss=-11.937014
batch 6200/12592 loss=-3.805622
batch 6250/12592 loss=-14.050054
batch 6300/12592 loss=-18.298479
batch 6350/12592 loss=-12.828892
batch 6400/12592 loss=-19.703972
batch 6450/12592 loss=-18.581963
batch 6500/12592 loss=-7.391343
batch 6550/12592 loss=-12.496489
batch 6600/12592 loss=-21.024315
batch 6650/12592 loss=-14.533594
batch 6700/12592 loss=-15.789723
batch 6750/12592 loss=-18.690971
batch 6800/12592 loss=-12.193495
batch 6850/12592 loss=-14.754463
batch 6900/12592 loss=-19.450294
batch 6950/12592 loss=-13.858221
batch 7000/12592 loss=-9.623657
batch 7050/12592 loss=-17.218246
batch 7100/12592 loss=-13.231179
batch 7150/12592 loss=-15.501873
batch 7200/12592 loss=-11.527336
batch 7250/12592 loss=-7.045400
batch 7300/12592 loss=-9.856821
batch 7350/12592 loss=-21.720375
batch 7400/12592 loss=-21.526548
batch 7450/12592 loss=-16.669010
batch 7500/12592 loss=-5.779047
batch 7550/12592 loss=-22.649302
batch 7600/12592 loss=-3.380052
batch 7650/12592 loss=-20.860254
batch 7700/12592 loss=-8.663202
batch 7750/12592 loss=-10.452453
batch 7800/12592 loss=-17.700306
batch 7850/12592 loss=-16.318758
batch 7900/12592 loss=-17.014307
batch 7950/12592 loss=-13.036041
batch 8000/12592 loss=-15.755038
batch 8050/12592 loss=-20.016031
batch 8100/12592 loss=-12.633634
batch 8150/12592 loss=-20.479343
batch 8200/12592 loss=-9.770785
batch 8250/12592 loss=-12.121140
batch 8300/12592 loss=-26.013741
batch 8350/12592 loss=-14.194423
batch 8400/12592 loss=-15.855037
batch 8450/12592 loss=-7.655777
batch 8500/12592 loss=-13.701532
batch 8550/12592 loss=-18.636890
batch 8600/12592 loss=-18.247633
batch 8650/12592 loss=-4.109326
batch 8700/12592 loss=-13.514641
batch 8750/12592 loss=-13.356283
batch 8800/12592 loss=-17.173565
batch 8850/12592 loss=-21.124630
batch 8900/12592 loss=-3.298588
batch 8950/12592 loss=-7.639162
batch 9000/12592 loss=-15.810349
batch 9050/12592 loss=-12.914124
batch 9100/12592 loss=-15.938775
batch 9150/12592 loss=-19.565233
batch 9200/12592 loss=-13.772328
batch 9250/12592 loss=-12.045094
batch 9300/12592 loss=-11.866007
batch 9350/12592 loss=-13.364807
batch 9400/12592 loss=-11.382524
batch 9450/12592 loss=-20.786482
batch 9500/12592 loss=-9.161315
batch 9550/12592 loss=-15.399967
batch 9600/12592 loss=-13.719532
batch 9650/12592 loss=-11.032866
batch 9700/12592 loss=-20.799992
batch 9750/12592 loss=-20.165451
batch 9800/12592 loss=-11.102205
batch 9850/12592 loss=-13.986128
batch 9900/12592 loss=-17.203222
batch 9950/12592 loss=-9.564287
batch 10000/12592 loss=-8.336825
batch 10050/12592 loss=-12.634818
batch 10100/12592 loss=-16.560753
batch 10150/12592 loss=-20.086525
batch 10200/12592 loss=-10.675967
batch 10250/12592 loss=-18.003069
batch 10300/12592 loss=-5.358781
batch 10350/12592 loss=-7.611310
batch 10400/12592 loss=-3.554807
batch 10450/12592 loss=-12.876726
batch 10500/12592 loss=-13.629366
batch 10550/12592 loss=-16.638872
batch 10600/12592 loss=-9.425545
batch 10650/12592 loss=-9.888667
batch 10700/12592 loss=-9.091351
batch 10750/12592 loss=-15.997317
batch 10800/12592 loss=-13.053087
batch 10850/12592 loss=-21.716942
batch 10900/12592 loss=-11.628614
batch 10950/12592 loss=-17.755142
batch 11000/12592 loss=-9.975636
batch 11050/12592 loss=-20.921616
batch 11100/12592 loss=-9.298915
batch 11150/12592 loss=-15.935772
batch 11200/12592 loss=-13.989218
batch 11250/12592 loss=-16.929274
batch 11300/12592 loss=-11.344385
batch 11350/12592 loss=-17.750557
batch 11400/12592 loss=-15.832017
batch 11450/12592 loss=-6.872481
batch 11500/12592 loss=-14.925017
batch 11550/12592 loss=-7.953691
batch 11600/12592 loss=-18.106316
batch 11650/12592 loss=-8.767857
batch 11700/12592 loss=-14.924923
batch 11750/12592 loss=-14.006141
batch 11800/12592 loss=-13.115826
batch 11850/12592 loss=-18.645004
batch 11900/12592 loss=-19.207150
batch 11950/12592 loss=-17.901312
batch 12000/12592 loss=-16.809631
batch 12050/12592 loss=-12.758713
batch 12100/12592 loss=-10.486503
batch 12150/12592 loss=-12.342146
batch 12200/12592 loss=-10.562593
batch 12250/12592 loss=-18.902946
batch 12300/12592 loss=-17.525452
batch 12350/12592 loss=-10.725825
batch 12400/12592 loss=-19.408798
batch 12450/12592 loss=-17.917660
batch 12500/12592 loss=-10.499254
batch 12550/12592 loss=-20.775021
epoch=33 train_loss=-14.301287 val_loss=-15.051742 minADE=0.611546 minFDE=0.741324 best=-19.057267 patience=11/50
batch 0/12592 loss=-13.435007
batch 50/12592 loss=-16.710464
batch 100/12592 loss=-21.512810
batch 150/12592 loss=-15.816761
batch 200/12592 loss=-19.641441
batch 250/12592 loss=-16.759295
batch 300/12592 loss=-14.880220
batch 350/12592 loss=-14.549011
batch 400/12592 loss=-13.768194
batch 450/12592 loss=-24.609430
batch 500/12592 loss=-15.852848
batch 550/12592 loss=-21.965858
batch 600/12592 loss=-13.465501
batch 650/12592 loss=-22.066433
batch 700/12592 loss=-8.775928
batch 750/12592 loss=-13.940022
batch 800/12592 loss=-11.063890
batch 850/12592 loss=-17.710938
batch 900/12592 loss=-7.408305
batch 950/12592 loss=-18.092720
batch 1000/12592 loss=-22.730131
batch 1050/12592 loss=-12.482677
batch 1100/12592 loss=-2.106132
batch 1150/12592 loss=-19.971691
batch 1200/12592 loss=-20.571329
batch 1250/12592 loss=-14.523909
batch 1300/12592 loss=-15.224163
batch 1350/12592 loss=-10.442787
batch 1400/12592 loss=-14.861842
batch 1450/12592 loss=-15.698775
batch 1500/12592 loss=-14.028082
batch 1550/12592 loss=-0.625314
batch 1600/12592 loss=-12.289471
batch 1650/12592 loss=-5.646085
batch 1700/12592 loss=-10.177209
batch 1750/12592 loss=-23.191570
batch 1800/12592 loss=-6.271699
batch 1850/12592 loss=-16.883728
batch 1900/12592 loss=-9.394300
batch 1950/12592 loss=-15.451081
batch 2000/12592 loss=-14.399883
batch 2050/12592 loss=14.766993
batch 2100/12592 loss=-6.417976
batch 2150/12592 loss=-16.346815
batch 2200/12592 loss=-12.445898
batch 2250/12592 loss=-13.931880
batch 2300/12592 loss=-20.762388
batch 2350/12592 loss=-16.603790
batch 2400/12592 loss=-21.707109
batch 2450/12592 loss=-18.996742
batch 2500/12592 loss=-16.408432
batch 2550/12592 loss=-8.276275
batch 2600/12592 loss=-22.615852
batch 2650/12592 loss=-15.689575
batch 2700/12592 loss=-14.083676
batch 2750/12592 loss=-14.574837
batch 2800/12592 loss=-11.424970
batch 2850/12592 loss=-7.882231
batch 2900/12592 loss=-8.936838
batch 2950/12592 loss=-16.203022
batch 3000/12592 loss=-13.136002
batch 3050/12592 loss=-7.472186
batch 3100/12592 loss=-21.977905
batch 3150/12592 loss=-13.298893
batch 3200/12592 loss=-13.678884
batch 3250/12592 loss=-13.568467
batch 3300/12592 loss=-12.696754
batch 3350/12592 loss=-16.044079
batch 3400/12592 loss=-8.853102
batch 3450/12592 loss=-6.370333
batch 3500/12592 loss=-14.734726
batch 3550/12592 loss=-12.115297
batch 3600/12592 loss=-8.296650
batch 3650/12592 loss=-21.362457
batch 3700/12592 loss=-8.155472
batch 3750/12592 loss=-13.714023
batch 3800/12592 loss=-12.488461
batch 3850/12592 loss=-22.887262
batch 3900/12592 loss=-11.463559
batch 3950/12592 loss=-12.363445
batch 4000/12592 loss=-18.952061
batch 4050/12592 loss=-7.233159
batch 4100/12592 loss=-18.981564
batch 4150/12592 loss=-17.286570
batch 4200/12592 loss=-16.517830
batch 4250/12592 loss=-15.753397
batch 4300/12592 loss=-23.016562
batch 4350/12592 loss=-19.552700
batch 4400/12592 loss=-19.304672
batch 4450/12592 loss=-13.893235
batch 4500/12592 loss=-12.136502
batch 4550/12592 loss=-16.381630
batch 4600/12592 loss=-9.463991
batch 4650/12592 loss=-16.712418
batch 4700/12592 loss=-6.850578
batch 4750/12592 loss=-15.528766
batch 4800/12592 loss=-10.040436
batch 4850/12592 loss=-15.513340
batch 4900/12592 loss=-10.119059
batch 4950/12592 loss=-16.511509
batch 5000/12592 loss=-16.667912
batch 5050/12592 loss=-15.139959
batch 5100/12592 loss=-19.863308
batch 5150/12592 loss=-21.060078
batch 5200/12592 loss=-23.241501
batch 5250/12592 loss=-14.555883
batch 5300/12592 loss=-20.600248
batch 5350/12592 loss=-16.341366
batch 5400/12592 loss=-10.475374
batch 5450/12592 loss=-15.690767
batch 5500/12592 loss=-18.899559
batch 5550/12592 loss=-17.277424
batch 5600/12592 loss=-15.909901
batch 5650/12592 loss=-12.322800
batch 5700/12592 loss=-22.261419
batch 5750/12592 loss=-10.301453
batch 5800/12592 loss=-22.004248
batch 5850/12592 loss=-12.184464
batch 5900/12592 loss=-16.635994
batch 5950/12592 loss=-14.272085
batch 6000/12592 loss=-27.519114
batch 6050/12592 loss=-17.141293
batch 6100/12592 loss=3.930617
batch 6150/12592 loss=-17.337938
batch 6200/12592 loss=-15.791265
batch 6250/12592 loss=-15.157690
batch 6300/12592 loss=-20.360188
batch 6350/12592 loss=-13.032284
batch 6400/12592 loss=-7.007034
batch 6450/12592 loss=-6.984083
batch 6500/12592 loss=-10.783388
batch 6550/12592 loss=-13.866658
batch 6600/12592 loss=-15.209559
batch 6650/12592 loss=-20.752506
batch 6700/12592 loss=-7.954083
batch 6750/12592 loss=-12.544271
batch 6800/12592 loss=-6.318735
batch 6850/12592 loss=-13.547978
batch 6900/12592 loss=-17.073706
batch 6950/12592 loss=-17.931612
batch 7000/12592 loss=-15.761391
batch 7050/12592 loss=-17.854263
batch 7100/12592 loss=-19.162971
batch 7150/12592 loss=-8.295870
batch 7200/12592 loss=-19.736959
batch 7250/12592 loss=-22.288731
batch 7300/12592 loss=-11.380173
batch 7350/12592 loss=-16.489552
batch 7400/12592 loss=-17.041037
batch 7450/12592 loss=-19.187683
batch 7500/12592 loss=-13.275998
batch 7550/12592 loss=-14.571316
batch 7600/12592 loss=-5.837313
batch 7650/12592 loss=-13.944113
batch 7700/12592 loss=-11.575709
batch 7750/12592 loss=-20.278427
batch 7800/12592 loss=-13.063263
batch 7850/12592 loss=-13.903585
batch 7900/12592 loss=-26.563185
batch 7950/12592 loss=-14.002266
batch 8000/12592 loss=-15.063755
batch 8050/12592 loss=-24.218853
batch 8100/12592 loss=-7.597916
batch 8150/12592 loss=-13.421886
batch 8200/12592 loss=-16.997829
batch 8250/12592 loss=-20.527840
batch 8300/12592 loss=-20.125923
batch 8350/12592 loss=-8.941998
batch 8400/12592 loss=-13.506107
batch 8450/12592 loss=-13.116399
batch 8500/12592 loss=-12.905210
batch 8550/12592 loss=-12.046146
batch 8600/12592 loss=-21.088295
batch 8650/12592 loss=-12.705717
batch 8700/12592 loss=-9.902194
batch 8750/12592 loss=-4.611941
batch 8800/12592 loss=-8.026276
batch 8850/12592 loss=-16.770367
batch 8900/12592 loss=-9.646303
batch 8950/12592 loss=-19.222561
batch 9000/12592 loss=-26.534332
batch 9050/12592 loss=-10.858710
batch 9100/12592 loss=-17.482716
batch 9150/12592 loss=-18.446249
batch 9200/12592 loss=-10.408324
batch 9250/12592 loss=-12.233154
batch 9300/12592 loss=-24.333307
batch 9350/12592 loss=-23.273209
batch 9400/12592 loss=-15.451389
batch 9450/12592 loss=-14.606001
batch 9500/12592 loss=-17.030350
batch 9550/12592 loss=-14.357933
batch 9600/12592 loss=-2.967022
batch 9650/12592 loss=-11.241250
batch 9700/12592 loss=-25.901123
batch 9750/12592 loss=-21.065361
batch 9800/12592 loss=-9.516750
batch 9850/12592 loss=-22.109882
batch 9900/12592 loss=-13.078646
batch 9950/12592 loss=-17.069733
batch 10000/12592 loss=-18.641922
batch 10050/12592 loss=-18.525787
batch 10100/12592 loss=-17.122248
batch 10150/12592 loss=-10.542456
batch 10200/12592 loss=-18.418800
batch 10250/12592 loss=-12.735613
batch 10300/12592 loss=-17.755186
batch 10350/12592 loss=-16.118103
batch 10400/12592 loss=-6.354927
batch 10450/12592 loss=-18.710670
batch 10500/12592 loss=-11.609261
batch 10550/12592 loss=-4.100420
batch 10600/12592 loss=-18.805882
batch 10650/12592 loss=-12.413486
batch 10700/12592 loss=-8.124324
batch 10750/12592 loss=-17.541325
batch 10800/12592 loss=-10.203548
batch 10850/12592 loss=-3.243300
batch 10900/12592 loss=-13.218768
batch 10950/12592 loss=-27.016594
batch 11000/12592 loss=-11.682558
batch 11050/12592 loss=-9.157422
batch 11100/12592 loss=-14.875196
batch 11150/12592 loss=-9.209911
batch 11200/12592 loss=-13.619904
batch 11250/12592 loss=-21.882511
batch 11300/12592 loss=-10.112400
batch 11350/12592 loss=-15.442728
batch 11400/12592 loss=-19.286129
batch 11450/12592 loss=-26.569229
batch 11500/12592 loss=-22.033100
batch 11550/12592 loss=-22.772749
batch 11600/12592 loss=-19.097736
batch 11650/12592 loss=-14.789150
batch 11700/12592 loss=-14.150764
batch 11750/12592 loss=-20.782471
batch 11800/12592 loss=-17.321552
batch 11850/12592 loss=-16.508625
batch 11900/12592 loss=-9.937210
batch 11950/12592 loss=-20.592640
batch 12000/12592 loss=-25.779556
batch 12050/12592 loss=-10.519117
batch 12100/12592 loss=-11.156446
batch 12150/12592 loss=-14.503286
batch 12200/12592 loss=-13.187803
batch 12250/12592 loss=-18.622181
batch 12300/12592 loss=-17.282059
batch 12350/12592 loss=-24.611629
batch 12400/12592 loss=-7.473159
batch 12450/12592 loss=-13.430405
batch 12500/12592 loss=-15.312656
batch 12550/12592 loss=-11.590483
epoch=34 train_loss=-14.439859 val_loss=-7.378835 minADE=0.712999 minFDE=0.851248 best=-19.057267 patience=12/50
batch 0/12592 loss=-2.384731
batch 50/12592 loss=-2.379023
batch 100/12592 loss=-8.045543
batch 150/12592 loss=-17.062677
batch 200/12592 loss=-15.560581
batch 250/12592 loss=-12.095333
batch 300/12592 loss=-31.777271
batch 350/12592 loss=-17.119984
batch 400/12592 loss=-7.151600
batch 450/12592 loss=-14.118893
batch 500/12592 loss=-15.565887
batch 550/12592 loss=-15.419800
batch 600/12592 loss=-8.390258
batch 650/12592 loss=-14.126696
batch 700/12592 loss=-12.379738
batch 750/12592 loss=-11.908737
batch 800/12592 loss=-14.912868
batch 850/12592 loss=-14.187702
batch 900/12592 loss=-11.381776
batch 950/12592 loss=-7.659948
batch 1000/12592 loss=-6.076929
batch 1050/12592 loss=1.059618
batch 1100/12592 loss=-12.665470
batch 1150/12592 loss=-13.422710
batch 1200/12592 loss=-20.010157
batch 1250/12592 loss=-27.237463
batch 1300/12592 loss=-8.131020
batch 1350/12592 loss=-23.103329
batch 1400/12592 loss=-19.751770
batch 1450/12592 loss=-11.535061
batch 1500/12592 loss=-24.892643
batch 1550/12592 loss=-18.747894
batch 1600/12592 loss=-12.245549
batch 1650/12592 loss=-9.546396
batch 1700/12592 loss=-13.746576
batch 1750/12592 loss=-17.569471
batch 1800/12592 loss=-18.891800
batch 1850/12592 loss=-15.812124
batch 1900/12592 loss=-4.699664
batch 1950/12592 loss=-7.662913
batch 2000/12592 loss=-15.771115
batch 2050/12592 loss=-20.483196
batch 2100/12592 loss=-14.161873
batch 2150/12592 loss=-19.828535
batch 2200/12592 loss=-23.910305
batch 2250/12592 loss=-20.792353
batch 2300/12592 loss=-12.227894
batch 2350/12592 loss=-18.046886
batch 2400/12592 loss=-16.337749
batch 2450/12592 loss=-16.779800
batch 2500/12592 loss=-7.369939
batch 2550/12592 loss=-19.728874
batch 2600/12592 loss=-16.523205
batch 2650/12592 loss=-11.069683
batch 2700/12592 loss=-15.313820
batch 2750/12592 loss=-17.880924
batch 2800/12592 loss=-20.660492
batch 2850/12592 loss=-13.565453
batch 2900/12592 loss=-16.059021
batch 2950/12592 loss=-22.783146
batch 3000/12592 loss=-15.710279
batch 3050/12592 loss=-6.862078
batch 3100/12592 loss=-8.199569
batch 3150/12592 loss=-14.322090
batch 3200/12592 loss=-4.351458
batch 3250/12592 loss=-16.612423
batch 3300/12592 loss=-19.294598
batch 3350/12592 loss=-23.877758
batch 3400/12592 loss=-11.555099
batch 3450/12592 loss=-16.778503
batch 3500/12592 loss=-22.581360
batch 3550/12592 loss=-11.549088
batch 3600/12592 loss=-9.026963
batch 3650/12592 loss=-9.983793
batch 3700/12592 loss=-11.264893
batch 3750/12592 loss=-13.989786
batch 3800/12592 loss=-15.534902
batch 3850/12592 loss=-23.951584
batch 3900/12592 loss=-14.403202
batch 3950/12592 loss=-18.918175
batch 4000/12592 loss=-6.220381
batch 4050/12592 loss=-18.930515
batch 4100/12592 loss=-11.376789
batch 4150/12592 loss=-17.818865
batch 4200/12592 loss=-5.861067
batch 4250/12592 loss=-13.815364
batch 4300/12592 loss=-11.596811
batch 4350/12592 loss=-20.487099
batch 4400/12592 loss=-6.505624
batch 4450/12592 loss=-8.879842
batch 4500/12592 loss=-9.695194
batch 4550/12592 loss=-20.011793
batch 4600/12592 loss=-11.289455
batch 4650/12592 loss=-17.874474
batch 4700/12592 loss=-17.805149
batch 4750/12592 loss=-6.891080
batch 4800/12592 loss=-7.176200
batch 4850/12592 loss=-11.627082
batch 4900/12592 loss=3.998483
batch 4950/12592 loss=-15.609419
batch 5000/12592 loss=-13.828041
batch 5050/12592 loss=-14.894262
batch 5100/12592 loss=-15.195339
batch 5150/12592 loss=-18.028908
batch 5200/12592 loss=-14.940794
batch 5250/12592 loss=-17.336937
batch 5300/12592 loss=-17.072845
batch 5350/12592 loss=-10.951289
batch 5400/12592 loss=-17.196705
batch 5450/12592 loss=-16.120255
batch 5500/12592 loss=-9.882377
batch 5550/12592 loss=-22.008572
batch 5600/12592 loss=-6.120765
batch 5650/12592 loss=-9.376218
batch 5700/12592 loss=-14.421665
batch 5750/12592 loss=-0.203631
batch 5800/12592 loss=-21.449015
batch 5850/12592 loss=-10.541067
batch 5900/12592 loss=-18.811201
batch 5950/12592 loss=-10.587543
batch 6000/12592 loss=-13.125124
batch 6050/12592 loss=-11.708820
batch 6100/12592 loss=-18.493702
batch 6150/12592 loss=-12.374160
batch 6200/12592 loss=-18.330557
batch 6250/12592 loss=-9.630373
batch 6300/12592 loss=-15.420362
batch 6350/12592 loss=-18.991421
batch 6400/12592 loss=-12.568087
batch 6450/12592 loss=-8.284191
batch 6500/12592 loss=-4.246746
batch 6550/12592 loss=-18.545839
batch 6600/12592 loss=-13.286749
batch 6650/12592 loss=-20.319128
batch 6700/12592 loss=-8.410012
batch 6750/12592 loss=-14.239717
batch 6800/12592 loss=-23.729694
batch 6850/12592 loss=-9.151539
batch 6900/12592 loss=-10.196929
batch 6950/12592 loss=-11.053059
batch 7000/12592 loss=-19.474712
batch 7050/12592 loss=-21.624714
batch 7100/12592 loss=-26.716682
batch 7150/12592 loss=-14.759993
batch 7200/12592 loss=-7.492310
batch 7250/12592 loss=-15.350245
batch 7300/12592 loss=-24.544537
batch 7350/12592 loss=-15.101377
batch 7400/12592 loss=-12.919749
batch 7450/12592 loss=-17.235470
batch 7500/12592 loss=-6.091238
batch 7550/12592 loss=-15.679951
batch 7600/12592 loss=-15.986977
batch 7650/12592 loss=-9.369573
batch 7700/12592 loss=-11.089897
batch 7750/12592 loss=-24.831478
batch 7800/12592 loss=-3.016330
batch 7850/12592 loss=-8.029872
batch 7900/12592 loss=-17.968515
batch 7950/12592 loss=-16.309578
batch 8000/12592 loss=-16.430120
batch 8050/12592 loss=-9.382192
batch 8100/12592 loss=-3.289814
batch 8150/12592 loss=-11.927973
batch 8200/12592 loss=-13.974443
batch 8250/12592 loss=-15.106736
batch 8300/12592 loss=-16.044403
batch 8350/12592 loss=-10.873384
batch 8400/12592 loss=-13.353710
batch 8450/12592 loss=-16.468880
batch 8500/12592 loss=-4.596981
batch 8550/12592 loss=-18.207952
batch 8600/12592 loss=-17.266430
batch 8650/12592 loss=-18.541519
batch 8700/12592 loss=-10.865101
batch 8750/12592 loss=-16.169506
batch 8800/12592 loss=-13.577243
batch 8850/12592 loss=-10.019516
batch 8900/12592 loss=-11.765985
batch 8950/12592 loss=-20.453442
batch 9000/12592 loss=-1.547685
batch 9050/12592 loss=-13.766211
batch 9100/12592 loss=-15.732178
batch 9150/12592 loss=-16.557737
batch 9200/12592 loss=-14.795006
batch 9250/12592 loss=-17.954908
batch 9300/12592 loss=-10.718408
batch 9350/12592 loss=-7.112945
batch 9400/12592 loss=-19.801825
batch 9450/12592 loss=-21.470089
batch 9500/12592 loss=-21.252949
batch 9550/12592 loss=-11.690389
batch 9600/12592 loss=-12.294101
batch 9650/12592 loss=-22.561100
batch 9700/12592 loss=-19.774755
batch 9750/12592 loss=-20.194082
batch 9800/12592 loss=-18.239944
batch 9850/12592 loss=-16.828892
batch 9900/12592 loss=-8.913458
batch 9950/12592 loss=-15.324841
batch 10000/12592 loss=-8.339444
batch 10050/12592 loss=-18.223057
batch 10100/12592 loss=-15.658648
batch 10150/12592 loss=-25.369431
batch 10200/12592 loss=-15.424105
batch 10250/12592 loss=-15.824308
batch 10300/12592 loss=-18.838467
batch 10350/12592 loss=-13.296618
batch 10400/12592 loss=-19.410183
batch 10450/12592 loss=-11.898596
batch 10500/12592 loss=-14.633310
batch 10550/12592 loss=-21.375629
batch 10600/12592 loss=-26.221413
batch 10650/12592 loss=-8.535872
batch 10700/12592 loss=-17.266655
batch 10750/12592 loss=-26.349941
batch 10800/12592 loss=-3.365684
batch 10850/12592 loss=-9.985909
batch 10900/12592 loss=-19.405436
batch 10950/12592 loss=-16.302107
batch 11000/12592 loss=-12.178318
batch 11050/12592 loss=-17.595964
batch 11100/12592 loss=-12.366341
batch 11150/12592 loss=-17.851973
batch 11200/12592 loss=-22.119461
batch 11250/12592 loss=-5.520351
batch 11300/12592 loss=-17.702412
batch 11350/12592 loss=-12.584675
batch 11400/12592 loss=-21.020340
batch 11450/12592 loss=-8.353177
batch 11500/12592 loss=-13.390551
batch 11550/12592 loss=-7.769102
batch 11600/12592 loss=-6.330147
batch 11650/12592 loss=-10.759015
batch 11700/12592 loss=-15.615328
batch 11750/12592 loss=-14.799757
batch 11800/12592 loss=-19.407789
batch 11850/12592 loss=-16.070932
batch 11900/12592 loss=-22.536558
batch 11950/12592 loss=-7.593520
batch 12000/12592 loss=-19.765377
batch 12050/12592 loss=-15.932859
batch 12100/12592 loss=-8.922261
batch 12150/12592 loss=-15.089783
batch 12200/12592 loss=-15.714297
batch 12250/12592 loss=-13.446129
batch 12300/12592 loss=-8.397141
batch 12350/12592 loss=-9.614838
batch 12400/12592 loss=-11.230465
batch 12450/12592 loss=-18.276649
batch 12500/12592 loss=-15.087597
batch 12550/12592 loss=-5.194527
epoch=35 train_loss=-14.147864 val_loss=-15.529498 minADE=0.639473 minFDE=0.787174 best=-19.057267 patience=13/50
batch 0/12592 loss=-15.867056
batch 50/12592 loss=-15.197113
batch 100/12592 loss=-19.503134
batch 150/12592 loss=-16.377886
batch 200/12592 loss=-12.655324
batch 250/12592 loss=-10.533407
batch 300/12592 loss=-9.462467
batch 350/12592 loss=-19.114281
batch 400/12592 loss=-17.497320
batch 450/12592 loss=-6.211685
batch 500/12592 loss=-14.687397
batch 550/12592 loss=-15.166666
batch 600/12592 loss=-3.119065
batch 650/12592 loss=-19.939007
batch 700/12592 loss=-6.764947
batch 750/12592 loss=-10.827955
batch 800/12592 loss=-14.297598
batch 850/12592 loss=-14.123269
batch 900/12592 loss=-16.377827
batch 950/12592 loss=-10.671235
batch 1000/12592 loss=-23.194687
batch 1050/12592 loss=-9.768362
batch 1100/12592 loss=-17.239418
batch 1150/12592 loss=-18.135525
batch 1200/12592 loss=-1.248145
batch 1250/12592 loss=-19.448709
batch 1300/12592 loss=-11.493173
batch 1350/12592 loss=-9.483580
batch 1400/12592 loss=-18.261940
batch 1450/12592 loss=-7.934723
batch 1500/12592 loss=-14.629482
batch 1550/12592 loss=-17.933865
batch 1600/12592 loss=-17.779816
batch 1650/12592 loss=-9.290602
batch 1700/12592 loss=-21.104731
batch 1750/12592 loss=-10.191870
batch 1800/12592 loss=-9.320126
batch 1850/12592 loss=-4.820113
batch 1900/12592 loss=-8.960043
batch 1950/12592 loss=-17.922318
batch 2000/12592 loss=-19.209343
batch 2050/12592 loss=-5.559035
batch 2100/12592 loss=-20.056438
batch 2150/12592 loss=-15.999180
batch 2200/12592 loss=-16.546616
batch 2250/12592 loss=-15.993013
batch 2300/12592 loss=-23.872955
batch 2350/12592 loss=-5.922606
batch 2400/12592 loss=-14.310612
batch 2450/12592 loss=-21.983879
batch 2500/12592 loss=-22.683365
batch 2550/12592 loss=-15.837606
batch 2600/12592 loss=-17.916847
batch 2650/12592 loss=-8.832324
batch 2700/12592 loss=-19.209152
batch 2750/12592 loss=-8.653277
batch 2800/12592 loss=-25.083080
batch 2850/12592 loss=-18.976814
batch 2900/12592 loss=-15.474835
batch 2950/12592 loss=-5.149758
batch 3000/12592 loss=-21.879581
batch 3050/12592 loss=-8.776558
batch 3100/12592 loss=-19.601002
batch 3150/12592 loss=-20.710781
batch 3200/12592 loss=-8.141812
batch 3250/12592 loss=-12.590294
batch 3300/12592 loss=-23.289700
batch 3350/12592 loss=-9.345676
batch 3400/12592 loss=-8.559206
batch 3450/12592 loss=-9.194609
batch 3500/12592 loss=-19.762848
batch 3550/12592 loss=-10.600283
batch 3600/12592 loss=-15.423944
batch 3650/12592 loss=-12.652689
batch 3700/12592 loss=-14.124854
batch 3750/12592 loss=-17.574226
batch 3800/12592 loss=-20.884438
batch 3850/12592 loss=-14.928787
batch 3900/12592 loss=-10.286530
batch 3950/12592 loss=-16.723452
batch 4000/12592 loss=-13.728346
batch 4050/12592 loss=-15.003519
batch 4100/12592 loss=-11.030643
batch 4150/12592 loss=-17.144032
batch 4200/12592 loss=-11.773458
batch 4250/12592 loss=-20.807346
batch 4300/12592 loss=-19.068954
batch 4350/12592 loss=-13.488249
batch 4400/12592 loss=-19.557627
batch 4450/12592 loss=-18.419029
batch 4500/12592 loss=-17.686779
batch 4550/12592 loss=-17.206659
batch 4600/12592 loss=-13.608794
batch 4650/12592 loss=-14.651464
batch 4700/12592 loss=-19.657454
batch 4750/12592 loss=-15.945440
batch 4800/12592 loss=-9.493753
batch 4850/12592 loss=-22.954145
batch 4900/12592 loss=-12.946733
batch 4950/12592 loss=-14.167731
batch 5000/12592 loss=-21.367785
batch 5050/12592 loss=-17.065756
batch 5100/12592 loss=-12.125801
batch 5150/12592 loss=-9.147714
batch 5200/12592 loss=-17.029173
batch 5250/12592 loss=1.656450
batch 5300/12592 loss=-12.651297
batch 5350/12592 loss=-20.534338
batch 5400/12592 loss=-11.057003
batch 5450/12592 loss=-19.146212
batch 5500/12592 loss=-10.439280
batch 5550/12592 loss=-8.819248
batch 5600/12592 loss=-20.483675
batch 5650/12592 loss=-18.892286
batch 5700/12592 loss=-10.092673
batch 5750/12592 loss=-10.521769
batch 5800/12592 loss=-5.768691
batch 5850/12592 loss=-18.008926
batch 5900/12592 loss=-18.194641
batch 5950/12592 loss=-18.734829
batch 6000/12592 loss=-13.658529
batch 6050/12592 loss=-20.706306
batch 6100/12592 loss=-20.781742
batch 6150/12592 loss=-15.659991
batch 6200/12592 loss=-19.060560
batch 6250/12592 loss=-11.172682
batch 6300/12592 loss=-22.842331
batch 6350/12592 loss=-17.734646
batch 6400/12592 loss=-17.343571
batch 6450/12592 loss=-15.313270
batch 6500/12592 loss=-10.794434
batch 6550/12592 loss=-19.665432
batch 6600/12592 loss=-22.996719
batch 6650/12592 loss=-21.189516
batch 6700/12592 loss=-6.951721
batch 6750/12592 loss=-16.290819
batch 6800/12592 loss=-21.749500
batch 6850/12592 loss=-14.787861
batch 6900/12592 loss=-12.706129
batch 6950/12592 loss=-12.332896
batch 7000/12592 loss=-8.956787
batch 7050/12592 loss=-12.213655
batch 7100/12592 loss=-18.093311
batch 7150/12592 loss=-5.495893
batch 7200/12592 loss=-16.399817
batch 7250/12592 loss=-9.493586
batch 7300/12592 loss=-15.043397
batch 7350/12592 loss=-5.211867
batch 7400/12592 loss=-16.263874
batch 7450/12592 loss=-15.115955
batch 7500/12592 loss=-5.107552
batch 7550/12592 loss=-16.206327
batch 7600/12592 loss=-4.252329
batch 7650/12592 loss=-14.129833
batch 7700/12592 loss=-16.372536
batch 7750/12592 loss=-18.791813
batch 7800/12592 loss=-5.348447
batch 7850/12592 loss=-8.265030
batch 7900/12592 loss=-13.034166
batch 7950/12592 loss=-17.830561
batch 8000/12592 loss=-21.329193
batch 8050/12592 loss=-16.551517
batch 8100/12592 loss=-15.376637
batch 8150/12592 loss=-16.149437
batch 8200/12592 loss=-17.562370
batch 8250/12592 loss=-21.275806
batch 8300/12592 loss=-14.014428
batch 8350/12592 loss=-19.063728
batch 8400/12592 loss=-10.949603
batch 8450/12592 loss=-6.933276
batch 8500/12592 loss=-10.969962
batch 8550/12592 loss=-12.828297
batch 8600/12592 loss=-13.616927
batch 8650/12592 loss=-14.964406
batch 8700/12592 loss=-7.770000
batch 8750/12592 loss=-16.561661
batch 8800/12592 loss=-13.478178
batch 8850/12592 loss=-13.054078
batch 8900/12592 loss=-8.803415
batch 8950/12592 loss=-15.998564
batch 9000/12592 loss=-11.226789
batch 9050/12592 loss=-16.970047
batch 9100/12592 loss=-12.003901
batch 9150/12592 loss=-10.391876
batch 9200/12592 loss=-14.420617
batch 9250/12592 loss=-20.176979
batch 9300/12592 loss=-22.747379
batch 9350/12592 loss=-15.237713
batch 9400/12592 loss=-16.607527
batch 9450/12592 loss=-8.663307
batch 9500/12592 loss=-23.558069
batch 9550/12592 loss=-12.829783
batch 9600/12592 loss=-13.558705
batch 9650/12592 loss=-17.530317
batch 9700/12592 loss=-19.197300
batch 9750/12592 loss=-22.743725
batch 9800/12592 loss=-22.232544
batch 9850/12592 loss=-18.079590
batch 9900/12592 loss=-16.452213
batch 9950/12592 loss=-11.579695
batch 10000/12592 loss=-12.620967
batch 10050/12592 loss=-18.360960
batch 10100/12592 loss=-18.441132
batch 10150/12592 loss=-24.579386
batch 10200/12592 loss=-9.840351
batch 10250/12592 loss=-16.477659
batch 10300/12592 loss=-7.575446
batch 10350/12592 loss=-17.714773
batch 10400/12592 loss=-17.347425
batch 10450/12592 loss=-17.362825
batch 10500/12592 loss=-17.648762
batch 10550/12592 loss=-15.819263
batch 10600/12592 loss=-16.829147
batch 10650/12592 loss=-13.092113
batch 10700/12592 loss=-5.854777
batch 10750/12592 loss=-8.905901
batch 10800/12592 loss=-13.297906
batch 10850/12592 loss=-3.573899
batch 10900/12592 loss=-14.530098
batch 10950/12592 loss=-12.928413
batch 11000/12592 loss=-10.506157
batch 11050/12592 loss=-15.114059
batch 11100/12592 loss=-6.266062
batch 11150/12592 loss=-13.877167
batch 11200/12592 loss=-7.056434
batch 11250/12592 loss=-19.400036
batch 11300/12592 loss=-11.534712
batch 11350/12592 loss=-22.592606
batch 11400/12592 loss=-18.703318
batch 11450/12592 loss=-10.566243
batch 11500/12592 loss=-12.047576
batch 11550/12592 loss=-8.220285
batch 11600/12592 loss=-1.820479
batch 11650/12592 loss=-11.880291
batch 11700/12592 loss=-18.562078
batch 11750/12592 loss=-19.262211
batch 11800/12592 loss=-7.500282
batch 11850/12592 loss=-19.143787
batch 11900/12592 loss=-9.199110
batch 11950/12592 loss=-21.114094
batch 12000/12592 loss=-2.938702
batch 12050/12592 loss=-5.708585
batch 12100/12592 loss=-16.587486
batch 12150/12592 loss=-16.895603
batch 12200/12592 loss=-8.828158
batch 12250/12592 loss=-15.412944
batch 12300/12592 loss=-18.185955
batch 12350/12592 loss=-18.664240
batch 12400/12592 loss=-22.040779
batch 12450/12592 loss=-15.003641
batch 12500/12592 loss=-20.011612
batch 12550/12592 loss=-21.982067
epoch=36 train_loss=-14.049835 val_loss=-6.205289 minADE=0.681228 minFDE=0.795000 best=-19.057267 patience=14/50
batch 0/12592 loss=-11.428432
batch 50/12592 loss=-17.813234
batch 100/12592 loss=-10.634489
batch 150/12592 loss=-11.505060
batch 200/12592 loss=-19.541130
batch 250/12592 loss=-16.864786
batch 300/12592 loss=-11.516613
batch 350/12592 loss=-10.517878
batch 400/12592 loss=-9.749886
batch 450/12592 loss=-3.703177
batch 500/12592 loss=-24.427956
batch 550/12592 loss=-13.612492
batch 600/12592 loss=-25.893436
batch 650/12592 loss=-24.695156
batch 700/12592 loss=-15.747387
batch 750/12592 loss=-26.343212
batch 800/12592 loss=-19.524513
batch 850/12592 loss=-14.310525
batch 900/12592 loss=-21.303427
batch 950/12592 loss=-21.127590
batch 1000/12592 loss=-15.696931
batch 1050/12592 loss=-21.200617
batch 1100/12592 loss=-12.748209
batch 1150/12592 loss=-17.165247
batch 1200/12592 loss=-17.579121
batch 1250/12592 loss=-20.621281
batch 1300/12592 loss=-8.564701
batch 1350/12592 loss=-5.790664
batch 1400/12592 loss=-15.221377
batch 1450/12592 loss=-0.213077
batch 1500/12592 loss=-9.910095
batch 1550/12592 loss=-10.150382
batch 1600/12592 loss=-4.975817
batch 1650/12592 loss=-9.974036
batch 1700/12592 loss=-14.194220
batch 1750/12592 loss=-9.235276
batch 1800/12592 loss=-20.226147
batch 1850/12592 loss=-10.962379
batch 1900/12592 loss=-8.198272
batch 1950/12592 loss=-6.609439
batch 2000/12592 loss=-9.405483
batch 2050/12592 loss=-7.372023
batch 2100/12592 loss=-18.713036
batch 2150/12592 loss=-12.075189
batch 2200/12592 loss=-2.396811
batch 2250/12592 loss=-6.390800
batch 2300/12592 loss=-19.163967
batch 2350/12592 loss=-4.033628
batch 2400/12592 loss=-17.850281
batch 2450/12592 loss=-8.302225
batch 2500/12592 loss=-17.442112
batch 2550/12592 loss=-13.642567
batch 2600/12592 loss=-3.553108
batch 2650/12592 loss=-12.236227
batch 2700/12592 loss=-13.149819
batch 2750/12592 loss=-8.141127
batch 2800/12592 loss=-14.015451
batch 2850/12592 loss=-17.888762
batch 2900/12592 loss=-24.145512
batch 2950/12592 loss=-11.856276
batch 3000/12592 loss=-13.567998
batch 3050/12592 loss=-10.406252
batch 3100/12592 loss=-14.366601
batch 3150/12592 loss=-7.019938
batch 3200/12592 loss=-11.835077
batch 3250/12592 loss=-17.253149
batch 3300/12592 loss=-18.221592
batch 3350/12592 loss=-11.769867
batch 3400/12592 loss=-16.894030
batch 3450/12592 loss=-22.418526
batch 3500/12592 loss=-12.498175
batch 3550/12592 loss=-13.675291
batch 3600/12592 loss=-11.794926
batch 3650/12592 loss=-4.660379
batch 3700/12592 loss=-8.389272
batch 3750/12592 loss=-18.922525
batch 3800/12592 loss=-14.732607
batch 3850/12592 loss=-17.941311
batch 3900/12592 loss=-13.140738
batch 3950/12592 loss=-12.778643
batch 4000/12592 loss=-12.685958
batch 4050/12592 loss=-1.690633
batch 4100/12592 loss=-13.618317
batch 4150/12592 loss=-13.433205
batch 4200/12592 loss=-10.870831
batch 4250/12592 loss=-19.305779
batch 4300/12592 loss=-26.354755
batch 4350/12592 loss=-21.242252
batch 4400/12592 loss=-20.050854
batch 4450/12592 loss=-6.585809
batch 4500/12592 loss=-7.759648
batch 4550/12592 loss=-13.325830
batch 4600/12592 loss=-21.310249
batch 4650/12592 loss=-20.239363
batch 4700/12592 loss=-18.887943
batch 4750/12592 loss=-20.711891
batch 4800/12592 loss=-14.031403
batch 4850/12592 loss=-20.587337
batch 4900/12592 loss=-24.582142
batch 4950/12592 loss=-11.923317
batch 5000/12592 loss=-20.956757
batch 5050/12592 loss=-20.270378
batch 5100/12592 loss=-15.721813
batch 5150/12592 loss=-19.575329
batch 5200/12592 loss=-13.636057
batch 5250/12592 loss=-16.941601
batch 5300/12592 loss=-10.920034
batch 5350/12592 loss=-21.846596
batch 5400/12592 loss=-16.023373
batch 5450/12592 loss=-24.479795
batch 5500/12592 loss=-16.459879
batch 5550/12592 loss=-16.327307
batch 5600/12592 loss=-8.994275
batch 5650/12592 loss=-17.754707
batch 5700/12592 loss=-10.141422
batch 5750/12592 loss=-18.727987
batch 5800/12592 loss=-20.413380
batch 5850/12592 loss=-19.026087
batch 5900/12592 loss=-20.410515
batch 5950/12592 loss=-16.383289
batch 6000/12592 loss=-14.127230
batch 6050/12592 loss=-11.331023
batch 6100/12592 loss=-12.077150
batch 6150/12592 loss=-18.572563
batch 6200/12592 loss=-12.572775
batch 6250/12592 loss=-18.479000
batch 6300/12592 loss=-18.127098
batch 6350/12592 loss=-9.204334
batch 6400/12592 loss=-16.516527
batch 6450/12592 loss=-4.859253
batch 6500/12592 loss=-13.340189
batch 6550/12592 loss=0.918500
batch 6600/12592 loss=-19.947243
batch 6650/12592 loss=-8.913128
batch 6700/12592 loss=-16.710596
batch 6750/12592 loss=-15.011269
batch 6800/12592 loss=-17.650848
batch 6850/12592 loss=-13.134184
batch 6900/12592 loss=-14.954215
batch 6950/12592 loss=-11.602503
batch 7000/12592 loss=-18.891550
batch 7050/12592 loss=-22.102077
batch 7100/12592 loss=-19.396009
batch 7150/12592 loss=-17.212749
batch 7200/12592 loss=-7.082073
batch 7250/12592 loss=-16.154892
batch 7300/12592 loss=-16.624388
batch 7350/12592 loss=-14.992609
batch 7400/12592 loss=-15.016736
batch 7450/12592 loss=-7.268467
batch 7500/12592 loss=-10.288037
batch 7550/12592 loss=-8.917318
batch 7600/12592 loss=-6.135562
batch 7650/12592 loss=-19.723488
batch 7700/12592 loss=-17.389854
batch 7750/12592 loss=-15.279365
batch 7800/12592 loss=-17.790564
batch 7850/12592 loss=-20.333759
batch 7900/12592 loss=-18.293377
batch 7950/12592 loss=-12.644794
batch 8000/12592 loss=-14.079973
batch 8050/12592 loss=-17.848516
batch 8100/12592 loss=-25.424929
batch 8150/12592 loss=-5.967837
batch 8200/12592 loss=-9.926215
batch 8250/12592 loss=-9.710304
batch 8300/12592 loss=-13.342463
batch 8350/12592 loss=-16.700014
batch 8400/12592 loss=-13.486947
batch 8450/12592 loss=-20.710091
batch 8500/12592 loss=-17.118851
batch 8550/12592 loss=-13.945163
batch 8600/12592 loss=-14.946938
batch 8650/12592 loss=-8.820297
batch 8700/12592 loss=-21.016102
batch 8750/12592 loss=-9.060947
batch 8800/12592 loss=-17.936218
batch 8850/12592 loss=-13.531933
batch 8900/12592 loss=-6.855302
batch 8950/12592 loss=-11.714877
batch 9000/12592 loss=-16.989120
batch 9050/12592 loss=-14.966511
batch 9100/12592 loss=-16.122463
batch 9150/12592 loss=-27.309067
batch 9200/12592 loss=-23.050133
batch 9250/12592 loss=-15.362444
batch 9300/12592 loss=-17.161980
batch 9350/12592 loss=-23.225803
batch 9400/12592 loss=-14.907684
batch 9450/12592 loss=-13.985847
batch 9500/12592 loss=-25.529480
batch 9550/12592 loss=-14.606427
batch 9600/12592 loss=-19.600101
batch 9650/12592 loss=-11.711615
batch 9700/12592 loss=-14.976205
batch 9750/12592 loss=-18.760231
batch 9800/12592 loss=-9.292933
batch 9850/12592 loss=-10.301878
batch 9900/12592 loss=-12.718051
batch 9950/12592 loss=-14.427597
batch 10000/12592 loss=-19.480221
batch 10050/12592 loss=-5.971848
batch 10100/12592 loss=-21.261189
batch 10150/12592 loss=-15.351010
batch 10200/12592 loss=-13.166220
batch 10250/12592 loss=-15.073208
batch 10300/12592 loss=-19.239698
batch 10350/12592 loss=-18.387781
batch 10400/12592 loss=-14.505200
batch 10450/12592 loss=-12.398149
batch 10500/12592 loss=-17.399467
batch 10550/12592 loss=-14.757593
batch 10600/12592 loss=-19.544891
batch 10650/12592 loss=-13.612157
batch 10700/12592 loss=-10.473017
batch 10750/12592 loss=-13.293629
batch 10800/12592 loss=-13.084417
batch 10850/12592 loss=-5.027538
batch 10900/12592 loss=-24.925396
batch 10950/12592 loss=-13.126104
batch 11000/12592 loss=-5.792527
batch 11050/12592 loss=-19.039982
batch 11100/12592 loss=-1.911536
batch 11150/12592 loss=-12.769791
batch 11200/12592 loss=-16.899429
batch 11250/12592 loss=-13.810810
batch 11300/12592 loss=-12.270624
batch 11350/12592 loss=-12.913176
batch 11400/12592 loss=-12.622867
batch 11450/12592 loss=-19.298870
batch 11500/12592 loss=-10.094117
batch 11550/12592 loss=-14.569903
batch 11600/12592 loss=-9.782270
batch 11650/12592 loss=-5.125917
batch 11700/12592 loss=3.490869
batch 11750/12592 loss=-10.139642
batch 11800/12592 loss=-15.952555
batch 11850/12592 loss=-17.166624
batch 11900/12592 loss=-20.537813
batch 11950/12592 loss=-13.412442
batch 12000/12592 loss=-8.499777
batch 12050/12592 loss=-18.715714
batch 12100/12592 loss=-9.278990
batch 12150/12592 loss=-17.655083
batch 12200/12592 loss=-13.405161
batch 12250/12592 loss=-16.465427
batch 12300/12592 loss=-9.819525
batch 12350/12592 loss=-15.053864
batch 12400/12592 loss=-14.577578
batch 12450/12592 loss=-17.431171
batch 12500/12592 loss=-23.056129
batch 12550/12592 loss=-16.478626
epoch=37 train_loss=-13.846215 val_loss=-13.683803 minADE=0.670080 minFDE=0.812557 best=-19.057267 patience=15/50
batch 0/12592 loss=-7.676563
batch 50/12592 loss=-14.086515
batch 100/12592 loss=-13.578082
batch 150/12592 loss=-21.156858
batch 200/12592 loss=-19.807604
batch 250/12592 loss=-11.250102
batch 300/12592 loss=-9.020657
batch 350/12592 loss=-18.182793
batch 400/12592 loss=-16.670069
batch 450/12592 loss=-18.957928
batch 500/12592 loss=-13.671827
batch 550/12592 loss=-8.479310
batch 600/12592 loss=-14.058851
batch 650/12592 loss=-12.431525
batch 700/12592 loss=-17.337475
batch 750/12592 loss=-15.868387
batch 800/12592 loss=2.963029
batch 850/12592 loss=-20.249928
batch 900/12592 loss=-13.059385
batch 950/12592 loss=-20.938522
batch 1000/12592 loss=-16.430012
batch 1050/12592 loss=-11.721312
batch 1100/12592 loss=-17.532715
batch 1150/12592 loss=-11.840945
batch 1200/12592 loss=-15.837394
batch 1250/12592 loss=-17.816574
batch 1300/12592 loss=-20.832220
batch 1350/12592 loss=-21.967461
batch 1400/12592 loss=-15.702909
batch 1450/12592 loss=-17.635418
batch 1500/12592 loss=-11.926841
batch 1550/12592 loss=-13.104017
batch 1600/12592 loss=-7.500657
batch 1650/12592 loss=-18.782768
batch 1700/12592 loss=-11.767237
batch 1750/12592 loss=-15.013407
batch 1800/12592 loss=-15.550508
batch 1850/12592 loss=-7.693977
batch 1900/12592 loss=-14.568954
batch 1950/12592 loss=-11.476744
batch 2000/12592 loss=-11.572739
batch 2050/12592 loss=-8.870910
batch 2100/12592 loss=-7.290066
batch 2150/12592 loss=0.152413
batch 2200/12592 loss=-16.413687
batch 2250/12592 loss=-10.686879
batch 2300/12592 loss=-16.888649
batch 2350/12592 loss=-20.036594
batch 2400/12592 loss=-9.718832
batch 2450/12592 loss=-15.553059
batch 2500/12592 loss=-16.574747
batch 2550/12592 loss=-17.216179
batch 2600/12592 loss=-17.445009
batch 2650/12592 loss=-11.187861
batch 2700/12592 loss=-6.274464
batch 2750/12592 loss=-17.235411
batch 2800/12592 loss=-14.504025
batch 2850/12592 loss=-16.204773
batch 2900/12592 loss=-11.493666
batch 2950/12592 loss=-9.339051
batch 3000/12592 loss=-14.661102
batch 3050/12592 loss=-10.608189
batch 3100/12592 loss=-13.531448
batch 3150/12592 loss=-11.278816
batch 3200/12592 loss=-14.901706
batch 3250/12592 loss=-21.342165
batch 3300/12592 loss=-3.013485
batch 3350/12592 loss=-11.064399
batch 3400/12592 loss=-8.859501
batch 3450/12592 loss=-9.126465
batch 3500/12592 loss=-7.004138
batch 3550/12592 loss=-19.668385
batch 3600/12592 loss=-19.345581
batch 3650/12592 loss=-17.848080
batch 3700/12592 loss=-17.238922
batch 3750/12592 loss=-14.593987
batch 3800/12592 loss=-18.713776
batch 3850/12592 loss=-17.369921
batch 3900/12592 loss=-16.818897
batch 3950/12592 loss=-13.972253
batch 4000/12592 loss=-18.950264
batch 4050/12592 loss=-15.862556
batch 4100/12592 loss=-4.835346
batch 4150/12592 loss=-13.177671
batch 4200/12592 loss=-22.115414
batch 4250/12592 loss=-16.423712
batch 4300/12592 loss=-17.336699
batch 4350/12592 loss=-14.397635
batch 4400/12592 loss=-16.002678
batch 4450/12592 loss=-21.185118
batch 4500/12592 loss=-24.031748
batch 4550/12592 loss=-9.901903
batch 4600/12592 loss=-13.274744
batch 4650/12592 loss=-9.987165
batch 4700/12592 loss=-5.684108
batch 4750/12592 loss=-18.968349
batch 4800/12592 loss=-9.220392
batch 4850/12592 loss=-18.979599
batch 4900/12592 loss=-15.239870
batch 4950/12592 loss=-12.034706
batch 5000/12592 loss=-11.678331
batch 5050/12592 loss=-12.515743
batch 5100/12592 loss=-14.099915
batch 5150/12592 loss=-25.390778
batch 5200/12592 loss=-3.090162
batch 5250/12592 loss=-15.794599
batch 5300/12592 loss=-14.201308
batch 5350/12592 loss=-15.498728
batch 5400/12592 loss=-11.168638
batch 5450/12592 loss=-17.598671
batch 5500/12592 loss=-14.061592
batch 5550/12592 loss=-25.994473
batch 5600/12592 loss=-19.729977
batch 5650/12592 loss=-4.822548
batch 5700/12592 loss=-10.706088
batch 5750/12592 loss=-11.488425
batch 5800/12592 loss=-20.892229
batch 5850/12592 loss=-15.838657
batch 5900/12592 loss=-10.963058
batch 5950/12592 loss=3.168539
batch 6000/12592 loss=-9.031619
batch 6050/12592 loss=-9.954676
batch 6100/12592 loss=-6.694255
batch 6150/12592 loss=-16.082386
batch 6200/12592 loss=-12.225994
batch 6250/12592 loss=-22.934299
batch 6300/12592 loss=-24.586069
batch 6350/12592 loss=-15.491053
batch 6400/12592 loss=-7.044195
batch 6450/12592 loss=-10.672422
batch 6500/12592 loss=-16.106033
batch 6550/12592 loss=-12.367828
batch 6600/12592 loss=-10.629541
batch 6650/12592 loss=-22.620420
batch 6700/12592 loss=-21.858986
batch 6750/12592 loss=-10.777776
batch 6800/12592 loss=-4.418653
batch 6850/12592 loss=-7.948054
batch 6900/12592 loss=-10.212255
batch 6950/12592 loss=-6.499562
batch 7000/12592 loss=-18.215309
batch 7050/12592 loss=-20.091299
batch 7100/12592 loss=-18.101570
batch 7150/12592 loss=-17.883245
batch 7200/12592 loss=-3.922751
batch 7250/12592 loss=-14.914951
batch 7300/12592 loss=-14.106932
batch 7350/12592 loss=-15.612500
batch 7400/12592 loss=-0.436936
batch 7450/12592 loss=-3.952745
batch 7500/12592 loss=-21.057714
batch 7550/12592 loss=-11.327407
batch 7600/12592 loss=-15.041330
batch 7650/12592 loss=-13.447041
batch 7700/12592 loss=-11.458679
batch 7750/12592 loss=-20.693405
batch 7800/12592 loss=-13.462736
batch 7850/12592 loss=-13.104451
batch 7900/12592 loss=-7.586582
batch 7950/12592 loss=-12.365365
batch 8000/12592 loss=-19.117241
batch 8050/12592 loss=-14.752901
batch 8100/12592 loss=-17.709076
batch 8150/12592 loss=-17.939739
batch 8200/12592 loss=-25.869438
batch 8250/12592 loss=-14.781007
batch 8300/12592 loss=-15.201867
batch 8350/12592 loss=-8.877934
batch 8400/12592 loss=-15.602299
batch 8450/12592 loss=-14.920710
batch 8500/12592 loss=-15.552480
batch 8550/12592 loss=-9.745590
batch 8600/12592 loss=-20.537086
batch 8650/12592 loss=-15.831130
batch 8700/12592 loss=-8.302763
batch 8750/12592 loss=-14.314049
batch 8800/12592 loss=-15.586279
batch 8850/12592 loss=-9.886030
batch 8900/12592 loss=-21.365456
batch 8950/12592 loss=-15.291171
batch 9000/12592 loss=-9.418618
batch 9050/12592 loss=-16.576763
batch 9100/12592 loss=-12.328380
batch 9150/12592 loss=-19.477446
batch 9200/12592 loss=-19.788897
batch 9250/12592 loss=-27.605961
batch 9300/12592 loss=-17.931816
batch 9350/12592 loss=-14.585516
batch 9400/12592 loss=-13.475132
batch 9450/12592 loss=-24.699099
batch 9500/12592 loss=-18.345726
batch 9550/12592 loss=-21.299789
batch 9600/12592 loss=-5.344765
batch 9650/12592 loss=-23.211441
batch 9700/12592 loss=-16.219944
batch 9750/12592 loss=-11.902176
batch 9800/12592 loss=-15.089372
batch 9850/12592 loss=-17.221563
batch 9900/12592 loss=-17.440485
batch 9950/12592 loss=-11.031703
batch 10000/12592 loss=-11.373331
batch 10050/12592 loss=-13.751568
batch 10100/12592 loss=-16.816689
batch 10150/12592 loss=-18.786831
batch 10200/12592 loss=-11.249340
batch 10250/12592 loss=-12.123940
batch 10300/12592 loss=-15.904491
batch 10350/12592 loss=0.289304
batch 10400/12592 loss=-18.713568
batch 10450/12592 loss=-8.248083
batch 10500/12592 loss=-16.619205
batch 10550/12592 loss=-8.158435
batch 10600/12592 loss=-23.907452
batch 10650/12592 loss=-13.943453
batch 10700/12592 loss=-16.329479
batch 10750/12592 loss=-14.232255
batch 10800/12592 loss=-10.859118
batch 10850/12592 loss=-17.696270
batch 10900/12592 loss=-16.207434
batch 10950/12592 loss=-1.997162
batch 11000/12592 loss=-16.267300
batch 11050/12592 loss=-10.671748
batch 11100/12592 loss=-15.104498
batch 11150/12592 loss=-6.419888
batch 11200/12592 loss=-7.781173
batch 11250/12592 loss=-11.005129
batch 11300/12592 loss=-16.442019
batch 11350/12592 loss=-16.936962
batch 11400/12592 loss=-17.826794
batch 11450/12592 loss=-19.584755
batch 11500/12592 loss=-13.553116
batch 11550/12592 loss=-13.800442
batch 11600/12592 loss=-23.873585
batch 11650/12592 loss=-11.426173
batch 11700/12592 loss=-13.791050
batch 11750/12592 loss=-12.723709
batch 11800/12592 loss=-11.441689
batch 11850/12592 loss=-11.144470
batch 11900/12592 loss=-10.366640
batch 11950/12592 loss=-14.313021
batch 12000/12592 loss=-18.349554
batch 12050/12592 loss=-20.292189
batch 12100/12592 loss=-20.654062
batch 12150/12592 loss=-13.639463
batch 12200/12592 loss=-16.613186
batch 12250/12592 loss=-18.598198
batch 12300/12592 loss=-16.841377
batch 12350/12592 loss=-7.380731
batch 12400/12592 loss=-19.506752
batch 12450/12592 loss=-21.816824
batch 12500/12592 loss=-12.237318
batch 12550/12592 loss=-12.768917
epoch=38 train_loss=-14.009263 val_loss=-5.707428 minADE=0.755496 minFDE=0.897052 best=-19.057267 patience=16/50
batch 0/12592 loss=-0.796770
batch 50/12592 loss=-17.170071
batch 100/12592 loss=-24.293056
batch 150/12592 loss=-16.221144
batch 200/12592 loss=-11.156699
batch 250/12592 loss=-21.254421
batch 300/12592 loss=-14.877229
batch 350/12592 loss=-9.241814
batch 400/12592 loss=-7.683866
batch 450/12592 loss=-6.397872
batch 500/12592 loss=-15.009309
batch 550/12592 loss=-16.537424
batch 600/12592 loss=-15.065322
batch 650/12592 loss=-21.741255
batch 700/12592 loss=-9.104416
batch 750/12592 loss=-15.283627
batch 800/12592 loss=-13.990829
batch 850/12592 loss=-10.850407
batch 900/12592 loss=-19.429630
batch 950/12592 loss=-16.296019
batch 1000/12592 loss=-7.143869
batch 1050/12592 loss=-19.967321
batch 1100/12592 loss=-23.109703
batch 1150/12592 loss=-10.756681
batch 1200/12592 loss=-16.538433
batch 1250/12592 loss=-16.273556
batch 1300/12592 loss=-20.530518
batch 1350/12592 loss=-14.545234
batch 1400/12592 loss=-16.219566
batch 1450/12592 loss=-4.663085
batch 1500/12592 loss=-5.423697
batch 1550/12592 loss=-15.102471
batch 1600/12592 loss=-20.675423
batch 1650/12592 loss=-11.508352
batch 1700/12592 loss=-11.750528
batch 1750/12592 loss=-12.476613
batch 1800/12592 loss=-23.473431
batch 1850/12592 loss=-16.001097
batch 1900/12592 loss=-7.578835
batch 1950/12592 loss=-15.442945
batch 2000/12592 loss=-10.198435
batch 2050/12592 loss=-17.140356
batch 2100/12592 loss=-19.184040
batch 2150/12592 loss=-7.560234
batch 2200/12592 loss=-7.789299
batch 2250/12592 loss=-18.455185
batch 2300/12592 loss=-20.664818
batch 2350/12592 loss=-19.361191
batch 2400/12592 loss=-20.819641
batch 2450/12592 loss=-15.780491
batch 2500/12592 loss=-16.242889
batch 2550/12592 loss=-16.845045
batch 2600/12592 loss=-13.589108
batch 2650/12592 loss=-14.324622
batch 2700/12592 loss=-3.488493
batch 2750/12592 loss=-11.919511
batch 2800/12592 loss=-16.903254
batch 2850/12592 loss=-14.220222
batch 2900/12592 loss=-15.479149
batch 2950/12592 loss=-14.343807
batch 3000/12592 loss=-12.400117
batch 3050/12592 loss=-8.426618
batch 3100/12592 loss=-9.617719
batch 3150/12592 loss=-14.097453
batch 3200/12592 loss=-16.464521
batch 3250/12592 loss=-14.420969
batch 3300/12592 loss=-18.163277
batch 3350/12592 loss=-17.698181
batch 3400/12592 loss=-11.446205
batch 3450/12592 loss=-11.776194
batch 3500/12592 loss=-0.195677
batch 3550/12592 loss=-22.633202
batch 3600/12592 loss=-16.891651
batch 3650/12592 loss=-13.382535
batch 3700/12592 loss=-22.518806
batch 3750/12592 loss=-21.665100
batch 3800/12592 loss=-13.393723
batch 3850/12592 loss=-14.769091
batch 3900/12592 loss=-3.695124
batch 3950/12592 loss=-15.407942
batch 4000/12592 loss=-15.869198
batch 4050/12592 loss=-6.776136
batch 4100/12592 loss=-15.010248
batch 4150/12592 loss=-21.164583
batch 4200/12592 loss=-18.269709
batch 4250/12592 loss=-2.146307
batch 4300/12592 loss=-6.388010
batch 4350/12592 loss=-12.868440
batch 4400/12592 loss=-17.551874
batch 4450/12592 loss=0.166554
batch 4500/12592 loss=-12.710226
batch 4550/12592 loss=-19.471689
batch 4600/12592 loss=-11.031889
batch 4650/12592 loss=-4.725129
batch 4700/12592 loss=-8.103551
batch 4750/12592 loss=-18.107998
batch 4800/12592 loss=-16.880995
batch 4850/12592 loss=-16.808830
batch 4900/12592 loss=-8.722416
batch 4950/12592 loss=-15.481464
batch 5000/12592 loss=-9.744861
batch 5050/12592 loss=-13.627398
batch 5100/12592 loss=-22.811661
batch 5150/12592 loss=-8.622786
batch 5200/12592 loss=-9.748376
batch 5250/12592 loss=-14.037233
batch 5300/12592 loss=-18.617832
batch 5350/12592 loss=-12.544883
batch 5400/12592 loss=-6.701293
batch 5450/12592 loss=-15.661987
batch 5500/12592 loss=-18.518763
batch 5550/12592 loss=-11.483667
batch 5600/12592 loss=-19.155376
batch 5650/12592 loss=-8.147782
batch 5700/12592 loss=-7.824596
batch 5750/12592 loss=-16.354254
batch 5800/12592 loss=-19.662882
batch 5850/12592 loss=-6.617535
batch 5900/12592 loss=-19.390049
batch 5950/12592 loss=-20.929264
batch 6000/12592 loss=-16.150885
batch 6050/12592 loss=-14.533598
batch 6100/12592 loss=-7.696092
batch 6150/12592 loss=-10.159586
batch 6200/12592 loss=-16.739676
batch 6250/12592 loss=-13.709572
batch 6300/12592 loss=-11.767038
batch 6350/12592 loss=-21.890507
batch 6400/12592 loss=-13.980986
batch 6450/12592 loss=-12.260057
batch 6500/12592 loss=-19.582558
batch 6550/12592 loss=-20.334335
batch 6600/12592 loss=-6.587564
batch 6650/12592 loss=-8.147309
batch 6700/12592 loss=-7.448314
batch 6750/12592 loss=-14.101437
batch 6800/12592 loss=-21.614655
batch 6850/12592 loss=-13.651407
batch 6900/12592 loss=-15.397216
batch 6950/12592 loss=-5.123626
batch 7000/12592 loss=-26.305557
batch 7050/12592 loss=-13.008949
batch 7100/12592 loss=-14.539477
batch 7150/12592 loss=-16.239075
batch 7200/12592 loss=-12.371884
batch 7250/12592 loss=-10.159649
batch 7300/12592 loss=-16.195824
batch 7350/12592 loss=-10.041358
batch 7400/12592 loss=-18.646942
batch 7450/12592 loss=-11.771427
batch 7500/12592 loss=-11.526741
batch 7550/12592 loss=-16.989090
batch 7600/12592 loss=-15.650456
batch 7650/12592 loss=-11.235719
batch 7700/12592 loss=-22.364944
batch 7750/12592 loss=-17.237026
batch 7800/12592 loss=-15.059038
batch 7850/12592 loss=-14.016996
batch 7900/12592 loss=-13.055546
batch 7950/12592 loss=-13.231932
batch 8000/12592 loss=-12.171549
batch 8050/12592 loss=-19.874807
batch 8100/12592 loss=-7.867082
batch 8150/12592 loss=-1.759682
batch 8200/12592 loss=-12.557734
batch 8250/12592 loss=-9.512520
batch 8300/12592 loss=-7.069606
batch 8350/12592 loss=-11.694851
batch 8400/12592 loss=-15.526544
batch 8450/12592 loss=-12.810402
batch 8500/12592 loss=-17.829174
batch 8550/12592 loss=-12.940278
batch 8600/12592 loss=-17.295757
batch 8650/12592 loss=-10.639896
batch 8700/12592 loss=-11.680709
batch 8750/12592 loss=-4.458191
batch 8800/12592 loss=-11.571308
batch 8850/12592 loss=-17.747906
batch 8900/12592 loss=-9.260696
batch 8950/12592 loss=-13.772373
batch 9000/12592 loss=-8.752922
batch 9050/12592 loss=-12.155275
batch 9100/12592 loss=-9.908918
batch 9150/12592 loss=-20.075754
batch 9200/12592 loss=-25.261728
batch 9250/12592 loss=-19.126213
batch 9300/12592 loss=-22.441889
batch 9350/12592 loss=-3.817172
batch 9400/12592 loss=-15.927924
batch 9450/12592 loss=-20.081524
batch 9500/12592 loss=-19.112427
batch 9550/12592 loss=-13.038860
batch 9600/12592 loss=-15.535974
batch 9650/12592 loss=-14.666858
batch 9700/12592 loss=-11.558273
batch 9750/12592 loss=-13.140451
batch 9800/12592 loss=-8.862243
batch 9850/12592 loss=-14.594227
batch 9900/12592 loss=-1.612126
batch 9950/12592 loss=-5.581984
batch 10000/12592 loss=-13.149172
batch 10050/12592 loss=-11.044685
batch 10100/12592 loss=-14.141305
batch 10150/12592 loss=-17.066628
batch 10200/12592 loss=-16.329899
batch 10250/12592 loss=-13.617476
batch 10300/12592 loss=-20.978458
batch 10350/12592 loss=-20.816389
batch 10400/12592 loss=-16.440331
batch 10450/12592 loss=-12.781506
batch 10500/12592 loss=-13.879124
batch 10550/12592 loss=-16.673847
batch 10600/12592 loss=-13.994868
batch 10650/12592 loss=-10.962959
batch 10700/12592 loss=-2.892758
batch 10750/12592 loss=-9.061707
batch 10800/12592 loss=-14.702649
batch 10850/12592 loss=-15.495528
batch 10900/12592 loss=-22.473904
batch 10950/12592 loss=-17.498823
batch 11000/12592 loss=-24.749935
batch 11050/12592 loss=-14.421425
batch 11100/12592 loss=-14.057810
batch 11150/12592 loss=-13.996529
batch 11200/12592 loss=-23.327614
batch 11250/12592 loss=-18.415611
batch 11300/12592 loss=-6.560528
batch 11350/12592 loss=-16.366222
batch 11400/12592 loss=-15.925270
batch 11450/12592 loss=-15.486824
batch 11500/12592 loss=-8.150052
batch 11550/12592 loss=-11.473312
batch 11600/12592 loss=-18.969913
batch 11650/12592 loss=-10.562197
batch 11700/12592 loss=-12.345793
batch 11750/12592 loss=-14.401960
batch 11800/12592 loss=-22.271313
batch 11850/12592 loss=-14.347986
batch 11900/12592 loss=-14.802100
batch 11950/12592 loss=-0.884592
batch 12000/12592 loss=-11.660885
batch 12050/12592 loss=-18.152821
batch 12100/12592 loss=-18.255077
batch 12150/12592 loss=-21.583443
batch 12200/12592 loss=-18.603746
batch 12250/12592 loss=-16.317377
batch 12300/12592 loss=-18.397537
batch 12350/12592 loss=-12.784190
batch 12400/12592 loss=-8.922400
batch 12450/12592 loss=-10.064367
batch 12500/12592 loss=-7.175890
batch 12550/12592 loss=-15.489658
epoch=39 train_loss=-13.770123 val_loss=2.146247 minADE=0.750005 minFDE=0.880269 best=-19.057267 patience=17/50
batch 0/12592 loss=-1.015089
batch 50/12592 loss=-15.190538
batch 100/12592 loss=-8.831410
batch 150/12592 loss=-22.168411
batch 200/12592 loss=-14.176397
batch 250/12592 loss=-15.809331
batch 300/12592 loss=2.249308
batch 350/12592 loss=-13.639025
batch 400/12592 loss=-12.775566
batch 450/12592 loss=-17.281307
batch 500/12592 loss=-18.412493
batch 550/12592 loss=-20.954376
batch 600/12592 loss=-4.313116
batch 650/12592 loss=-13.152100
batch 700/12592 loss=-10.650631
batch 750/12592 loss=-14.875921
batch 800/12592 loss=-17.591496
batch 850/12592 loss=-7.265452
batch 900/12592 loss=-8.115807
batch 950/12592 loss=-16.963303
batch 1000/12592 loss=-12.039771
batch 1050/12592 loss=-11.791662
batch 1100/12592 loss=-10.934462
batch 1150/12592 loss=-11.734173
batch 1200/12592 loss=-16.007456
batch 1250/12592 loss=-6.511566
batch 1300/12592 loss=-12.187003
batch 1350/12592 loss=-13.142262
batch 1400/12592 loss=-22.124016
batch 1450/12592 loss=-16.725798
batch 1500/12592 loss=-5.728104
batch 1550/12592 loss=-19.056194
batch 1600/12592 loss=-7.095502
batch 1650/12592 loss=-16.599916
batch 1700/12592 loss=-16.317616
batch 1750/12592 loss=-18.293247
batch 1800/12592 loss=-14.667843
batch 1850/12592 loss=-6.607499
batch 1900/12592 loss=-9.115250
batch 1950/12592 loss=-24.732090
batch 2000/12592 loss=-18.671709
batch 2050/12592 loss=-11.019754
batch 2100/12592 loss=-10.088719
batch 2150/12592 loss=-12.069897
batch 2200/12592 loss=1.556559
batch 2250/12592 loss=-15.164759
batch 2300/12592 loss=-18.286602
batch 2350/12592 loss=-11.058239
batch 2400/12592 loss=-14.370277
batch 2450/12592 loss=-11.252060
batch 2500/12592 loss=-15.377356
batch 2550/12592 loss=-14.773781
batch 2600/12592 loss=-13.403924
batch 2650/12592 loss=-19.946346
batch 2700/12592 loss=-8.867638
batch 2750/12592 loss=-14.001749
batch 2800/12592 loss=-17.367170
batch 2850/12592 loss=-15.471198
batch 2900/12592 loss=-21.729107
batch 2950/12592 loss=-17.436218
batch 3000/12592 loss=-11.439972
batch 3050/12592 loss=-18.796432
batch 3100/12592 loss=-15.321917
batch 3150/12592 loss=-16.547066
batch 3200/12592 loss=-15.369980
batch 3250/12592 loss=-15.413397
batch 3300/12592 loss=-12.987009
batch 3350/12592 loss=-17.036179
batch 3400/12592 loss=-18.584635
batch 3450/12592 loss=-11.274645
batch 3500/12592 loss=-22.267639
batch 3550/12592 loss=-10.872540
batch 3600/12592 loss=-10.848312
batch 3650/12592 loss=-20.006229
batch 3700/12592 loss=-11.983736
batch 3750/12592 loss=-16.059162
batch 3800/12592 loss=-13.694347
batch 3850/12592 loss=-13.886107
batch 3900/12592 loss=-18.127453
batch 3950/12592 loss=-20.143974
batch 4000/12592 loss=-23.693647
batch 4050/12592 loss=-11.352019
batch 4100/12592 loss=-9.196090
batch 4150/12592 loss=-17.336315
batch 4200/12592 loss=-10.217484
batch 4250/12592 loss=-17.169895
batch 4300/12592 loss=-10.568401
batch 4350/12592 loss=-13.455234
batch 4400/12592 loss=-18.303791
batch 4450/12592 loss=-8.224696
batch 4500/12592 loss=-12.982529
batch 4550/12592 loss=-22.693134
batch 4600/12592 loss=-11.563324
batch 4650/12592 loss=-16.990337
batch 4700/12592 loss=-25.416721
batch 4750/12592 loss=-21.435953
batch 4800/12592 loss=-13.012682
batch 4850/12592 loss=-13.716951
batch 4900/12592 loss=-12.714235
batch 4950/12592 loss=-11.799623
batch 5000/12592 loss=-18.798521
batch 5050/12592 loss=-11.352583
batch 5100/12592 loss=-21.195951
batch 5150/12592 loss=-22.157879
batch 5200/12592 loss=-13.573505
batch 5250/12592 loss=-12.177073
batch 5300/12592 loss=-27.474640
batch 5350/12592 loss=-16.322105
batch 5400/12592 loss=-3.886045
batch 5450/12592 loss=-15.031331
batch 5500/12592 loss=-27.066483
batch 5550/12592 loss=-12.707108
batch 5600/12592 loss=-10.336561
batch 5650/12592 loss=-19.044464
batch 5700/12592 loss=-14.486748
batch 5750/12592 loss=-21.826035
batch 5800/12592 loss=-3.361657
batch 5850/12592 loss=-11.479845
batch 5900/12592 loss=-11.668189
batch 5950/12592 loss=-20.864464
batch 6000/12592 loss=-11.023355
batch 6050/12592 loss=-12.225400
batch 6100/12592 loss=-16.424931
batch 6150/12592 loss=-17.511387
batch 6200/12592 loss=-7.359615
batch 6250/12592 loss=-18.787516
batch 6300/12592 loss=-16.145542
batch 6350/12592 loss=-10.505447
batch 6400/12592 loss=-21.010912
batch 6450/12592 loss=-11.347523
batch 6500/12592 loss=-17.551878
batch 6550/12592 loss=-7.977816
batch 6600/12592 loss=6.208591
batch 6650/12592 loss=-10.170481
batch 6700/12592 loss=12.887150
batch 6750/12592 loss=-15.096610
batch 6800/12592 loss=-8.517659
batch 6850/12592 loss=-17.517906
batch 6900/12592 loss=-7.670753
batch 6950/12592 loss=-14.020941
batch 7000/12592 loss=-15.249372
batch 7050/12592 loss=-14.841669
batch 7100/12592 loss=-20.157471
batch 7150/12592 loss=-6.501925
batch 7200/12592 loss=-14.100744
batch 7250/12592 loss=-9.378484
batch 7300/12592 loss=-10.799688
batch 7350/12592 loss=-24.235561
batch 7400/12592 loss=-16.684669
batch 7450/12592 loss=-22.134340
batch 7500/12592 loss=-14.739292
batch 7550/12592 loss=-11.657572
batch 7600/12592 loss=-22.475204
batch 7650/12592 loss=-16.764744
batch 7700/12592 loss=-12.476570
batch 7750/12592 loss=-20.230556
batch 7800/12592 loss=-4.329319
batch 7850/12592 loss=-6.393543
batch 7900/12592 loss=-14.129210
batch 7950/12592 loss=-13.752395
batch 8000/12592 loss=-9.754651
batch 8050/12592 loss=-10.794057
batch 8100/12592 loss=-10.021149
batch 8150/12592 loss=-11.175218
batch 8200/12592 loss=-17.058916
batch 8250/12592 loss=-15.943521
batch 8300/12592 loss=-16.105099
batch 8350/12592 loss=-20.804234
batch 8400/12592 loss=-9.954790
batch 8450/12592 loss=-14.605911
batch 8500/12592 loss=-13.120522
batch 8550/12592 loss=-13.634550
batch 8600/12592 loss=-17.466480
batch 8650/12592 loss=-19.927971
batch 8700/12592 loss=-10.073469
batch 8750/12592 loss=-17.501991
batch 8800/12592 loss=-21.433285
batch 8850/12592 loss=-21.789227
batch 8900/12592 loss=-16.388687
batch 8950/12592 loss=-12.693455
batch 9000/12592 loss=-11.427251
batch 9050/12592 loss=-11.182358
batch 9100/12592 loss=-9.946368
batch 9150/12592 loss=-9.712323
batch 9200/12592 loss=-12.146217
batch 9250/12592 loss=-13.929804
batch 9300/12592 loss=-13.098796
batch 9350/12592 loss=-13.154716
batch 9400/12592 loss=-7.607970
batch 9450/12592 loss=-12.503528
batch 9500/12592 loss=-10.171492
batch 9550/12592 loss=-12.065708
batch 9600/12592 loss=-5.978849
batch 9650/12592 loss=-1.305096
batch 9700/12592 loss=-15.885760
batch 9750/12592 loss=-22.679464
batch 9800/12592 loss=-16.369448
batch 9850/12592 loss=-15.365140
batch 9900/12592 loss=-17.905109
batch 9950/12592 loss=-22.650333
batch 10000/12592 loss=-11.533557
batch 10050/12592 loss=-16.262699
batch 10100/12592 loss=-20.331488
batch 10150/12592 loss=-16.140295
batch 10200/12592 loss=-11.160501
batch 10250/12592 loss=-6.958079
batch 10300/12592 loss=-14.100970
batch 10350/12592 loss=-14.647130
batch 10400/12592 loss=-13.412978
batch 10450/12592 loss=-3.691197
batch 10500/12592 loss=-21.719490
batch 10550/12592 loss=-13.037085
batch 10600/12592 loss=-12.597604
batch 10650/12592 loss=-7.174222
batch 10700/12592 loss=-19.220465
batch 10750/12592 loss=-13.651402
batch 10800/12592 loss=-7.367088
batch 10850/12592 loss=-9.839700
batch 10900/12592 loss=-23.601509
batch 10950/12592 loss=-25.059093
batch 11000/12592 loss=-17.152910
batch 11050/12592 loss=-19.874439
batch 11100/12592 loss=-17.227221
batch 11150/12592 loss=-22.186260
batch 11200/12592 loss=-13.711205
batch 11250/12592 loss=-20.494644
batch 11300/12592 loss=-15.058163
batch 11350/12592 loss=-11.333632
batch 11400/12592 loss=-24.101357
batch 11450/12592 loss=-4.472713
batch 11500/12592 loss=-26.675022
batch 11550/12592 loss=-20.985523
batch 11600/12592 loss=-18.963039
batch 11650/12592 loss=-15.580788
batch 11700/12592 loss=-20.449646
batch 11750/12592 loss=-16.478317
batch 11800/12592 loss=-21.273905
batch 11850/12592 loss=-21.325493
batch 11900/12592 loss=-23.130072
batch 11950/12592 loss=-8.634206
batch 12000/12592 loss=-11.155415
batch 12050/12592 loss=-20.743164
batch 12100/12592 loss=-14.106663
batch 12150/12592 loss=-7.974917
batch 12200/12592 loss=-15.059937
batch 12250/12592 loss=-8.217524
batch 12300/12592 loss=-16.062918
batch 12350/12592 loss=-23.578045
batch 12400/12592 loss=-15.571993
batch 12450/12592 loss=-21.778564
batch 12500/12592 loss=-15.376461
batch 12550/12592 loss=-15.050823
epoch=40 train_loss=-13.396257 val_loss=-12.564654 minADE=0.721480 minFDE=0.866246 best=-19.057267 patience=18/50
batch 0/12592 loss=-15.213972
batch 50/12592 loss=-8.565110
batch 100/12592 loss=-15.820134
batch 150/12592 loss=-17.286287
batch 200/12592 loss=-16.469143
batch 250/12592 loss=-17.811106
batch 300/12592 loss=-9.313917
batch 350/12592 loss=-20.898933
batch 400/12592 loss=-25.199968
batch 450/12592 loss=-13.603391
batch 500/12592 loss=-18.315903
batch 550/12592 loss=-20.764008
batch 600/12592 loss=-8.875195
batch 650/12592 loss=-18.471931
batch 700/12592 loss=-13.747709
batch 750/12592 loss=-26.852253
batch 800/12592 loss=-17.361115
batch 850/12592 loss=-15.508055
batch 900/12592 loss=-12.098579
batch 950/12592 loss=-16.924429
batch 1000/12592 loss=-10.988474
batch 1050/12592 loss=-18.522911
batch 1100/12592 loss=-10.299420
batch 1150/12592 loss=-7.801019
batch 1200/12592 loss=-13.559855
batch 1250/12592 loss=-13.008959
batch 1300/12592 loss=-12.310358
batch 1350/12592 loss=-3.898505
batch 1400/12592 loss=-7.599339
batch 1450/12592 loss=-13.273259
batch 1500/12592 loss=-13.444931
batch 1550/12592 loss=-22.627501
batch 1600/12592 loss=-21.500458
batch 1650/12592 loss=-19.741234
batch 1700/12592 loss=-14.842341
batch 1750/12592 loss=-11.757006
batch 1800/12592 loss=-5.925053
batch 1850/12592 loss=8.843649
batch 1900/12592 loss=-10.309492
batch 1950/12592 loss=-10.518103
batch 2000/12592 loss=-23.540123
batch 2050/12592 loss=-14.935909
batch 2100/12592 loss=-16.315201
batch 2150/12592 loss=-17.519527
batch 2200/12592 loss=-12.440182
batch 2250/12592 loss=-10.974167
batch 2300/12592 loss=-10.141422
batch 2350/12592 loss=-9.563772
batch 2400/12592 loss=-13.779903
batch 2450/12592 loss=-10.655679
batch 2500/12592 loss=-10.553057
batch 2550/12592 loss=-15.751190
batch 2600/12592 loss=-15.872292
batch 2650/12592 loss=-16.015682
batch 2700/12592 loss=-10.688548
batch 2750/12592 loss=-1.521918
batch 2800/12592 loss=-16.359966
batch 2850/12592 loss=-13.898756
batch 2900/12592 loss=-10.745743
batch 2950/12592 loss=-10.520454
batch 3000/12592 loss=-10.219467
batch 3050/12592 loss=-9.321589
batch 3100/12592 loss=-13.035332
batch 3150/12592 loss=-21.987160
batch 3200/12592 loss=-20.610855
batch 3250/12592 loss=-20.061041
batch 3300/12592 loss=-21.471947
batch 3350/12592 loss=-17.348053
batch 3400/12592 loss=-4.066362
batch 3450/12592 loss=-16.634993
batch 3500/12592 loss=-17.465847
batch 3550/12592 loss=-10.728500
batch 3600/12592 loss=-18.970793
batch 3650/12592 loss=-13.838457
batch 3700/12592 loss=-6.209206
batch 3750/12592 loss=-10.849560
batch 3800/12592 loss=-16.422663
batch 3850/12592 loss=-13.042747
batch 3900/12592 loss=-22.994053
batch 3950/12592 loss=-12.342318
batch 4000/12592 loss=-8.326141
batch 4050/12592 loss=-16.220209
batch 4100/12592 loss=-11.850154
batch 4150/12592 loss=-7.643713
batch 4200/12592 loss=-17.512861
batch 4250/12592 loss=-10.473413
batch 4300/12592 loss=-14.329372
batch 4350/12592 loss=-12.826229
batch 4400/12592 loss=-16.140804
batch 4450/12592 loss=-15.751384
batch 4500/12592 loss=-10.131978
batch 4550/12592 loss=-14.294518
batch 4600/12592 loss=-18.781132
batch 4650/12592 loss=-3.785369
batch 4700/12592 loss=-12.073544
batch 4750/12592 loss=-11.871397
batch 4800/12592 loss=-14.436587
batch 4850/12592 loss=-16.759354
batch 4900/12592 loss=-23.805767
batch 4950/12592 loss=-11.902205
batch 5000/12592 loss=-13.394744
batch 5050/12592 loss=-14.485022
batch 5100/12592 loss=-15.794413
batch 5150/12592 loss=-11.862406
batch 5200/12592 loss=-19.607723
batch 5250/12592 loss=-14.412658
batch 5300/12592 loss=-8.202698
batch 5350/12592 loss=-11.095604
batch 5400/12592 loss=-17.404474
batch 5450/12592 loss=-19.217197
batch 5500/12592 loss=-13.324797
batch 5550/12592 loss=-18.896463
batch 5600/12592 loss=-19.691868
batch 5650/12592 loss=-10.881672
batch 5700/12592 loss=-6.435639
batch 5750/12592 loss=-21.545572
batch 5800/12592 loss=-25.156878
batch 5850/12592 loss=-10.177904
batch 5900/12592 loss=-8.841456
batch 5950/12592 loss=-16.381332
batch 6000/12592 loss=-6.193200
batch 6050/12592 loss=-18.259329
batch 6100/12592 loss=-10.736187
batch 6150/12592 loss=-12.635818
batch 6200/12592 loss=-13.489343
batch 6250/12592 loss=-23.284611
batch 6300/12592 loss=-17.187382
batch 6350/12592 loss=-20.700954
batch 6400/12592 loss=-8.051126
batch 6450/12592 loss=-23.905548
batch 6500/12592 loss=-14.955756
batch 6550/12592 loss=-10.244308
batch 6600/12592 loss=-7.445674
batch 6650/12592 loss=-17.326004
batch 6700/12592 loss=-20.802923
batch 6750/12592 loss=-12.478981
batch 6800/12592 loss=-9.841753
batch 6850/12592 loss=-6.222074
batch 6900/12592 loss=-25.472008
batch 6950/12592 loss=-17.830915
batch 7000/12592 loss=-5.231717
batch 7050/12592 loss=-18.283527
batch 7100/12592 loss=-13.934791
batch 7150/12592 loss=-11.637745
batch 7200/12592 loss=-10.949713
batch 7250/12592 loss=-6.443702
batch 7300/12592 loss=-13.790930
batch 7350/12592 loss=-12.593493
batch 7400/12592 loss=-20.905157
batch 7450/12592 loss=-24.650112
batch 7500/12592 loss=-15.514019
batch 7550/12592 loss=-9.623703
batch 7600/12592 loss=-16.751827
batch 7650/12592 loss=-11.094173
batch 7700/12592 loss=-13.525345
batch 7750/12592 loss=-16.796150
batch 7800/12592 loss=-11.581594
batch 7850/12592 loss=-18.272938
batch 7900/12592 loss=-25.265850
batch 7950/12592 loss=-14.573006
batch 8000/12592 loss=-28.214172
batch 8050/12592 loss=-14.545216
batch 8100/12592 loss=-17.094868
batch 8150/12592 loss=-13.663588
batch 8200/12592 loss=-14.107068
batch 8250/12592 loss=-15.061316
batch 8300/12592 loss=-11.131560
batch 8350/12592 loss=3.534514
batch 8400/12592 loss=-12.544827
batch 8450/12592 loss=-15.230621
batch 8500/12592 loss=-8.248466
batch 8550/12592 loss=-18.766497
batch 8600/12592 loss=-18.735020
batch 8650/12592 loss=-0.111551
batch 8700/12592 loss=-8.842320
batch 8750/12592 loss=-11.927635
batch 8800/12592 loss=-23.785833
batch 8850/12592 loss=-13.406406
batch 8900/12592 loss=-11.284389
batch 8950/12592 loss=-6.559862
batch 9000/12592 loss=-20.551941
batch 9050/12592 loss=-7.789520
batch 9100/12592 loss=-14.933649
batch 9150/12592 loss=-12.936960
batch 9200/12592 loss=-19.702599
batch 9250/12592 loss=-6.262777
batch 9300/12592 loss=-16.871878
batch 9350/12592 loss=-22.211697
batch 9400/12592 loss=-19.742725
batch 9450/12592 loss=-11.882222
batch 9500/12592 loss=-19.505234
batch 9550/12592 loss=-27.609781
batch 9600/12592 loss=-16.128441
batch 9650/12592 loss=-13.423541
batch 9700/12592 loss=-11.452755
batch 9750/12592 loss=-17.434139
batch 9800/12592 loss=-12.436204
batch 9850/12592 loss=-14.529007
batch 9900/12592 loss=-14.872471
batch 9950/12592 loss=-18.606955
batch 10000/12592 loss=-14.353260
batch 10050/12592 loss=-6.948083
batch 10100/12592 loss=-6.891332
batch 10150/12592 loss=-7.985470
batch 10200/12592 loss=-20.234020
batch 10250/12592 loss=-6.830955
batch 10300/12592 loss=-7.627727
batch 10350/12592 loss=-14.658210
batch 10400/12592 loss=-10.140069
batch 10450/12592 loss=-15.270005
batch 10500/12592 loss=-8.367509
batch 10550/12592 loss=-10.250346
batch 10600/12592 loss=-12.815548
batch 10650/12592 loss=-9.746075
batch 10700/12592 loss=-15.990882
batch 10750/12592 loss=-23.117561
batch 10800/12592 loss=-7.916521
batch 10850/12592 loss=-15.707618
batch 10900/12592 loss=-14.631678
batch 10950/12592 loss=-25.833418
batch 11000/12592 loss=-1.570313
batch 11050/12592 loss=-11.676892
batch 11100/12592 loss=-17.621017
batch 11150/12592 loss=-9.650743
batch 11200/12592 loss=-9.541620
batch 11250/12592 loss=-7.601574
batch 11300/12592 loss=-21.391392
batch 11350/12592 loss=-13.270515
batch 11400/12592 loss=-22.870068
batch 11450/12592 loss=-22.580666
batch 11500/12592 loss=-1.793989
batch 11550/12592 loss=-22.765106
batch 11600/12592 loss=-7.058159
batch 11650/12592 loss=-19.324993
batch 11700/12592 loss=-16.852833
batch 11750/12592 loss=-12.799310
batch 11800/12592 loss=-14.115604
batch 11850/12592 loss=-10.985750
batch 11900/12592 loss=-5.561671
batch 11950/12592 loss=-9.137395
batch 12000/12592 loss=-10.515337
batch 12050/12592 loss=-18.753506
batch 12100/12592 loss=-21.251732
batch 12150/12592 loss=-12.743373
batch 12200/12592 loss=-10.438176
batch 12250/12592 loss=-14.943781
batch 12300/12592 loss=-11.218380
batch 12350/12592 loss=-6.803399
batch 12400/12592 loss=-12.771030
batch 12450/12592 loss=-12.218622
batch 12500/12592 loss=-18.429499
batch 12550/12592 loss=-14.357634
epoch=41 train_loss=-13.414899 val_loss=-8.960060 minADE=0.733708 minFDE=0.876702 best=-19.057267 patience=19/50
batch 0/12592 loss=-11.010869
batch 50/12592 loss=-19.148376
batch 100/12592 loss=-13.858286
batch 150/12592 loss=-19.077061
batch 200/12592 loss=-21.133060
batch 250/12592 loss=-10.111258
batch 300/12592 loss=-16.526871
batch 350/12592 loss=-8.657799
batch 400/12592 loss=-14.031330
batch 450/12592 loss=-17.623074
batch 500/12592 loss=-9.436526
batch 550/12592 loss=-14.702426
batch 600/12592 loss=-11.989898
batch 650/12592 loss=-8.074530
batch 700/12592 loss=-13.069353
batch 750/12592 loss=-9.800268
batch 800/12592 loss=-17.191782
batch 850/12592 loss=-10.770302
batch 900/12592 loss=-17.914745
batch 950/12592 loss=-13.337200
batch 1000/12592 loss=-16.638443
batch 1050/12592 loss=-9.440820
batch 1100/12592 loss=-11.857553
batch 1150/12592 loss=-6.318399
batch 1200/12592 loss=-19.458784
batch 1250/12592 loss=-18.037586
batch 1300/12592 loss=-3.827755
batch 1350/12592 loss=-3.914993
batch 1400/12592 loss=-14.742548
batch 1450/12592 loss=-14.065865
batch 1500/12592 loss=-3.852703
batch 1550/12592 loss=-21.789698
batch 1600/12592 loss=-11.177368
batch 1650/12592 loss=-17.469482
batch 1700/12592 loss=-13.490896
batch 1750/12592 loss=-7.135264
batch 1800/12592 loss=-11.087575
batch 1850/12592 loss=-16.481956
batch 1900/12592 loss=-17.579865
batch 1950/12592 loss=-12.859189
batch 2000/12592 loss=-20.958586
batch 2050/12592 loss=-11.978312
batch 2100/12592 loss=-10.457920
batch 2150/12592 loss=-6.247495
batch 2200/12592 loss=-31.326910
batch 2250/12592 loss=-12.763710
batch 2300/12592 loss=-18.514095
batch 2350/12592 loss=-11.063334
batch 2400/12592 loss=-21.738281
batch 2450/12592 loss=-13.300272
batch 2500/12592 loss=-8.970561
batch 2550/12592 loss=-12.966960
batch 2600/12592 loss=-15.776213
batch 2650/12592 loss=-10.782132
batch 2700/12592 loss=-8.846855
batch 2750/12592 loss=-19.503532
batch 2800/12592 loss=-17.770195
batch 2850/12592 loss=-16.257097
batch 2900/12592 loss=-13.027923
batch 2950/12592 loss=-20.942482
batch 3000/12592 loss=-18.128157
batch 3050/12592 loss=-11.164654
batch 3100/12592 loss=-10.622223
batch 3150/12592 loss=-15.055716
batch 3200/12592 loss=-9.509184
batch 3250/12592 loss=-14.772608
batch 3300/12592 loss=-15.946258
batch 3350/12592 loss=-13.018307
batch 3400/12592 loss=-7.721843
batch 3450/12592 loss=-14.202384
batch 3500/12592 loss=-15.051968
batch 3550/12592 loss=-0.746396
batch 3600/12592 loss=-13.734921
batch 3650/12592 loss=-11.138926
batch 3700/12592 loss=-17.551571
batch 3750/12592 loss=-12.369552
batch 3800/12592 loss=-17.122616
batch 3850/12592 loss=-20.183117
batch 3900/12592 loss=-12.507463
batch 3950/12592 loss=-23.701763
batch 4000/12592 loss=-20.340654
batch 4050/12592 loss=-9.531777
batch 4100/12592 loss=-14.864695
batch 4150/12592 loss=-16.855408
batch 4200/12592 loss=-9.358051
batch 4250/12592 loss=-19.470253
batch 4300/12592 loss=-8.095274
batch 4350/12592 loss=-17.384384
batch 4400/12592 loss=-10.139864
batch 4450/12592 loss=-19.944698
batch 4500/12592 loss=-17.161053
batch 4550/12592 loss=-20.012962
batch 4600/12592 loss=-8.676247
batch 4650/12592 loss=-11.398808
batch 4700/12592 loss=-15.806354
batch 4750/12592 loss=-2.057441
batch 4800/12592 loss=-6.489332
batch 4850/12592 loss=-23.162512
batch 4900/12592 loss=-16.192200
batch 4950/12592 loss=-18.643976
batch 5000/12592 loss=-21.155884
batch 5050/12592 loss=-16.375332
batch 5100/12592 loss=-13.118061
batch 5150/12592 loss=-11.502926
batch 5200/12592 loss=-19.012915
batch 5250/12592 loss=-10.447142
batch 5300/12592 loss=-8.692758
batch 5350/12592 loss=-22.507877
batch 5400/12592 loss=-19.907326
batch 5450/12592 loss=-16.759325
batch 5500/12592 loss=-14.662934
batch 5550/12592 loss=-19.271692
batch 5600/12592 loss=-19.011292
batch 5650/12592 loss=-16.863842
batch 5700/12592 loss=-13.828831
batch 5750/12592 loss=-8.978061
batch 5800/12592 loss=-14.933966
batch 5850/12592 loss=-18.865341
batch 5900/12592 loss=-14.753224
batch 5950/12592 loss=-3.995135
batch 6000/12592 loss=-15.056252
batch 6050/12592 loss=-17.754528
batch 6100/12592 loss=-12.585581
batch 6150/12592 loss=-12.778625
batch 6200/12592 loss=-12.060974
batch 6250/12592 loss=-21.169573
batch 6300/12592 loss=-19.651962
batch 6350/12592 loss=-16.520264
batch 6400/12592 loss=-16.733448
batch 6450/12592 loss=-18.180725
batch 6500/12592 loss=-18.520500
batch 6550/12592 loss=-11.832088
batch 6600/12592 loss=-15.839737
batch 6650/12592 loss=-11.710991
batch 6700/12592 loss=-16.758772
batch 6750/12592 loss=-11.539145
batch 6800/12592 loss=-9.626223
batch 6850/12592 loss=-20.566410
batch 6900/12592 loss=-12.627644
batch 6950/12592 loss=-10.848408
batch 7000/12592 loss=-11.668701
batch 7050/12592 loss=-9.478975
batch 7100/12592 loss=-13.013546
batch 7150/12592 loss=-17.754612
batch 7200/12592 loss=-17.644501
batch 7250/12592 loss=-17.155180
batch 7300/12592 loss=-18.942434
batch 7350/12592 loss=-17.542854
batch 7400/12592 loss=-16.089653
batch 7450/12592 loss=-3.351176
batch 7500/12592 loss=-14.830399
batch 7550/12592 loss=-19.269096
batch 7600/12592 loss=-13.752289
batch 7650/12592 loss=-3.765518
batch 7700/12592 loss=-7.760682
batch 7750/12592 loss=-15.381632
batch 7800/12592 loss=-15.703012
batch 7850/12592 loss=-10.795009
batch 7900/12592 loss=-22.231062
batch 7950/12592 loss=-14.094097
batch 8000/12592 loss=-21.453915
batch 8050/12592 loss=-10.428923
batch 8100/12592 loss=-16.715906
batch 8150/12592 loss=-16.821989
batch 8200/12592 loss=-20.547068
batch 8250/12592 loss=-17.342966
batch 8300/12592 loss=-16.673368
batch 8350/12592 loss=-12.311298
batch 8400/12592 loss=-10.685527
batch 8450/12592 loss=-17.294752
batch 8500/12592 loss=-15.689284
batch 8550/12592 loss=-18.673122
batch 8600/12592 loss=-20.230659
batch 8650/12592 loss=-19.731901
batch 8700/12592 loss=-13.295492
batch 8750/12592 loss=-18.026817
batch 8800/12592 loss=-12.871702
batch 8850/12592 loss=-15.242065
batch 8900/12592 loss=-23.726440
batch 8950/12592 loss=-24.269892
batch 9000/12592 loss=-10.718099
batch 9050/12592 loss=-11.980707
batch 9100/12592 loss=-21.025032
batch 9150/12592 loss=-24.119057
batch 9200/12592 loss=-20.069427
batch 9250/12592 loss=-13.813181
batch 9300/12592 loss=-18.026114
batch 9350/12592 loss=-16.022221
batch 9400/12592 loss=-13.067745
batch 9450/12592 loss=-7.346605
batch 9500/12592 loss=-15.000328
batch 9550/12592 loss=-11.602759
batch 9600/12592 loss=-4.316530
batch 9650/12592 loss=-14.782610
batch 9700/12592 loss=-12.420233
batch 9750/12592 loss=-12.231014
batch 9800/12592 loss=-23.972095
batch 9850/12592 loss=-19.575272
batch 9900/12592 loss=-19.978399
batch 9950/12592 loss=0.317392
batch 10000/12592 loss=-18.548252
batch 10050/12592 loss=-4.530724
batch 10100/12592 loss=-3.732092
batch 10150/12592 loss=-9.096565
batch 10200/12592 loss=-16.822252
batch 10250/12592 loss=-16.815273
batch 10300/12592 loss=-16.833603
batch 10350/12592 loss=-13.962385
batch 10400/12592 loss=-13.100752
batch 10450/12592 loss=-23.928308
batch 10500/12592 loss=-8.392492
batch 10550/12592 loss=-22.617828
batch 10600/12592 loss=-15.362414
batch 10650/12592 loss=-18.778334
batch 10700/12592 loss=-11.956689
batch 10750/12592 loss=-2.400890
batch 10800/12592 loss=-23.918755
batch 10850/12592 loss=-24.664349
batch 10900/12592 loss=-20.504387
batch 10950/12592 loss=-12.495482
batch 11000/12592 loss=-10.711844
batch 11050/12592 loss=-17.058769
batch 11100/12592 loss=-12.511814
batch 11150/12592 loss=-6.582204
batch 11200/12592 loss=-12.874309
batch 11250/12592 loss=-22.839659
batch 11300/12592 loss=-9.957090
batch 11350/12592 loss=-15.667072
batch 11400/12592 loss=-18.607166
batch 11450/12592 loss=-14.275371
batch 11500/12592 loss=-14.411110
batch 11550/12592 loss=-17.199940
batch 11600/12592 loss=-13.237617
batch 11650/12592 loss=-10.316151
batch 11700/12592 loss=-15.024817
batch 11750/12592 loss=-5.540361
batch 11800/12592 loss=-22.515305
batch 11850/12592 loss=-17.520905
batch 11900/12592 loss=-15.242546
batch 11950/12592 loss=-22.655552
batch 12000/12592 loss=-14.756272
batch 12050/12592 loss=-19.194683
batch 12100/12592 loss=-10.661307
batch 12150/12592 loss=-12.871880
batch 12200/12592 loss=-15.269940
batch 12250/12592 loss=-11.496742
batch 12300/12592 loss=-10.829456
batch 12350/12592 loss=-13.482024
batch 12400/12592 loss=-16.349499
batch 12450/12592 loss=-13.117582
batch 12500/12592 loss=-18.725765
batch 12550/12592 loss=-16.936787
epoch=42 train_loss=-13.425762 val_loss=-13.261053 minADE=0.669375 minFDE=0.798109 best=-19.057267 patience=20/50
batch 0/12592 loss=-8.687819
batch 50/12592 loss=-14.316525
batch 100/12592 loss=-29.772316
batch 150/12592 loss=-16.092640
batch 200/12592 loss=-17.780899
batch 250/12592 loss=-16.641344
batch 300/12592 loss=-11.947842
batch 350/12592 loss=-16.277607
batch 400/12592 loss=-13.710604
batch 450/12592 loss=-15.149212
batch 500/12592 loss=-9.897434
batch 550/12592 loss=-13.251331
batch 600/12592 loss=-15.196310
batch 650/12592 loss=-22.578453
batch 700/12592 loss=-20.174271
batch 750/12592 loss=-10.333129
batch 800/12592 loss=-17.958141
batch 850/12592 loss=-19.435791
batch 900/12592 loss=-24.658066
batch 950/12592 loss=-17.978397
batch 1000/12592 loss=-11.368976
batch 1050/12592 loss=-4.785133
batch 1100/12592 loss=-23.182917
batch 1150/12592 loss=-15.075616
batch 1200/12592 loss=-11.638622
batch 1250/12592 loss=-8.196993
batch 1300/12592 loss=-13.330219
batch 1350/12592 loss=-30.685608
batch 1400/12592 loss=-15.756256
batch 1450/12592 loss=-15.013153
batch 1500/12592 loss=-13.292898
batch 1550/12592 loss=-5.931690
batch 1600/12592 loss=-19.149199
batch 1650/12592 loss=-18.929945
batch 1700/12592 loss=-14.959219
batch 1750/12592 loss=-18.857716
batch 1800/12592 loss=-20.941715
batch 1850/12592 loss=-9.884717
batch 1900/12592 loss=-23.239586
batch 1950/12592 loss=-21.658680
batch 2000/12592 loss=-11.884087
batch 2050/12592 loss=-16.790516
batch 2100/12592 loss=-14.692756
batch 2150/12592 loss=-13.905725
batch 2200/12592 loss=-22.769930
batch 2250/12592 loss=-9.104307
batch 2300/12592 loss=-17.586124
batch 2350/12592 loss=-21.736912
batch 2400/12592 loss=-21.523685
batch 2450/12592 loss=-11.375584
batch 2500/12592 loss=-22.054569
batch 2550/12592 loss=-16.847412
batch 2600/12592 loss=-13.975148
batch 2650/12592 loss=-18.201242
batch 2700/12592 loss=-17.793095
batch 2750/12592 loss=-16.581230
batch 2800/12592 loss=-12.248806
batch 2850/12592 loss=-17.546778
batch 2900/12592 loss=-9.824015
batch 2950/12592 loss=-22.531086
batch 3000/12592 loss=1.036649
batch 3050/12592 loss=-15.987766
batch 3100/12592 loss=-6.507211
batch 3150/12592 loss=-21.991404
batch 3200/12592 loss=-15.139004
batch 3250/12592 loss=-6.573272
batch 3300/12592 loss=-16.527821
batch 3350/12592 loss=-21.498920
batch 3400/12592 loss=-7.990939
batch 3450/12592 loss=-12.120441
batch 3500/12592 loss=-20.915916
batch 3550/12592 loss=-18.655144
batch 3600/12592 loss=-8.455820
batch 3650/12592 loss=-2.507097
batch 3700/12592 loss=-6.006782
batch 3750/12592 loss=-24.078566
batch 3800/12592 loss=-12.064750
batch 3850/12592 loss=-3.773670
batch 3900/12592 loss=-15.276656
batch 3950/12592 loss=-11.888067
batch 4000/12592 loss=-14.777419
batch 4050/12592 loss=-5.693111
batch 4100/12592 loss=-19.725239
batch 4150/12592 loss=-12.962597
batch 4200/12592 loss=-14.287737
batch 4250/12592 loss=-18.659550
batch 4300/12592 loss=-4.876672
batch 4350/12592 loss=-11.454968
batch 4400/12592 loss=-22.288944
batch 4450/12592 loss=-22.619942
batch 4500/12592 loss=-3.907338
batch 4550/12592 loss=-17.462843
batch 4600/12592 loss=-7.067580
batch 4650/12592 loss=-23.850382
batch 4700/12592 loss=-14.738685
batch 4750/12592 loss=-20.602991
batch 4800/12592 loss=-18.004967
batch 4850/12592 loss=-20.718838
batch 4900/12592 loss=-14.610834
batch 4950/12592 loss=-2.159770
batch 5000/12592 loss=-18.902668
batch 5050/12592 loss=-8.311457
batch 5100/12592 loss=-17.651052
batch 5150/12592 loss=-16.425415
batch 5200/12592 loss=-14.196537
batch 5250/12592 loss=4.210340
batch 5300/12592 loss=-14.146056
batch 5350/12592 loss=-14.506564
batch 5400/12592 loss=-19.583082
batch 5450/12592 loss=-7.832264
batch 5500/12592 loss=-9.117156
batch 5550/12592 loss=-20.481451
batch 5600/12592 loss=-19.692444
batch 5650/12592 loss=-18.821114
batch 5700/12592 loss=-12.153740
batch 5750/12592 loss=-18.330154
batch 5800/12592 loss=-14.451260
batch 5850/12592 loss=-21.301014
batch 5900/12592 loss=-8.311005
batch 5950/12592 loss=-2.842004
batch 6000/12592 loss=-4.808125
batch 6050/12592 loss=-17.014435
batch 6100/12592 loss=-16.991955
batch 6150/12592 loss=-14.772467
batch 6200/12592 loss=-15.783439
batch 6250/12592 loss=-14.571020
batch 6300/12592 loss=-21.882322
batch 6350/12592 loss=-10.354353
batch 6400/12592 loss=-22.181784
batch 6450/12592 loss=-11.411509
batch 6500/12592 loss=-20.991058
batch 6550/12592 loss=-17.134933
batch 6600/12592 loss=-15.898292
batch 6650/12592 loss=-7.215006
batch 6700/12592 loss=-14.290669
batch 6750/12592 loss=-14.294921
batch 6800/12592 loss=-8.972681
batch 6850/12592 loss=-5.144590
batch 6900/12592 loss=-11.023895
batch 6950/12592 loss=-16.863253
batch 7000/12592 loss=-10.469421
batch 7050/12592 loss=-10.805331
batch 7100/12592 loss=-18.847521
batch 7150/12592 loss=-18.557045
batch 7200/12592 loss=-17.997066
batch 7250/12592 loss=-14.938101
batch 7300/12592 loss=-12.747109
batch 7350/12592 loss=-18.668615
batch 7400/12592 loss=-15.865754
batch 7450/12592 loss=-14.847665
batch 7500/12592 loss=-16.159697
batch 7550/12592 loss=-19.316549
batch 7600/12592 loss=-12.806142
batch 7650/12592 loss=-12.206351
batch 7700/12592 loss=-4.908293
batch 7750/12592 loss=-9.572399
batch 7800/12592 loss=-14.433191
batch 7850/12592 loss=-9.570578
batch 7900/12592 loss=-9.455432
batch 7950/12592 loss=-15.797279
batch 8000/12592 loss=-19.399776
batch 8050/12592 loss=-6.353648
batch 8100/12592 loss=-21.979988
batch 8150/12592 loss=-24.890938
batch 8200/12592 loss=-12.320145
batch 8250/12592 loss=-18.397781
batch 8300/12592 loss=-18.744801
batch 8350/12592 loss=-13.164791
batch 8400/12592 loss=-14.007078
batch 8450/12592 loss=-6.221786
batch 8500/12592 loss=-12.262946
batch 8550/12592 loss=-18.383228
batch 8600/12592 loss=-17.607166
batch 8650/12592 loss=-15.667824
batch 8700/12592 loss=-15.629992
batch 8750/12592 loss=-14.206017
batch 8800/12592 loss=-10.026497
batch 8850/12592 loss=-23.769707
batch 8900/12592 loss=-18.063564
batch 8950/12592 loss=-20.852602
batch 9000/12592 loss=-6.848946
batch 9050/12592 loss=-8.502567
batch 9100/12592 loss=-22.193958
batch 9150/12592 loss=-25.558020
batch 9200/12592 loss=-4.481119
batch 9250/12592 loss=-16.226831
batch 9300/12592 loss=-13.098348
batch 9350/12592 loss=-20.174637
batch 9400/12592 loss=-6.437910
batch 9450/12592 loss=-17.620043
batch 9500/12592 loss=-23.590815
batch 9550/12592 loss=-11.027416
batch 9600/12592 loss=-17.673471
batch 9650/12592 loss=-19.116354
batch 9700/12592 loss=-20.613754
batch 9750/12592 loss=-15.467636
batch 9800/12592 loss=-12.270201
batch 9850/12592 loss=-8.311871
batch 9900/12592 loss=-12.820231
batch 9950/12592 loss=-6.728055
batch 10000/12592 loss=-20.829832
batch 10050/12592 loss=-5.646049
batch 10100/12592 loss=-12.600863
batch 10150/12592 loss=-23.827717
batch 10200/12592 loss=-8.696140
batch 10250/12592 loss=-15.387613
batch 10300/12592 loss=-13.846893
batch 10350/12592 loss=-16.825684
batch 10400/12592 loss=-11.148132
batch 10450/12592 loss=-16.220827
batch 10500/12592 loss=-8.502283
batch 10550/12592 loss=-16.881578
batch 10600/12592 loss=-3.577985
batch 10650/12592 loss=-13.088337
batch 10700/12592 loss=-12.883493
batch 10750/12592 loss=-18.959442
batch 10800/12592 loss=-13.182772
batch 10850/12592 loss=-3.910676
batch 10900/12592 loss=-11.588198
batch 10950/12592 loss=-11.997212
batch 11000/12592 loss=-15.574185
batch 11050/12592 loss=-8.843519
batch 11100/12592 loss=-17.538242
batch 11150/12592 loss=-16.502117
batch 11200/12592 loss=-12.520903
batch 11250/12592 loss=-18.602203
batch 11300/12592 loss=-11.451809
batch 11350/12592 loss=-15.010803
batch 11400/12592 loss=-18.845024
batch 11450/12592 loss=-23.574993
batch 11500/12592 loss=-5.863656
batch 11550/12592 loss=-12.831001
batch 11600/12592 loss=-18.487322
batch 11650/12592 loss=-19.608551
batch 11700/12592 loss=-12.883022
batch 11750/12592 loss=-7.760490
batch 11800/12592 loss=-12.226641
batch 11850/12592 loss=-10.240093
batch 11900/12592 loss=-15.582428
batch 11950/12592 loss=-16.883335
batch 12000/12592 loss=-10.645792
batch 12050/12592 loss=-10.668825
batch 12100/12592 loss=-11.674076
batch 12150/12592 loss=-14.214969
batch 12200/12592 loss=-19.814259
batch 12250/12592 loss=-17.069574
batch 12300/12592 loss=-17.140560
batch 12350/12592 loss=-6.151589
batch 12400/12592 loss=-26.544109
batch 12450/12592 loss=-16.700729
batch 12500/12592 loss=-11.531466
batch 12550/12592 loss=-10.601044
epoch=43 train_loss=-13.400862 val_loss=-12.599598 minADE=0.708692 minFDE=0.834558 best=-19.057267 patience=21/50
batch 0/12592 loss=-12.748174
batch 50/12592 loss=-14.801747
batch 100/12592 loss=-17.376760
batch 150/12592 loss=-9.045059
batch 200/12592 loss=-27.827927
batch 250/12592 loss=-10.919638
batch 300/12592 loss=-15.687922
batch 350/12592 loss=-13.845245
batch 400/12592 loss=-20.481531
batch 450/12592 loss=-11.167101
batch 500/12592 loss=-1.080360
batch 550/12592 loss=-14.460158
batch 600/12592 loss=-10.292015
batch 650/12592 loss=-19.187729
batch 700/12592 loss=-23.031971
batch 750/12592 loss=-12.797614
batch 800/12592 loss=-17.080713
batch 850/12592 loss=-7.652026
batch 900/12592 loss=-15.874840
batch 950/12592 loss=-0.268995
batch 1000/12592 loss=-8.848690
batch 1050/12592 loss=-12.856613
batch 1100/12592 loss=-20.473728
batch 1150/12592 loss=-9.298299
batch 1200/12592 loss=-14.009678
batch 1250/12592 loss=-8.993077
batch 1300/12592 loss=-15.429132
batch 1350/12592 loss=-19.908312
batch 1400/12592 loss=-6.283659
batch 1450/12592 loss=-6.360475
batch 1500/12592 loss=-8.864001
batch 1550/12592 loss=-20.112114
batch 1600/12592 loss=-19.305199
batch 1650/12592 loss=-18.095560
batch 1700/12592 loss=-13.201126
batch 1750/12592 loss=-7.919821
batch 1800/12592 loss=-9.993601
batch 1850/12592 loss=-12.368648
batch 1900/12592 loss=-24.044628
batch 1950/12592 loss=-12.404940
batch 2000/12592 loss=-13.215488
batch 2050/12592 loss=-14.570589
batch 2100/12592 loss=-15.361134
batch 2150/12592 loss=-9.932711
batch 2200/12592 loss=-22.992992
batch 2250/12592 loss=-13.926377
batch 2300/12592 loss=-21.308100
batch 2350/12592 loss=-19.236954
batch 2400/12592 loss=-1.359697
batch 2450/12592 loss=-11.301538
batch 2500/12592 loss=-12.294523
batch 2550/12592 loss=-14.622510
batch 2600/12592 loss=-16.156706
batch 2650/12592 loss=-11.784895
batch 2700/12592 loss=-6.781800
batch 2750/12592 loss=-12.958094
batch 2800/12592 loss=-16.697079
batch 2850/12592 loss=-13.149665
batch 2900/12592 loss=-13.156501
batch 2950/12592 loss=-21.480947
batch 3000/12592 loss=-8.966537
batch 3050/12592 loss=-1.308041
batch 3100/12592 loss=-18.632610
batch 3150/12592 loss=-20.549294
batch 3200/12592 loss=-11.442385
batch 3250/12592 loss=-15.093252
batch 3300/12592 loss=-12.856880
batch 3350/12592 loss=-15.119371
batch 3400/12592 loss=-23.998384
batch 3450/12592 loss=-8.108290
batch 3500/12592 loss=-16.096762
batch 3550/12592 loss=-5.710648
batch 3600/12592 loss=-11.887207
batch 3650/12592 loss=-21.821125
batch 3700/12592 loss=-13.846724
batch 3750/12592 loss=-14.838789
batch 3800/12592 loss=-21.841805
batch 3850/12592 loss=-5.950780
batch 3900/12592 loss=-18.366627
batch 3950/12592 loss=-17.825993
batch 4000/12592 loss=-9.438901
batch 4050/12592 loss=-13.709980
batch 4100/12592 loss=-13.514959
batch 4150/12592 loss=-14.213902
batch 4200/12592 loss=-19.733112
batch 4250/12592 loss=-11.421187
batch 4300/12592 loss=-12.746123
batch 4350/12592 loss=-19.674862
batch 4400/12592 loss=-18.811840
batch 4450/12592 loss=-10.088900
batch 4500/12592 loss=-10.512418
batch 4550/12592 loss=-10.234083
batch 4600/12592 loss=-10.958618
batch 4650/12592 loss=-18.571222
batch 4700/12592 loss=-20.158581
batch 4750/12592 loss=-15.903130
batch 4800/12592 loss=-19.500021
batch 4850/12592 loss=-15.392778
batch 4900/12592 loss=-16.073893
batch 4950/12592 loss=-13.390520
batch 5000/12592 loss=-19.143543
batch 5050/12592 loss=-10.922968
batch 5100/12592 loss=-4.837935
batch 5150/12592 loss=-21.734303
batch 5200/12592 loss=-17.720922
batch 5250/12592 loss=-15.364402
batch 5300/12592 loss=-16.070734
batch 5350/12592 loss=-12.700423
batch 5400/12592 loss=-17.281481
batch 5450/12592 loss=-14.722537
batch 5500/12592 loss=-19.938910
batch 5550/12592 loss=-26.663162
batch 5600/12592 loss=-12.354057
batch 5650/12592 loss=-17.756311
batch 5700/12592 loss=-17.253244
batch 5750/12592 loss=-11.674732
batch 5800/12592 loss=-18.937450
batch 5850/12592 loss=-19.776783
batch 5900/12592 loss=-9.102951
batch 5950/12592 loss=-20.266041
batch 6000/12592 loss=-4.604235
batch 6050/12592 loss=-18.673016
batch 6100/12592 loss=-17.030851
batch 6150/12592 loss=-13.332988
batch 6200/12592 loss=-6.081932
batch 6250/12592 loss=-13.423931
batch 6300/12592 loss=-17.098450
batch 6350/12592 loss=-17.269760
batch 6400/12592 loss=-7.452898
batch 6450/12592 loss=-9.603543
batch 6500/12592 loss=-24.223816
batch 6550/12592 loss=-20.848656
batch 6600/12592 loss=-21.484585
batch 6650/12592 loss=-22.655827
batch 6700/12592 loss=-11.392859
batch 6750/12592 loss=-15.817307
batch 6800/12592 loss=-21.507093
batch 6850/12592 loss=-20.183203
batch 6900/12592 loss=-18.472893
batch 6950/12592 loss=-21.336960
batch 7000/12592 loss=-14.034779
batch 7050/12592 loss=-17.277494
batch 7100/12592 loss=-5.082078
batch 7150/12592 loss=-15.163372
batch 7200/12592 loss=-13.361213
batch 7250/12592 loss=-21.538757
batch 7300/12592 loss=-8.577607
batch 7350/12592 loss=-10.594999
batch 7400/12592 loss=-21.811405
batch 7450/12592 loss=-15.764460
batch 7500/12592 loss=-20.134127
batch 7550/12592 loss=-11.350601
batch 7600/12592 loss=-20.587627
batch 7650/12592 loss=-16.427671
batch 7700/12592 loss=-8.042334
batch 7750/12592 loss=-9.673762
batch 7800/12592 loss=-8.594272
batch 7850/12592 loss=-17.428188
batch 7900/12592 loss=-9.472316
batch 7950/12592 loss=-10.457194
batch 8000/12592 loss=-11.577343
batch 8050/12592 loss=-20.584761
batch 8100/12592 loss=-14.700632
batch 8150/12592 loss=-10.978462
batch 8200/12592 loss=-15.860548
batch 8250/12592 loss=-8.809725
batch 8300/12592 loss=-13.823040
batch 8350/12592 loss=-14.776657
batch 8400/12592 loss=-6.469514
batch 8450/12592 loss=-15.467739
batch 8500/12592 loss=-24.531437
batch 8550/12592 loss=-15.118155
batch 8600/12592 loss=-15.655796
batch 8650/12592 loss=-8.591781
batch 8700/12592 loss=-10.545877
batch 8750/12592 loss=-12.015540
batch 8800/12592 loss=-12.676697
batch 8850/12592 loss=-15.443272
batch 8900/12592 loss=-12.402216
batch 8950/12592 loss=-14.981464
batch 9000/12592 loss=-16.510906
batch 9050/12592 loss=-7.973720
batch 9100/12592 loss=-10.673029
batch 9150/12592 loss=-12.745378
batch 9200/12592 loss=-13.881896
batch 9250/12592 loss=-6.236728
batch 9300/12592 loss=-19.818521
batch 9350/12592 loss=-26.479259
batch 9400/12592 loss=-26.116678
batch 9450/12592 loss=-15.636820
batch 9500/12592 loss=-15.587790
batch 9550/12592 loss=-16.791054
batch 9600/12592 loss=-14.158681
batch 9650/12592 loss=-11.974427
batch 9700/12592 loss=-15.726845
batch 9750/12592 loss=-9.501542
batch 9800/12592 loss=-13.006772
batch 9850/12592 loss=-14.792356
batch 9900/12592 loss=-18.056211
batch 9950/12592 loss=-14.695941
batch 10000/12592 loss=-19.045700
batch 10050/12592 loss=-15.116682
batch 10100/12592 loss=-21.103867
batch 10150/12592 loss=-10.331266
batch 10200/12592 loss=-11.308192
batch 10250/12592 loss=-12.521372
batch 10300/12592 loss=-17.177612
batch 10350/12592 loss=-26.667168
batch 10400/12592 loss=-12.871899
batch 10450/12592 loss=-14.658658
batch 10500/12592 loss=-6.909916
batch 10550/12592 loss=-19.177742
batch 10600/12592 loss=-18.601589
batch 10650/12592 loss=-7.855618
batch 10700/12592 loss=-18.119335
batch 10750/12592 loss=-13.151803
batch 10800/12592 loss=-20.489059
batch 10850/12592 loss=-16.366463
batch 10900/12592 loss=-16.603395
batch 10950/12592 loss=-22.661234
batch 11000/12592 loss=-5.759027
batch 11050/12592 loss=-14.051075
batch 11100/12592 loss=-13.057304
batch 11150/12592 loss=-12.619015
batch 11200/12592 loss=-18.322636
batch 11250/12592 loss=-13.759533
batch 11300/12592 loss=-13.861568
batch 11350/12592 loss=-12.027048
batch 11400/12592 loss=-13.741432
batch 11450/12592 loss=-10.220535
batch 11500/12592 loss=-19.381458
batch 11550/12592 loss=-15.201269
batch 11600/12592 loss=-16.441410
batch 11650/12592 loss=-11.039512
batch 11700/12592 loss=-22.655813
batch 11750/12592 loss=-12.126406
batch 11800/12592 loss=-13.920439
batch 11850/12592 loss=-8.056973
batch 11900/12592 loss=-16.772671
batch 11950/12592 loss=-24.631035
batch 12000/12592 loss=-19.037598
batch 12050/12592 loss=-14.624974
batch 12100/12592 loss=-14.239790
batch 12150/12592 loss=-10.648304
batch 12200/12592 loss=-11.592144
batch 12250/12592 loss=-19.009258
batch 12300/12592 loss=-19.739185
batch 12350/12592 loss=-19.122723
batch 12400/12592 loss=-10.954320
batch 12450/12592 loss=-16.794300
batch 12500/12592 loss=-16.474121
batch 12550/12592 loss=-11.168171
epoch=44 train_loss=-13.883797 val_loss=-10.491891 minADE=0.702461 minFDE=0.831810 best=-19.057267 patience=22/50
batch 0/12592 loss=-9.301390
batch 50/12592 loss=-20.629078
batch 100/12592 loss=-2.452338
batch 150/12592 loss=-17.464685
batch 200/12592 loss=0.989054
batch 250/12592 loss=-16.421392
batch 300/12592 loss=-19.448223
batch 350/12592 loss=-11.741518
batch 400/12592 loss=-21.527470
batch 450/12592 loss=-9.485769
batch 500/12592 loss=-2.737494
batch 550/12592 loss=-14.122764
batch 600/12592 loss=-12.051985
batch 650/12592 loss=-12.897123
batch 700/12592 loss=-18.139315
batch 750/12592 loss=-13.190587
batch 800/12592 loss=-19.173256
batch 850/12592 loss=-15.877604
batch 900/12592 loss=-19.282894
batch 950/12592 loss=-13.682954
batch 1000/12592 loss=-1.109725
batch 1050/12592 loss=3.231098
batch 1100/12592 loss=-10.710280
batch 1150/12592 loss=-16.710670
batch 1200/12592 loss=-14.762083
batch 1250/12592 loss=-14.677426
batch 1300/12592 loss=-10.432301
batch 1350/12592 loss=-12.144198
batch 1400/12592 loss=-12.884109
batch 1450/12592 loss=-13.819226
batch 1500/12592 loss=-18.053207
batch 1550/12592 loss=-19.545694
batch 1600/12592 loss=-16.019083
batch 1650/12592 loss=-16.141212
batch 1700/12592 loss=-8.285836
batch 1750/12592 loss=-18.402184
batch 1800/12592 loss=-17.700468
batch 1850/12592 loss=-14.365030
batch 1900/12592 loss=-15.750359
batch 1950/12592 loss=-12.353886
batch 2000/12592 loss=-19.842964
batch 2050/12592 loss=-15.358538
batch 2100/12592 loss=-4.945794
batch 2150/12592 loss=-7.307027
batch 2200/12592 loss=-19.575302
batch 2250/12592 loss=-6.512106
batch 2300/12592 loss=-13.409075
batch 2350/12592 loss=-8.921000
batch 2400/12592 loss=-14.394771
batch 2450/12592 loss=-14.944751
batch 2500/12592 loss=-13.393031
batch 2550/12592 loss=-2.985675
batch 2600/12592 loss=-8.405962
batch 2650/12592 loss=-3.284902
batch 2700/12592 loss=-21.228060
batch 2750/12592 loss=-13.276842
batch 2800/12592 loss=-10.824039
batch 2850/12592 loss=-16.023956
batch 2900/12592 loss=-18.284401
batch 2950/12592 loss=-11.855411
batch 3000/12592 loss=-18.541700
batch 3050/12592 loss=-23.709805
batch 3100/12592 loss=-9.968054
batch 3150/12592 loss=-14.912544
batch 3200/12592 loss=-9.619810
batch 3250/12592 loss=-19.303610
batch 3300/12592 loss=-9.813197
batch 3350/12592 loss=-21.178545
batch 3400/12592 loss=-24.216173
batch 3450/12592 loss=-14.043410
batch 3500/12592 loss=-11.212290
batch 3550/12592 loss=-13.897929
batch 3600/12592 loss=-23.929661
batch 3650/12592 loss=-13.551086
batch 3700/12592 loss=-9.814310
batch 3750/12592 loss=-8.898287
batch 3800/12592 loss=-17.319004
batch 3850/12592 loss=-9.045618
batch 3900/12592 loss=-13.013138
batch 3950/12592 loss=-15.599760
batch 4000/12592 loss=-13.400632
batch 4050/12592 loss=-19.655130
batch 4100/12592 loss=-16.321831
batch 4150/12592 loss=-1.732266
batch 4200/12592 loss=-13.347694
batch 4250/12592 loss=-9.520658
batch 4300/12592 loss=-17.452036
batch 4350/12592 loss=-19.153008
batch 4400/12592 loss=7.764914
batch 4450/12592 loss=-18.568167
batch 4500/12592 loss=-17.051388
batch 4550/12592 loss=-22.645203
batch 4600/12592 loss=-14.823423
batch 4650/12592 loss=-10.750486
batch 4700/12592 loss=-11.578932
batch 4750/12592 loss=-18.010086
batch 4800/12592 loss=-17.464773
batch 4850/12592 loss=-21.207634
batch 4900/12592 loss=-21.271503
batch 4950/12592 loss=-14.246639
batch 5000/12592 loss=-15.919653
batch 5050/12592 loss=-22.181408
batch 5100/12592 loss=-20.326956
batch 5150/12592 loss=-19.031631
batch 5200/12592 loss=-12.675083
batch 5250/12592 loss=-25.748878
batch 5300/12592 loss=-12.655412
batch 5350/12592 loss=-17.671017
batch 5400/12592 loss=2.167562
batch 5450/12592 loss=-10.049167
batch 5500/12592 loss=-9.782265
batch 5550/12592 loss=-12.765647
batch 5600/12592 loss=-15.710711
batch 5650/12592 loss=-21.343925
batch 5700/12592 loss=-12.628358
batch 5750/12592 loss=-14.157587
batch 5800/12592 loss=-14.395441
batch 5850/12592 loss=-12.055855
batch 5900/12592 loss=-19.099659
batch 5950/12592 loss=-20.381443
batch 6000/12592 loss=-18.978294
batch 6050/12592 loss=-17.787527
batch 6100/12592 loss=-10.103163
batch 6150/12592 loss=-7.994350
batch 6200/12592 loss=-14.212193
batch 6250/12592 loss=-15.430505
batch 6300/12592 loss=-19.219795
batch 6350/12592 loss=-19.586729
batch 6400/12592 loss=-20.015213
batch 6450/12592 loss=-16.583008
batch 6500/12592 loss=-6.852792
batch 6550/12592 loss=-1.097942
batch 6600/12592 loss=-15.588671
batch 6650/12592 loss=-12.768476
batch 6700/12592 loss=-13.131885
batch 6750/12592 loss=-19.103392
batch 6800/12592 loss=-11.012198
batch 6850/12592 loss=-14.460587
batch 6900/12592 loss=-8.731956
batch 6950/12592 loss=4.005672
batch 7000/12592 loss=-14.569770
batch 7050/12592 loss=-8.036695
batch 7100/12592 loss=-8.478375
batch 7150/12592 loss=-10.179832
batch 7200/12592 loss=-15.513279
batch 7250/12592 loss=-20.042017
batch 7300/12592 loss=-17.921574
batch 7350/12592 loss=-17.447960
batch 7400/12592 loss=-18.401752
batch 7450/12592 loss=-17.779396
batch 7500/12592 loss=-17.623272
batch 7550/12592 loss=-13.251754
batch 7600/12592 loss=-17.060415
batch 7650/12592 loss=-21.288952
batch 7700/12592 loss=-6.270666
batch 7750/12592 loss=-8.659273
batch 7800/12592 loss=-10.030352
batch 7850/12592 loss=-18.564510
batch 7900/12592 loss=-16.934315
batch 7950/12592 loss=-16.190910
batch 8000/12592 loss=-21.694603
batch 8050/12592 loss=-18.335320
batch 8100/12592 loss=-16.595718
batch 8150/12592 loss=-18.196884
batch 8200/12592 loss=-11.256849
batch 8250/12592 loss=-24.129532
batch 8300/12592 loss=-20.623180
batch 8350/12592 loss=-18.541288
batch 8400/12592 loss=-14.140276
batch 8450/12592 loss=-14.892815
batch 8500/12592 loss=-28.346144
batch 8550/12592 loss=-7.832025
batch 8600/12592 loss=-10.741184
batch 8650/12592 loss=-12.580333
batch 8700/12592 loss=-18.034931
batch 8750/12592 loss=-21.804888
batch 8800/12592 loss=-12.795444
batch 8850/12592 loss=-7.022698
batch 8900/12592 loss=-9.758593
batch 8950/12592 loss=-14.427134
batch 9000/12592 loss=-10.487423
batch 9050/12592 loss=-10.603468
batch 9100/12592 loss=-17.033844
batch 9150/12592 loss=-24.213669
batch 9200/12592 loss=-14.281404
batch 9250/12592 loss=-20.309412
batch 9300/12592 loss=-20.891933
batch 9350/12592 loss=-11.346045
batch 9400/12592 loss=-16.701408
batch 9450/12592 loss=-15.815941
batch 9500/12592 loss=-15.850908
batch 9550/12592 loss=-17.948153
batch 9600/12592 loss=-13.445810
batch 9650/12592 loss=-18.875303
batch 9700/12592 loss=-15.092369
batch 9750/12592 loss=-24.158236
batch 9800/12592 loss=-3.517878
batch 9850/12592 loss=-21.095097
batch 9900/12592 loss=-19.073347
batch 9950/12592 loss=-13.139799
batch 10000/12592 loss=-1.594292
batch 10050/12592 loss=-14.884087
batch 10100/12592 loss=-13.952375
batch 10150/12592 loss=-10.887043
batch 10200/12592 loss=-8.528842
batch 10250/12592 loss=-13.034123
batch 10300/12592 loss=-6.747201
batch 10350/12592 loss=-15.601112
batch 10400/12592 loss=-6.452246
batch 10450/12592 loss=-19.858887
batch 10500/12592 loss=-9.847992
batch 10550/12592 loss=-11.526021
batch 10600/12592 loss=-17.890448
batch 10650/12592 loss=-16.188562
batch 10700/12592 loss=-11.322232
batch 10750/12592 loss=-19.706854
batch 10800/12592 loss=-8.919927
batch 10850/12592 loss=-15.876058
batch 10900/12592 loss=-17.294889
batch 10950/12592 loss=-29.505280
batch 11000/12592 loss=-22.444361
batch 11050/12592 loss=-13.716169
batch 11100/12592 loss=-17.003479
batch 11150/12592 loss=-12.203961
batch 11200/12592 loss=-15.031681
batch 11250/12592 loss=-17.670198
batch 11300/12592 loss=-13.054502
batch 11350/12592 loss=-13.786386
batch 11400/12592 loss=-25.595669
batch 11450/12592 loss=-17.181107
batch 11500/12592 loss=-14.420230
batch 11550/12592 loss=-17.185835
batch 11600/12592 loss=-15.396164
batch 11650/12592 loss=-11.445475
batch 11700/12592 loss=-21.528696
batch 11750/12592 loss=-9.008486
batch 11800/12592 loss=-8.096143
batch 11850/12592 loss=-17.034590
batch 11900/12592 loss=-9.208893
batch 11950/12592 loss=-2.877843
batch 12000/12592 loss=-18.965982
batch 12050/12592 loss=-11.197946
batch 12100/12592 loss=6.222278
batch 12150/12592 loss=-10.746601
batch 12200/12592 loss=-14.105477
batch 12250/12592 loss=-16.175629
batch 12300/12592 loss=-21.628202
batch 12350/12592 loss=-7.966953
batch 12400/12592 loss=-13.639614
batch 12450/12592 loss=-7.302654
batch 12500/12592 loss=8.989300
batch 12550/12592 loss=-15.916787
epoch=45 train_loss=-13.745906 val_loss=-15.329187 minADE=0.683760 minFDE=0.812005 best=-19.057267 patience=23/50
batch 0/12592 loss=-11.464209
batch 50/12592 loss=-18.844854
batch 100/12592 loss=-21.223118
batch 150/12592 loss=-4.886986
batch 200/12592 loss=-17.943727
batch 250/12592 loss=-20.843872
batch 300/12592 loss=-19.305471
batch 350/12592 loss=-7.412520
batch 400/12592 loss=-14.850517
batch 450/12592 loss=-19.013561
batch 500/12592 loss=-14.779366
batch 550/12592 loss=-18.079880
batch 600/12592 loss=-14.427465
batch 650/12592 loss=-11.585043
batch 700/12592 loss=-15.738664
batch 750/12592 loss=-19.444298
batch 800/12592 loss=-12.803757
batch 850/12592 loss=-3.327132
batch 900/12592 loss=-9.849176
batch 950/12592 loss=-12.428503
batch 1000/12592 loss=-25.785118
batch 1050/12592 loss=-10.998898
batch 1100/12592 loss=-15.461684
batch 1150/12592 loss=-10.405457
batch 1200/12592 loss=-14.561051
batch 1250/12592 loss=-14.934040
batch 1300/12592 loss=-22.048519
batch 1350/12592 loss=-16.782955
batch 1400/12592 loss=-10.929183
batch 1450/12592 loss=-24.417530
batch 1500/12592 loss=-19.888393
batch 1550/12592 loss=-8.087512
batch 1600/12592 loss=-11.584728
batch 1650/12592 loss=3.071818
batch 1700/12592 loss=-5.144365
batch 1750/12592 loss=-15.016544
batch 1800/12592 loss=-15.010219
batch 1850/12592 loss=-21.933582
batch 1900/12592 loss=-21.898186
batch 1950/12592 loss=-9.198894
batch 2000/12592 loss=-20.181316
batch 2050/12592 loss=-15.391861
batch 2100/12592 loss=-19.563011
batch 2150/12592 loss=-19.511477
batch 2200/12592 loss=-9.353317
batch 2250/12592 loss=-13.922415
batch 2300/12592 loss=-18.858921
batch 2350/12592 loss=-17.127312
batch 2400/12592 loss=-11.734421
batch 2450/12592 loss=-20.876957
batch 2500/12592 loss=-16.140196
batch 2550/12592 loss=-9.570135
batch 2600/12592 loss=-9.570713
batch 2650/12592 loss=-12.929870
batch 2700/12592 loss=-23.561975
batch 2750/12592 loss=-17.323570
batch 2800/12592 loss=-9.855169
batch 2850/12592 loss=-13.167645
batch 2900/12592 loss=-17.186998
batch 2950/12592 loss=-11.422607
batch 3000/12592 loss=-22.613710
batch 3050/12592 loss=-14.136539
batch 3100/12592 loss=-16.307480
batch 3150/12592 loss=-17.252901
batch 3200/12592 loss=0.165811
batch 3250/12592 loss=-17.561230
batch 3300/12592 loss=-16.215658
batch 3350/12592 loss=-23.604488
batch 3400/12592 loss=-21.189589
batch 3450/12592 loss=-16.340359
batch 3500/12592 loss=-10.587011
batch 3550/12592 loss=-17.178560
batch 3600/12592 loss=-17.079449
batch 3650/12592 loss=-3.113957
batch 3700/12592 loss=-20.982380
batch 3750/12592 loss=-15.362753
batch 3800/12592 loss=-5.286756
batch 3850/12592 loss=-10.396690
batch 3900/12592 loss=-16.308559
batch 3950/12592 loss=-11.667079
batch 4000/12592 loss=-7.459619
batch 4050/12592 loss=-21.727804
batch 4100/12592 loss=-12.613995
batch 4150/12592 loss=-8.743415
batch 4200/12592 loss=-10.875751
batch 4250/12592 loss=-12.737484
batch 4300/12592 loss=-12.583746
batch 4350/12592 loss=-9.026502
batch 4400/12592 loss=-21.898890
batch 4450/12592 loss=-7.895837
batch 4500/12592 loss=-14.968509
batch 4550/12592 loss=-19.454983
batch 4600/12592 loss=-20.882347
batch 4650/12592 loss=-10.498737
batch 4700/12592 loss=-9.050201
batch 4750/12592 loss=-22.514309
batch 4800/12592 loss=-7.926311
batch 4850/12592 loss=-15.525330
batch 4900/12592 loss=-24.132610
batch 4950/12592 loss=-19.877844
batch 5000/12592 loss=-11.740576
batch 5050/12592 loss=-5.907342
batch 5100/12592 loss=-12.447664
batch 5150/12592 loss=-18.014151
batch 5200/12592 loss=-21.998812
batch 5250/12592 loss=-25.654709
batch 5300/12592 loss=-11.824898
batch 5350/12592 loss=-13.812187
batch 5400/12592 loss=-18.786528
batch 5450/12592 loss=-1.728499
batch 5500/12592 loss=-14.026239
batch 5550/12592 loss=-20.511549
batch 5600/12592 loss=-13.208484
batch 5650/12592 loss=-14.958471
batch 5700/12592 loss=-18.933870
batch 5750/12592 loss=-20.397049
batch 5800/12592 loss=-15.908058
batch 5850/12592 loss=-13.068727
batch 5900/12592 loss=-11.942963
batch 5950/12592 loss=-14.991057
batch 6000/12592 loss=-15.002400
batch 6050/12592 loss=-7.711870
batch 6100/12592 loss=-13.769760
batch 6150/12592 loss=-15.496327
batch 6200/12592 loss=-9.835367
batch 6250/12592 loss=-7.221675
batch 6300/12592 loss=-26.119698
batch 6350/12592 loss=-14.888891
batch 6400/12592 loss=-20.136597
batch 6450/12592 loss=-5.432073
batch 6500/12592 loss=-8.700310
batch 6550/12592 loss=-15.787769
batch 6600/12592 loss=-9.750027
batch 6650/12592 loss=-22.837650
batch 6700/12592 loss=-19.336548
batch 6750/12592 loss=-13.603934
batch 6800/12592 loss=-27.089428
batch 6850/12592 loss=-17.141043
batch 6900/12592 loss=-2.866867
batch 6950/12592 loss=-6.788353
batch 7000/12592 loss=-11.387917
batch 7050/12592 loss=-13.866505
batch 7100/12592 loss=-14.658537
batch 7150/12592 loss=-12.753197
batch 7200/12592 loss=-18.949596
batch 7250/12592 loss=-14.262163
batch 7300/12592 loss=-13.063138
batch 7350/12592 loss=-21.988544
batch 7400/12592 loss=-15.726868
batch 7450/12592 loss=-13.452913
batch 7500/12592 loss=-18.775192
batch 7550/12592 loss=-14.972536
batch 7600/12592 loss=-13.398293
batch 7650/12592 loss=-1.711143
batch 7700/12592 loss=-12.676369
batch 7750/12592 loss=3.405983
batch 7800/12592 loss=-19.804787
batch 7850/12592 loss=-13.027006
batch 7900/12592 loss=-12.602016
batch 7950/12592 loss=-14.376735
batch 8000/12592 loss=-13.569149
batch 8050/12592 loss=-12.741145
batch 8100/12592 loss=-2.692836
batch 8150/12592 loss=-16.971992
batch 8200/12592 loss=-13.885065
batch 8250/12592 loss=-20.507107
batch 8300/12592 loss=-13.374162
batch 8350/12592 loss=-6.251728
batch 8400/12592 loss=-3.202863
batch 8450/12592 loss=-26.550814
batch 8500/12592 loss=-16.821945
batch 8550/12592 loss=-13.628218
batch 8600/12592 loss=-25.674835
batch 8650/12592 loss=-8.656304
batch 8700/12592 loss=-14.157985
batch 8750/12592 loss=-4.712420
batch 8800/12592 loss=-14.821426
batch 8850/12592 loss=-18.069029
batch 8900/12592 loss=-21.017536
batch 8950/12592 loss=-14.122773
batch 9000/12592 loss=-17.340336
batch 9050/12592 loss=-7.030171
batch 9100/12592 loss=-10.362651
batch 9150/12592 loss=-7.735185
batch 9200/12592 loss=-11.495065
batch 9250/12592 loss=-15.145617
batch 9300/12592 loss=-7.475728
batch 9350/12592 loss=-22.571194
batch 9400/12592 loss=-9.767014
batch 9450/12592 loss=-23.788906
batch 9500/12592 loss=-10.175437
batch 9550/12592 loss=-14.714294
batch 9600/12592 loss=-15.498172
batch 9650/12592 loss=-16.145988
batch 9700/12592 loss=-15.217030
batch 9750/12592 loss=-18.836048
batch 9800/12592 loss=-17.810654
batch 9850/12592 loss=-13.435661
batch 9900/12592 loss=-7.746353
batch 9950/12592 loss=-5.441740
batch 10000/12592 loss=-8.006493
batch 10050/12592 loss=-18.133987
batch 10100/12592 loss=-22.850788
batch 10150/12592 loss=-12.148249
batch 10200/12592 loss=-13.126722
batch 10250/12592 loss=-16.577417
batch 10300/12592 loss=-11.035278
batch 10350/12592 loss=-18.792389
batch 10400/12592 loss=-21.559673
batch 10450/12592 loss=-8.067565
batch 10500/12592 loss=-11.663339
batch 10550/12592 loss=-7.433362
batch 10600/12592 loss=-12.469606
batch 10650/12592 loss=-7.921746
batch 10700/12592 loss=-19.116634
batch 10750/12592 loss=-14.899792
batch 10800/12592 loss=-13.090431
batch 10850/12592 loss=-13.904256
batch 10900/12592 loss=-13.257812
batch 10950/12592 loss=-14.825020
batch 11000/12592 loss=-20.195618
batch 11050/12592 loss=-18.356333
batch 11100/12592 loss=-8.709242
batch 11150/12592 loss=-15.830789
batch 11200/12592 loss=-14.257367
batch 11250/12592 loss=-18.020164
batch 11300/12592 loss=-22.126144
batch 11350/12592 loss=-8.689093
batch 11400/12592 loss=-17.290812
batch 11450/12592 loss=-9.901779
batch 11500/12592 loss=-20.467087
batch 11550/12592 loss=-12.212895
batch 11600/12592 loss=-21.380936
batch 11650/12592 loss=-7.936443
batch 11700/12592 loss=-19.652121
batch 11750/12592 loss=-13.203504
batch 11800/12592 loss=-13.605536
batch 11850/12592 loss=-9.154791
batch 11900/12592 loss=-23.277672
batch 11950/12592 loss=-14.884747
batch 12000/12592 loss=-18.683498
batch 12050/12592 loss=-18.234818
batch 12100/12592 loss=-18.615963
batch 12150/12592 loss=-13.625497
batch 12200/12592 loss=-22.773464
batch 12250/12592 loss=-11.608486
batch 12300/12592 loss=-15.391556
batch 12350/12592 loss=-15.134256
batch 12400/12592 loss=-16.575108
batch 12450/12592 loss=-19.791698
batch 12500/12592 loss=-17.545984
batch 12550/12592 loss=-6.278611
epoch=46 train_loss=-13.798274 val_loss=-14.818399 minADE=0.714321 minFDE=0.831335 best=-19.057267 patience=24/50
batch 0/12592 loss=-7.880484
batch 50/12592 loss=-16.334728
batch 100/12592 loss=-9.482210
batch 150/12592 loss=-17.610580
batch 200/12592 loss=-15.304688
batch 250/12592 loss=-7.401439
batch 300/12592 loss=-20.032673
batch 350/12592 loss=-15.202734
batch 400/12592 loss=-10.090519
batch 450/12592 loss=-15.809395
batch 500/12592 loss=-18.679798
batch 550/12592 loss=-10.513696
batch 600/12592 loss=-22.095015
batch 650/12592 loss=-12.763810
batch 700/12592 loss=-10.389786
batch 750/12592 loss=-9.486673
batch 800/12592 loss=-17.478409
batch 850/12592 loss=-13.116326
batch 900/12592 loss=-14.735365
batch 950/12592 loss=-1.736397
batch 1000/12592 loss=-21.727606
batch 1050/12592 loss=-22.525120
batch 1100/12592 loss=-9.366769
batch 1150/12592 loss=-14.797812
batch 1200/12592 loss=-14.543905
batch 1250/12592 loss=-11.605995
batch 1300/12592 loss=-15.601499
batch 1350/12592 loss=-20.458916
batch 1400/12592 loss=0.552679
batch 1450/12592 loss=0.734760
batch 1500/12592 loss=-17.145054
batch 1550/12592 loss=-14.721213
batch 1600/12592 loss=-13.111528
batch 1650/12592 loss=-20.912495
batch 1700/12592 loss=-19.437363
batch 1750/12592 loss=-15.097134
batch 1800/12592 loss=-11.523600
batch 1850/12592 loss=-11.910669
batch 1900/12592 loss=-6.691809
batch 1950/12592 loss=-12.178679
batch 2000/12592 loss=-10.934385
batch 2050/12592 loss=-16.118383
batch 2100/12592 loss=-18.462219
batch 2150/12592 loss=-11.393126
batch 2200/12592 loss=-23.756737
batch 2250/12592 loss=-23.047684
batch 2300/12592 loss=-13.016399
batch 2350/12592 loss=-16.649178
batch 2400/12592 loss=-13.433521
batch 2450/12592 loss=-18.233622
batch 2500/12592 loss=-9.589419
batch 2550/12592 loss=-9.255573
batch 2600/12592 loss=-11.723895
batch 2650/12592 loss=-14.063803
batch 2700/12592 loss=-15.316666
batch 2750/12592 loss=-21.700947
batch 2800/12592 loss=-18.306889
batch 2850/12592 loss=-8.077865
batch 2900/12592 loss=-25.191807
batch 2950/12592 loss=-11.287854
batch 3000/12592 loss=-15.289993
batch 3050/12592 loss=-10.881796
batch 3100/12592 loss=-8.242834
batch 3150/12592 loss=-15.029005
batch 3200/12592 loss=-24.891905
batch 3250/12592 loss=-11.694859
batch 3300/12592 loss=-12.167227
batch 3350/12592 loss=-3.592955
batch 3400/12592 loss=-13.412879
batch 3450/12592 loss=-15.744003
batch 3500/12592 loss=-10.852091
batch 3550/12592 loss=-12.013975
batch 3600/12592 loss=-13.333389
batch 3650/12592 loss=-16.939976
batch 3700/12592 loss=-15.331762
batch 3750/12592 loss=-17.398609
batch 3800/12592 loss=-20.231800
batch 3850/12592 loss=-1.105091
batch 3900/12592 loss=-9.644443
batch 3950/12592 loss=-13.748856
batch 4000/12592 loss=-9.761050
batch 4050/12592 loss=-17.753864
batch 4100/12592 loss=-18.589369
batch 4150/12592 loss=-12.633664
batch 4200/12592 loss=-14.178343
batch 4250/12592 loss=-11.152781
batch 4300/12592 loss=-22.703226
batch 4350/12592 loss=-11.868616
batch 4400/12592 loss=-8.259345
batch 4450/12592 loss=-23.167336
batch 4500/12592 loss=-22.616922
batch 4550/12592 loss=-12.905066
batch 4600/12592 loss=-10.328615
batch 4650/12592 loss=-26.361507
batch 4700/12592 loss=-20.690636
batch 4750/12592 loss=-6.586822
batch 4800/12592 loss=-15.828219
batch 4850/12592 loss=-21.422932
batch 4900/12592 loss=-8.571692
batch 4950/12592 loss=-19.363947
batch 5000/12592 loss=-9.974473
batch 5050/12592 loss=-11.090090
batch 5100/12592 loss=-6.898849
batch 5150/12592 loss=-14.227682
batch 5200/12592 loss=-18.837416
batch 5250/12592 loss=-7.969388
batch 5300/12592 loss=-16.452347
batch 5350/12592 loss=-12.154002
batch 5400/12592 loss=-18.255211
batch 5450/12592 loss=-15.517977
batch 5500/12592 loss=-26.167934
batch 5550/12592 loss=-4.191169
batch 5600/12592 loss=-20.453928
batch 5650/12592 loss=-22.267849
batch 5700/12592 loss=-13.207301
batch 5750/12592 loss=-7.777599
batch 5800/12592 loss=-9.979790
batch 5850/12592 loss=-15.874634
batch 5900/12592 loss=-13.780861
batch 5950/12592 loss=-10.828844
batch 6000/12592 loss=-13.619337
batch 6050/12592 loss=-18.024120
batch 6100/12592 loss=-18.889297
batch 6150/12592 loss=-20.297001
batch 6200/12592 loss=-16.543983
batch 6250/12592 loss=-17.730579
batch 6300/12592 loss=8.787703
batch 6350/12592 loss=-13.217329
batch 6400/12592 loss=-10.775347
batch 6450/12592 loss=-5.546005
batch 6500/12592 loss=-14.031460
batch 6550/12592 loss=-10.680822
batch 6600/12592 loss=-18.153473
batch 6650/12592 loss=-15.074534
batch 6700/12592 loss=-11.340914
batch 6750/12592 loss=-21.171795
batch 6800/12592 loss=-18.726227
batch 6850/12592 loss=-9.237686
batch 6900/12592 loss=-8.628414
batch 6950/12592 loss=-9.205387
batch 7000/12592 loss=-19.251661
batch 7050/12592 loss=-17.888533
batch 7100/12592 loss=-11.831104
batch 7150/12592 loss=-15.853611
batch 7200/12592 loss=-14.487734
batch 7250/12592 loss=-12.396732
batch 7300/12592 loss=-9.066616
batch 7350/12592 loss=-19.855642
batch 7400/12592 loss=-20.162426
batch 7450/12592 loss=-18.448456
batch 7500/12592 loss=-18.469765
batch 7550/12592 loss=-14.037835
batch 7600/12592 loss=-23.280422
batch 7650/12592 loss=-9.913004
batch 7700/12592 loss=-12.088671
batch 7750/12592 loss=-10.623319
batch 7800/12592 loss=-14.670058
batch 7850/12592 loss=-13.261416
batch 7900/12592 loss=-13.156437
batch 7950/12592 loss=-13.451830
batch 8000/12592 loss=-20.845703
batch 8050/12592 loss=-5.397522
batch 8100/12592 loss=-8.793013
batch 8150/12592 loss=-19.079515
batch 8200/12592 loss=-5.555859
batch 8250/12592 loss=-21.373531
batch 8300/12592 loss=-18.616644
batch 8350/12592 loss=-19.078758
batch 8400/12592 loss=-21.010139
batch 8450/12592 loss=-14.001795
batch 8500/12592 loss=-10.080419
batch 8550/12592 loss=-16.309870
batch 8600/12592 loss=-10.922819
batch 8650/12592 loss=-15.382635
batch 8700/12592 loss=-5.831224
batch 8750/12592 loss=-13.895546
batch 8800/12592 loss=-12.535695
batch 8850/12592 loss=-7.083883
batch 8900/12592 loss=-15.840954
batch 8950/12592 loss=-19.707832
batch 9000/12592 loss=-10.796337
batch 9050/12592 loss=-7.860634
batch 9100/12592 loss=-7.995924
batch 9150/12592 loss=-14.051691
batch 9200/12592 loss=-18.612139
batch 9250/12592 loss=-6.404035
batch 9300/12592 loss=-3.452276
batch 9350/12592 loss=-11.523982
batch 9400/12592 loss=-16.105764
batch 9450/12592 loss=-20.910252
batch 9500/12592 loss=-20.251553
batch 9550/12592 loss=-16.247183
batch 9600/12592 loss=-15.656377
batch 9650/12592 loss=-9.881027
batch 9700/12592 loss=-14.201098
batch 9750/12592 loss=-13.055140
batch 9800/12592 loss=-10.119223
batch 9850/12592 loss=-17.759396
batch 9900/12592 loss=-18.055767
batch 9950/12592 loss=-24.540031
batch 10000/12592 loss=-17.344074
batch 10050/12592 loss=-10.836129
batch 10100/12592 loss=-12.665146
batch 10150/12592 loss=-21.984165
batch 10200/12592 loss=-20.758877
batch 10250/12592 loss=-6.171340
batch 10300/12592 loss=-17.359016
batch 10350/12592 loss=-12.426981
batch 10400/12592 loss=-21.484880
batch 10450/12592 loss=-19.215818
batch 10500/12592 loss=-12.591352
batch 10550/12592 loss=-6.502140
batch 10600/12592 loss=-15.548754
batch 10650/12592 loss=-18.209610
batch 10700/12592 loss=-21.373484
batch 10750/12592 loss=-15.983138
batch 10800/12592 loss=-24.294950
batch 10850/12592 loss=-15.567190
batch 10900/12592 loss=-14.434565
batch 10950/12592 loss=-14.332344
batch 11000/12592 loss=-12.152843
batch 11050/12592 loss=-15.493554
batch 11100/12592 loss=-16.678785
batch 11150/12592 loss=-8.685495
batch 11200/12592 loss=-19.160713
batch 11250/12592 loss=-11.270749
batch 11300/12592 loss=-11.732960
batch 11350/12592 loss=-7.479322
batch 11400/12592 loss=-10.698931
batch 11450/12592 loss=-7.558141
batch 11500/12592 loss=-11.306035
batch 11550/12592 loss=-15.388426
batch 11600/12592 loss=-23.453947
batch 11650/12592 loss=-19.362438
batch 11700/12592 loss=-18.008377
batch 11750/12592 loss=-18.911507
batch 11800/12592 loss=-20.083199
batch 11850/12592 loss=-17.598816
batch 11900/12592 loss=-13.681476
batch 11950/12592 loss=-15.266237
batch 12000/12592 loss=-13.821745
batch 12050/12592 loss=-18.678596
batch 12100/12592 loss=-11.759130
batch 12150/12592 loss=-14.191558
batch 12200/12592 loss=-2.793916
batch 12250/12592 loss=-7.804955
batch 12300/12592 loss=-17.915775
batch 12350/12592 loss=-10.936281
batch 12400/12592 loss=-18.337990
batch 12450/12592 loss=-8.016096
batch 12500/12592 loss=-12.401052
batch 12550/12592 loss=-16.138605
epoch=47 train_loss=-13.511809 val_loss=-15.086954 minADE=0.746109 minFDE=0.880130 best=-19.057267 patience=25/50
batch 0/12592 loss=-15.513175
batch 50/12592 loss=-17.250822
batch 100/12592 loss=-10.122576
batch 150/12592 loss=-10.855906
batch 200/12592 loss=-7.677780
batch 250/12592 loss=-16.819239
batch 300/12592 loss=-19.299313
batch 350/12592 loss=-23.304281
batch 400/12592 loss=-15.706320
batch 450/12592 loss=-12.967752
batch 500/12592 loss=-16.708981
batch 550/12592 loss=-10.315372
batch 600/12592 loss=-18.108727
batch 650/12592 loss=-12.616722
batch 700/12592 loss=-23.249825
batch 750/12592 loss=-17.249454
batch 800/12592 loss=-9.623851
batch 850/12592 loss=-19.031162
batch 900/12592 loss=-13.014509
batch 950/12592 loss=-17.250278
batch 1000/12592 loss=-9.905801
batch 1050/12592 loss=-2.485899
batch 1100/12592 loss=-12.943159
batch 1150/12592 loss=-18.164597
batch 1200/12592 loss=-20.344925
batch 1250/12592 loss=-6.610886
batch 1300/12592 loss=-16.675222
batch 1350/12592 loss=-20.080006
batch 1400/12592 loss=-7.935382
batch 1450/12592 loss=-15.246176
batch 1500/12592 loss=-7.810119
batch 1550/12592 loss=-21.871275
batch 1600/12592 loss=-23.778769
batch 1650/12592 loss=-20.823595
batch 1700/12592 loss=-21.373158
batch 1750/12592 loss=-6.186907
batch 1800/12592 loss=-18.548605
batch 1850/12592 loss=-11.566895
batch 1900/12592 loss=-12.634344
batch 1950/12592 loss=-10.013917
batch 2000/12592 loss=-2.438172
batch 2050/12592 loss=-9.961420
batch 2100/12592 loss=-12.804804
batch 2150/12592 loss=-19.013332
batch 2200/12592 loss=-19.228485
batch 2250/12592 loss=-16.042076
batch 2300/12592 loss=-21.710669
batch 2350/12592 loss=-16.528025
batch 2400/12592 loss=-21.832027
batch 2450/12592 loss=3.072923
batch 2500/12592 loss=-18.430649
batch 2550/12592 loss=-14.213870
batch 2600/12592 loss=-10.445590
batch 2650/12592 loss=-19.118618
batch 2700/12592 loss=-12.356809
batch 2750/12592 loss=-8.477345
batch 2800/12592 loss=-18.018549
batch 2850/12592 loss=-12.814524
batch 2900/12592 loss=-23.017836
batch 2950/12592 loss=-24.361031
batch 3000/12592 loss=-6.459730
batch 3050/12592 loss=-17.188606
batch 3100/12592 loss=-15.928751
batch 3150/12592 loss=-5.079242
batch 3200/12592 loss=-18.232403
batch 3250/12592 loss=-15.986910
batch 3300/12592 loss=-14.600154
batch 3350/12592 loss=-2.366120
batch 3400/12592 loss=-11.971303
batch 3450/12592 loss=-15.586794
batch 3500/12592 loss=-16.382740
batch 3550/12592 loss=-12.198798
batch 3600/12592 loss=-18.348270
batch 3650/12592 loss=-20.390903
batch 3700/12592 loss=-16.426811
batch 3750/12592 loss=-14.845282
batch 3800/12592 loss=-9.224410
batch 3850/12592 loss=-16.121597
batch 3900/12592 loss=-16.260336
batch 3950/12592 loss=-14.263255
batch 4000/12592 loss=-17.300446
batch 4050/12592 loss=-17.508076
batch 4100/12592 loss=-12.109785
batch 4150/12592 loss=-19.546389
batch 4200/12592 loss=-19.286968
batch 4250/12592 loss=-20.825249
batch 4300/12592 loss=-22.446308
batch 4350/12592 loss=-20.673981
batch 4400/12592 loss=-0.207994
batch 4450/12592 loss=-8.713306
batch 4500/12592 loss=-15.520411
batch 4550/12592 loss=-15.626253
batch 4600/12592 loss=-20.587151
batch 4650/12592 loss=-20.819050
batch 4700/12592 loss=-3.316053
batch 4750/12592 loss=-17.833658
batch 4800/12592 loss=-11.569401
batch 4850/12592 loss=-8.856158
batch 4900/12592 loss=-26.008846
batch 4950/12592 loss=-14.432009
batch 5000/12592 loss=-10.306405
batch 5050/12592 loss=-12.452625
batch 5100/12592 loss=-19.414400
batch 5150/12592 loss=-16.005062
batch 5200/12592 loss=-21.951992
batch 5250/12592 loss=-19.756409
batch 5300/12592 loss=-15.589288
batch 5350/12592 loss=-15.640598
batch 5400/12592 loss=-9.872795
batch 5450/12592 loss=-8.992571
batch 5500/12592 loss=-18.443151
batch 5550/12592 loss=-14.978103
batch 5600/12592 loss=-7.899979
batch 5650/12592 loss=-14.900173
batch 5700/12592 loss=-19.277615
batch 5750/12592 loss=-11.557693
batch 5800/12592 loss=-19.261457
batch 5850/12592 loss=-12.601752
batch 5900/12592 loss=-9.651451
batch 5950/12592 loss=-19.187073
batch 6000/12592 loss=-18.677597
batch 6050/12592 loss=-18.383839
batch 6100/12592 loss=-17.297066
batch 6150/12592 loss=-9.227056
batch 6200/12592 loss=-17.730473
batch 6250/12592 loss=-19.346794
batch 6300/12592 loss=-10.215001
batch 6350/12592 loss=-16.472105
batch 6400/12592 loss=-3.109756
batch 6450/12592 loss=-11.646100
batch 6500/12592 loss=-15.010114
batch 6550/12592 loss=-15.358149
batch 6600/12592 loss=-21.007656
batch 6650/12592 loss=-29.016449
batch 6700/12592 loss=-18.913202
batch 6750/12592 loss=-16.221287
batch 6800/12592 loss=-11.200542
batch 6850/12592 loss=-25.994205
batch 6900/12592 loss=-19.388157
batch 6950/12592 loss=-10.655675
batch 7000/12592 loss=-3.330618
batch 7050/12592 loss=-9.021839
batch 7100/12592 loss=-16.650160
batch 7150/12592 loss=-15.975235
batch 7200/12592 loss=-13.227588
batch 7250/12592 loss=-13.641073
batch 7300/12592 loss=-21.304825
batch 7350/12592 loss=-24.984606
batch 7400/12592 loss=-7.702724
batch 7450/12592 loss=-18.977715
batch 7500/12592 loss=-13.448338
batch 7550/12592 loss=-19.926304
batch 7600/12592 loss=-13.014595
batch 7650/12592 loss=-12.625566
batch 7700/12592 loss=-13.490710
batch 7750/12592 loss=-24.032692
batch 7800/12592 loss=-10.616183
batch 7850/12592 loss=-17.572308
batch 7900/12592 loss=-21.379692
batch 7950/12592 loss=-21.217691
batch 8000/12592 loss=-7.107718
batch 8050/12592 loss=-6.869291
batch 8100/12592 loss=-16.203239
batch 8150/12592 loss=-20.313461
batch 8200/12592 loss=-17.591272
batch 8250/12592 loss=-15.347759
batch 8300/12592 loss=-11.320450
batch 8350/12592 loss=-17.569618
batch 8400/12592 loss=-9.627985
batch 8450/12592 loss=-13.359327
batch 8500/12592 loss=-10.993271
batch 8550/12592 loss=-17.620375
batch 8600/12592 loss=-18.689655
batch 8650/12592 loss=-7.843589
batch 8700/12592 loss=-21.508663
batch 8750/12592 loss=-17.188053
batch 8800/12592 loss=-17.370098
batch 8850/12592 loss=-13.023423
batch 8900/12592 loss=-16.830521
batch 8950/12592 loss=-18.970295
batch 9000/12592 loss=-8.767518
batch 9050/12592 loss=-23.400640
batch 9100/12592 loss=-19.428112
batch 9150/12592 loss=-25.540367
batch 9200/12592 loss=-15.516250
batch 9250/12592 loss=-11.273726
batch 9300/12592 loss=-3.272251
batch 9350/12592 loss=-16.324055
batch 9400/12592 loss=-19.679596
batch 9450/12592 loss=-18.254805
batch 9500/12592 loss=-11.295849
batch 9550/12592 loss=-17.618210
batch 9600/12592 loss=-10.244478
batch 9650/12592 loss=-14.432106
batch 9700/12592 loss=-17.083279
batch 9750/12592 loss=-23.319546
batch 9800/12592 loss=-12.294465
batch 9850/12592 loss=-19.437372
batch 9900/12592 loss=-20.489965
batch 9950/12592 loss=-11.493597
batch 10000/12592 loss=-16.371723
batch 10050/12592 loss=-14.996797
batch 10100/12592 loss=-23.675285
batch 10150/12592 loss=-20.022808
batch 10200/12592 loss=-16.924606
batch 10250/12592 loss=-9.968204
batch 10300/12592 loss=-16.251307
batch 10350/12592 loss=-16.704714
batch 10400/12592 loss=-15.269142
batch 10450/12592 loss=-12.785363
batch 10500/12592 loss=-14.405451
batch 10550/12592 loss=-18.458927
batch 10600/12592 loss=-21.025911
batch 10650/12592 loss=-12.500711
batch 10700/12592 loss=-10.726587
batch 10750/12592 loss=-14.735155
batch 10800/12592 loss=-11.156889
batch 10850/12592 loss=-14.807102
batch 10900/12592 loss=-16.537270
batch 10950/12592 loss=-14.891647
batch 11000/12592 loss=-7.729755
batch 11050/12592 loss=-13.130783
batch 11100/12592 loss=-20.118732
batch 11150/12592 loss=-14.263845
batch 11200/12592 loss=-7.934951
batch 11250/12592 loss=-14.556390
batch 11300/12592 loss=-13.710773
batch 11350/12592 loss=-12.677706
batch 11400/12592 loss=-6.390090
batch 11450/12592 loss=-15.614071
batch 11500/12592 loss=-8.998152
batch 11550/12592 loss=-16.381866
batch 11600/12592 loss=-21.486025
batch 11650/12592 loss=-14.033207
batch 11700/12592 loss=-20.825073
batch 11750/12592 loss=-8.941370
batch 11800/12592 loss=-9.823702
batch 11850/12592 loss=-18.481356
batch 11900/12592 loss=-13.463286
batch 11950/12592 loss=-20.967258
batch 12000/12592 loss=-5.719527
batch 12050/12592 loss=-13.691466
batch 12100/12592 loss=-9.123777
batch 12150/12592 loss=-5.848805
batch 12200/12592 loss=-18.611290
batch 12250/12592 loss=-17.667301
batch 12300/12592 loss=-17.048717
batch 12350/12592 loss=-10.269593
batch 12400/12592 loss=-12.684183
batch 12450/12592 loss=-9.617750
batch 12500/12592 loss=-16.863173
batch 12550/12592 loss=-16.733372
epoch=48 train_loss=-13.743277 val_loss=-11.068943 minADE=0.698849 minFDE=0.825110 best=-19.057267 patience=26/50
batch 0/12592 loss=-10.837925
batch 50/12592 loss=-15.640280
batch 100/12592 loss=-13.314608
batch 150/12592 loss=-11.896514
batch 200/12592 loss=-6.705025
batch 250/12592 loss=-15.541560
batch 300/12592 loss=-20.461702
batch 350/12592 loss=-16.542175
batch 400/12592 loss=-17.507603
batch 450/12592 loss=-8.717041
batch 500/12592 loss=-8.295588
batch 550/12592 loss=-16.064842
batch 600/12592 loss=-22.672686
batch 650/12592 loss=-17.254274
batch 700/12592 loss=-13.331640
batch 750/12592 loss=-16.374969
batch 800/12592 loss=-15.555863
batch 850/12592 loss=-15.090519
batch 900/12592 loss=0.469300
batch 950/12592 loss=-10.177739
batch 1000/12592 loss=-15.174471
batch 1050/12592 loss=-13.739182
batch 1100/12592 loss=-19.724861
batch 1150/12592 loss=-14.777136
batch 1200/12592 loss=-24.918371
batch 1250/12592 loss=-14.468384
batch 1300/12592 loss=-16.301283
batch 1350/12592 loss=-11.414258
batch 1400/12592 loss=-13.369877
batch 1450/12592 loss=-9.969284
batch 1500/12592 loss=-14.975248
batch 1550/12592 loss=-15.330122
batch 1600/12592 loss=-14.373954
batch 1650/12592 loss=-6.082212
batch 1700/12592 loss=-3.870013
batch 1750/12592 loss=-18.950809
batch 1800/12592 loss=-12.042093
batch 1850/12592 loss=-7.695889
batch 1900/12592 loss=-10.068260
batch 1950/12592 loss=-10.504681
batch 2000/12592 loss=-12.009155
batch 2050/12592 loss=-12.811098
batch 2100/12592 loss=-20.382366
batch 2150/12592 loss=-0.809539
batch 2200/12592 loss=-15.452951
batch 2250/12592 loss=-14.885452
batch 2300/12592 loss=3.619629
batch 2350/12592 loss=-23.320997
batch 2400/12592 loss=-10.064129
batch 2450/12592 loss=-20.598114
batch 2500/12592 loss=-8.321641
batch 2550/12592 loss=-10.989693
batch 2600/12592 loss=-12.348967
batch 2650/12592 loss=-17.821953
batch 2700/12592 loss=-16.457521
batch 2750/12592 loss=-22.288136
batch 2800/12592 loss=-14.112076
batch 2850/12592 loss=-15.317250
batch 2900/12592 loss=-17.507189
batch 2950/12592 loss=-11.749237
batch 3000/12592 loss=-17.184040
batch 3050/12592 loss=-9.929535
batch 3100/12592 loss=-22.453180
batch 3150/12592 loss=-11.239060
batch 3200/12592 loss=-22.260098
batch 3250/12592 loss=-22.804613
batch 3300/12592 loss=-18.572062
batch 3350/12592 loss=-18.316338
batch 3400/12592 loss=-6.230425
batch 3450/12592 loss=-10.739481
batch 3500/12592 loss=-12.809443
batch 3550/12592 loss=-16.919186
batch 3600/12592 loss=-12.981459
batch 3650/12592 loss=-14.247517
batch 3700/12592 loss=-26.848560
batch 3750/12592 loss=-13.261447
batch 3800/12592 loss=-10.712177
batch 3850/12592 loss=-15.037262
batch 3900/12592 loss=-12.614264
batch 3950/12592 loss=-3.597765
batch 4000/12592 loss=-11.501249
batch 4050/12592 loss=-9.599684
batch 4100/12592 loss=-17.014730
batch 4150/12592 loss=-13.899478
batch 4200/12592 loss=-15.230799
batch 4250/12592 loss=-22.938370
batch 4300/12592 loss=-18.473789
batch 4350/12592 loss=-9.944489
batch 4400/12592 loss=-11.135387
batch 4450/12592 loss=-15.260336
batch 4500/12592 loss=-12.361055
batch 4550/12592 loss=-11.928040
batch 4600/12592 loss=-15.710473
batch 4650/12592 loss=-14.382950
batch 4700/12592 loss=-9.662163
batch 4750/12592 loss=-7.508885
batch 4800/12592 loss=-14.259274
batch 4850/12592 loss=-21.302212
batch 4900/12592 loss=-19.633724
batch 4950/12592 loss=-9.054908
batch 5000/12592 loss=-17.439640
batch 5050/12592 loss=-6.346521
batch 5100/12592 loss=-18.122299
batch 5150/12592 loss=-10.677197
batch 5200/12592 loss=-16.933815
batch 5250/12592 loss=-18.335852
batch 5300/12592 loss=-9.805615
batch 5350/12592 loss=-10.680159
batch 5400/12592 loss=-23.809578
batch 5450/12592 loss=-2.890946
batch 5500/12592 loss=-8.544128
batch 5550/12592 loss=-12.219227
batch 5600/12592 loss=-20.214561
batch 5650/12592 loss=-18.142578
batch 5700/12592 loss=-20.646515
batch 5750/12592 loss=-20.986628
batch 5800/12592 loss=-12.687678
batch 5850/12592 loss=-17.012825
batch 5900/12592 loss=-16.989164
batch 5950/12592 loss=-10.204601
batch 6000/12592 loss=-11.209160
batch 6050/12592 loss=-17.330534
batch 6100/12592 loss=-17.072357
batch 6150/12592 loss=-12.196325
batch 6200/12592 loss=-11.557354
batch 6250/12592 loss=-15.590237
batch 6300/12592 loss=-18.142162
batch 6350/12592 loss=-16.954670
batch 6400/12592 loss=-4.679300
batch 6450/12592 loss=-24.091986
batch 6500/12592 loss=-8.506594
batch 6550/12592 loss=-16.498993
batch 6600/12592 loss=-10.261069
batch 6650/12592 loss=-5.676069
batch 6700/12592 loss=-17.604792
batch 6750/12592 loss=-10.788847
batch 6800/12592 loss=-20.093502
batch 6850/12592 loss=-7.730456
batch 6900/12592 loss=-11.025537
batch 6950/12592 loss=-17.764009
batch 7000/12592 loss=-29.166628
batch 7050/12592 loss=-7.118127
batch 7100/12592 loss=-6.883681
batch 7150/12592 loss=-12.791533
batch 7200/12592 loss=-25.293297
batch 7250/12592 loss=-11.934143
batch 7300/12592 loss=-4.237726
batch 7350/12592 loss=-15.536276
batch 7400/12592 loss=-9.220112
batch 7450/12592 loss=-4.334668
batch 7500/12592 loss=-18.867069
batch 7550/12592 loss=-19.207134
batch 7600/12592 loss=-6.401876
batch 7650/12592 loss=-6.854026
batch 7700/12592 loss=-14.538509
batch 7750/12592 loss=-11.719532
batch 7800/12592 loss=-15.260202
batch 7850/12592 loss=-13.209478
batch 7900/12592 loss=-13.815022
batch 7950/12592 loss=-13.612503
batch 8000/12592 loss=-20.613186
batch 8050/12592 loss=-15.999479
batch 8100/12592 loss=-17.142071
batch 8150/12592 loss=-13.358521
batch 8200/12592 loss=-12.679585
batch 8250/12592 loss=-12.276024
batch 8300/12592 loss=-20.255960
batch 8350/12592 loss=-11.353859
batch 8400/12592 loss=-13.998634
batch 8450/12592 loss=-16.505764
batch 8500/12592 loss=-15.722591
batch 8550/12592 loss=-9.713843
batch 8600/12592 loss=-15.844006
batch 8650/12592 loss=-13.304209
batch 8700/12592 loss=-18.530331
batch 8750/12592 loss=-13.082085
batch 8800/12592 loss=-12.984279
batch 8850/12592 loss=-19.068314
batch 8900/12592 loss=-16.088585
batch 8950/12592 loss=-5.578260
batch 9000/12592 loss=-23.504086
batch 9050/12592 loss=-13.137614
batch 9100/12592 loss=-13.295930
batch 9150/12592 loss=-13.179682
batch 9200/12592 loss=-11.530919
batch 9250/12592 loss=-12.646212
batch 9300/12592 loss=-9.700541
batch 9350/12592 loss=-16.805496
batch 9400/12592 loss=-15.431108
batch 9450/12592 loss=-13.847210
batch 9500/12592 loss=-7.066674
batch 9550/12592 loss=-16.000130
batch 9600/12592 loss=-22.542549
batch 9650/12592 loss=-13.288992
batch 9700/12592 loss=-9.973819
batch 9750/12592 loss=-19.055567
batch 9800/12592 loss=-15.986457
batch 9850/12592 loss=-9.637296
batch 9900/12592 loss=-20.287476
batch 9950/12592 loss=-17.034451
batch 10000/12592 loss=-9.822813
batch 10050/12592 loss=-12.842264
batch 10100/12592 loss=-16.925529
batch 10150/12592 loss=-12.188020
batch 10200/12592 loss=-8.330107
batch 10250/12592 loss=-21.889038
batch 10300/12592 loss=-20.431976
batch 10350/12592 loss=-25.265778
batch 10400/12592 loss=-14.070327
batch 10450/12592 loss=-16.820507
batch 10500/12592 loss=-18.477961
batch 10550/12592 loss=-11.919402
batch 10600/12592 loss=-1.067317
batch 10650/12592 loss=-5.092011
batch 10700/12592 loss=-12.246794
batch 10750/12592 loss=-13.252675
batch 10800/12592 loss=-14.860667
batch 10850/12592 loss=-7.909760
batch 10900/12592 loss=-15.326681
batch 10950/12592 loss=-11.721977
batch 11000/12592 loss=-8.019011
batch 11050/12592 loss=-12.020255
batch 11100/12592 loss=-3.119199
batch 11150/12592 loss=-15.512212
batch 11200/12592 loss=-20.471035
batch 11250/12592 loss=-15.881314
batch 11300/12592 loss=-7.251016
batch 11350/12592 loss=-5.512019
batch 11400/12592 loss=-15.475931
batch 11450/12592 loss=-7.545578
batch 11500/12592 loss=-9.937780
batch 11550/12592 loss=-18.612497
batch 11600/12592 loss=-9.788399
batch 11650/12592 loss=-13.837749
batch 11700/12592 loss=-23.415764
batch 11750/12592 loss=-15.098664
batch 11800/12592 loss=-19.080002
batch 11850/12592 loss=-15.953247
batch 11900/12592 loss=-11.164968
batch 11950/12592 loss=-16.998848
batch 12000/12592 loss=-20.233831
batch 12050/12592 loss=-19.047800
batch 12100/12592 loss=-13.829236
batch 12150/12592 loss=-7.980671
batch 12200/12592 loss=-9.940359
batch 12250/12592 loss=-14.716746
batch 12300/12592 loss=-19.684593
batch 12350/12592 loss=-13.743144
batch 12400/12592 loss=-13.278625
batch 12450/12592 loss=-13.907556
batch 12500/12592 loss=-8.865108
batch 12550/12592 loss=-24.007168
epoch=49 train_loss=-13.221725 val_loss=-13.575051 minADE=0.694457 minFDE=0.822041 best=-19.057267 patience=27/50
batch 0/12592 loss=-14.801548
batch 50/12592 loss=-17.096088
batch 100/12592 loss=-19.474754
batch 150/12592 loss=-21.731213
batch 200/12592 loss=-20.615335
batch 250/12592 loss=-20.107334
batch 300/12592 loss=-10.997737
batch 350/12592 loss=-10.531814
batch 400/12592 loss=-17.080811
batch 450/12592 loss=-14.319696
batch 500/12592 loss=-14.280800
batch 550/12592 loss=-20.584806
batch 600/12592 loss=-18.063366
batch 650/12592 loss=-11.557343
batch 700/12592 loss=-10.370524
batch 750/12592 loss=-11.778136
batch 800/12592 loss=-8.536682
batch 850/12592 loss=-12.646417
batch 900/12592 loss=-22.248825
batch 950/12592 loss=-10.247089
batch 1000/12592 loss=-10.972090
batch 1050/12592 loss=-5.747815
batch 1100/12592 loss=-8.415981
batch 1150/12592 loss=-8.290603
batch 1200/12592 loss=-13.025776
batch 1250/12592 loss=-17.310909
batch 1300/12592 loss=-15.125941
batch 1350/12592 loss=-14.516975
batch 1400/12592 loss=-20.558474
batch 1450/12592 loss=-17.042171
batch 1500/12592 loss=-9.624670
batch 1550/12592 loss=-20.432539
batch 1600/12592 loss=-18.233543
batch 1650/12592 loss=-14.069225
batch 1700/12592 loss=-16.758141
batch 1750/12592 loss=-19.438816
batch 1800/12592 loss=-5.350047
batch 1850/12592 loss=-14.664806
batch 1900/12592 loss=-17.453362
batch 1950/12592 loss=-14.799598
batch 2000/12592 loss=-8.273768
batch 2050/12592 loss=-12.418189
batch 2100/12592 loss=-22.174002
batch 2150/12592 loss=-18.446327
batch 2200/12592 loss=-18.363567
batch 2250/12592 loss=-12.267111
batch 2300/12592 loss=-24.191023
batch 2350/12592 loss=-4.736075
batch 2400/12592 loss=-8.203157
batch 2450/12592 loss=-9.660643
batch 2500/12592 loss=-18.451450
batch 2550/12592 loss=-14.253788
batch 2600/12592 loss=-9.629007
batch 2650/12592 loss=-24.441454
batch 2700/12592 loss=-6.675036
batch 2750/12592 loss=-20.116753
batch 2800/12592 loss=-7.905478
batch 2850/12592 loss=-27.007854
batch 2900/12592 loss=-5.758772
batch 2950/12592 loss=-6.888127
batch 3000/12592 loss=-20.542355
batch 3050/12592 loss=-10.723137
batch 3100/12592 loss=-15.617722
batch 3150/12592 loss=-20.169415
batch 3200/12592 loss=-13.078011
batch 3250/12592 loss=-17.831266
batch 3300/12592 loss=-7.930448
batch 3350/12592 loss=-20.959442
batch 3400/12592 loss=-16.000431
batch 3450/12592 loss=-17.614614
batch 3500/12592 loss=-9.552469
batch 3550/12592 loss=-4.194263
batch 3600/12592 loss=-14.769712
batch 3650/12592 loss=-6.464882
batch 3700/12592 loss=-8.478559
batch 3750/12592 loss=-22.242477
batch 3800/12592 loss=-14.105778
batch 3850/12592 loss=-10.974672
batch 3900/12592 loss=-14.674451
batch 3950/12592 loss=-11.766844
batch 4000/12592 loss=-16.537624
batch 4050/12592 loss=-16.371243
batch 4100/12592 loss=-11.451202
batch 4150/12592 loss=-15.202749
batch 4200/12592 loss=-15.924723
batch 4250/12592 loss=-22.647705
batch 4300/12592 loss=-14.659349
batch 4350/12592 loss=-18.412754
batch 4400/12592 loss=-15.337212
batch 4450/12592 loss=-16.907999
batch 4500/12592 loss=-7.453119
batch 4550/12592 loss=-18.956745
batch 4600/12592 loss=-17.076565
batch 4650/12592 loss=-19.615040
batch 4700/12592 loss=-7.281021
batch 4750/12592 loss=-18.737253
batch 4800/12592 loss=-14.121403
batch 4850/12592 loss=-14.543736
batch 4900/12592 loss=-22.035238
batch 4950/12592 loss=-4.916436
batch 5000/12592 loss=-4.549462
batch 5050/12592 loss=-21.559551
batch 5100/12592 loss=-13.153681
batch 5150/12592 loss=-5.362725
batch 5200/12592 loss=-7.840225
batch 5250/12592 loss=-18.654991
batch 5300/12592 loss=-15.061640
batch 5350/12592 loss=-14.165932
batch 5400/12592 loss=-17.574047
batch 5450/12592 loss=-14.507729
batch 5500/12592 loss=-18.142756
batch 5550/12592 loss=-10.046232
batch 5600/12592 loss=-12.588531
batch 5650/12592 loss=-17.286776
batch 5700/12592 loss=-11.847659
batch 5750/12592 loss=-5.577417
batch 5800/12592 loss=-16.706114
batch 5850/12592 loss=-20.677662
batch 5900/12592 loss=-23.255703
batch 5950/12592 loss=-11.488224
batch 6000/12592 loss=-8.409143
batch 6050/12592 loss=-14.089278
batch 6100/12592 loss=-23.594440
batch 6150/12592 loss=-8.416458
batch 6200/12592 loss=-15.535209
batch 6250/12592 loss=-10.889332
batch 6300/12592 loss=-7.969510
batch 6350/12592 loss=-14.099022
batch 6400/12592 loss=-15.417875
batch 6450/12592 loss=-20.374470
batch 6500/12592 loss=-16.969215
batch 6550/12592 loss=-9.621692
batch 6600/12592 loss=-16.512932
batch 6650/12592 loss=-21.100470
batch 6700/12592 loss=-14.883924
batch 6750/12592 loss=-22.865841
batch 6800/12592 loss=-11.262384
batch 6850/12592 loss=-24.299080
batch 6900/12592 loss=-11.998412
batch 6950/12592 loss=-0.360875
batch 7000/12592 loss=-15.366710
batch 7050/12592 loss=-24.406984
batch 7100/12592 loss=-15.671000
batch 7150/12592 loss=-7.708650
batch 7200/12592 loss=-15.121789
batch 7250/12592 loss=-15.554620
batch 7300/12592 loss=-20.790127
batch 7350/12592 loss=-13.341083
batch 7400/12592 loss=-15.799579
batch 7450/12592 loss=-21.010672
batch 7500/12592 loss=-14.994780
batch 7550/12592 loss=-19.406065
batch 7600/12592 loss=-12.293882
batch 7650/12592 loss=-23.196068
batch 7700/12592 loss=-18.708500
batch 7750/12592 loss=-12.139852
batch 7800/12592 loss=-17.839729
batch 7850/12592 loss=-13.310028
batch 7900/12592 loss=-16.071732
batch 7950/12592 loss=-22.677788
batch 8000/12592 loss=-16.656925
batch 8050/12592 loss=0.754681
batch 8100/12592 loss=-17.158764
batch 8150/12592 loss=-12.400835
batch 8200/12592 loss=-18.104542
batch 8250/12592 loss=-17.426010
batch 8300/12592 loss=-17.647795
batch 8350/12592 loss=-11.785798
batch 8400/12592 loss=-19.433910
batch 8450/12592 loss=-16.030205
batch 8500/12592 loss=-8.243077
batch 8550/12592 loss=-16.984718
batch 8600/12592 loss=-14.523727
batch 8650/12592 loss=-15.152229
batch 8700/12592 loss=-5.981718
batch 8750/12592 loss=-17.051048
batch 8800/12592 loss=-14.135399
batch 8850/12592 loss=-5.710416
batch 8900/12592 loss=-18.822464
batch 8950/12592 loss=-8.901203
batch 9000/12592 loss=-17.911804
batch 9050/12592 loss=-10.013531
batch 9100/12592 loss=-15.838350
batch 9150/12592 loss=-18.661911
batch 9200/12592 loss=-21.941809
batch 9250/12592 loss=-16.100349
batch 9300/12592 loss=-23.491482
batch 9350/12592 loss=-12.772829
batch 9400/12592 loss=-17.331747
batch 9450/12592 loss=-16.079752
batch 9500/12592 loss=-13.234048
batch 9550/12592 loss=-18.917339
batch 9600/12592 loss=-1.549536
batch 9650/12592 loss=-10.137291
batch 9700/12592 loss=-13.400867
batch 9750/12592 loss=-15.732208
batch 9800/12592 loss=-15.315550
batch 9850/12592 loss=-13.608095
batch 9900/12592 loss=-18.895691
batch 9950/12592 loss=-16.387390
batch 10000/12592 loss=-3.720744
batch 10050/12592 loss=-11.472487
batch 10100/12592 loss=-18.763214
batch 10150/12592 loss=-14.098800
batch 10200/12592 loss=-4.365186
batch 10250/12592 loss=-12.323821
batch 10300/12592 loss=-14.096367
batch 10350/12592 loss=-18.622900
batch 10400/12592 loss=-6.087720
batch 10450/12592 loss=-17.533737
batch 10500/12592 loss=-16.417521
batch 10550/12592 loss=-17.947466
batch 10600/12592 loss=-11.191284
batch 10650/12592 loss=-14.255429
batch 10700/12592 loss=-9.997721
batch 10750/12592 loss=-13.378486
batch 10800/12592 loss=-2.070786
batch 10850/12592 loss=-10.536369
batch 10900/12592 loss=-12.111456
batch 10950/12592 loss=-18.552675
batch 11000/12592 loss=-22.932392
batch 11050/12592 loss=-9.766426
batch 11100/12592 loss=-19.572315
batch 11150/12592 loss=-9.468675
batch 11200/12592 loss=-21.186768
batch 11250/12592 loss=-17.312061
batch 11300/12592 loss=-17.786570
batch 11350/12592 loss=-13.748620
batch 11400/12592 loss=-6.983321
batch 11450/12592 loss=-18.645357
batch 11500/12592 loss=-16.729027
batch 11550/12592 loss=-18.651531
batch 11600/12592 loss=-5.408790
batch 11650/12592 loss=-10.252295
batch 11700/12592 loss=-15.976897
batch 11750/12592 loss=-22.026024
batch 11800/12592 loss=-19.124041
batch 11850/12592 loss=-17.258202
batch 11900/12592 loss=-23.364529
batch 11950/12592 loss=-19.780886
batch 12000/12592 loss=-14.691538
batch 12050/12592 loss=-14.406845
batch 12100/12592 loss=-17.411158
batch 12150/12592 loss=-3.014676
batch 12200/12592 loss=-4.760196
batch 12250/12592 loss=-17.548328
batch 12300/12592 loss=-14.252296
batch 12350/12592 loss=-11.827049
batch 12400/12592 loss=-9.479071
batch 12450/12592 loss=-8.251710
batch 12500/12592 loss=-8.463293
batch 12550/12592 loss=-8.535362
epoch=50 train_loss=-13.697231 val_loss=-8.928119 minADE=0.769890 minFDE=0.909260 best=-19.057267 patience=28/50
batch 0/12592 loss=-12.219958
batch 50/12592 loss=-1.963689
batch 100/12592 loss=-16.696228
batch 150/12592 loss=-16.667391
batch 200/12592 loss=-17.681849
batch 250/12592 loss=-9.442368
batch 300/12592 loss=-18.267731
batch 350/12592 loss=0.763191
batch 400/12592 loss=-13.894336
batch 450/12592 loss=-18.555836
batch 500/12592 loss=-22.967281
batch 550/12592 loss=-29.745737
batch 600/12592 loss=-7.961772
batch 650/12592 loss=-17.561762
batch 700/12592 loss=-18.596951
batch 750/12592 loss=-14.534208
batch 800/12592 loss=-10.875160
batch 850/12592 loss=-1.731753
batch 900/12592 loss=-15.605392
batch 950/12592 loss=-8.969755
batch 1000/12592 loss=-16.843163
batch 1050/12592 loss=-10.013834
batch 1100/12592 loss=-13.056779
batch 1150/12592 loss=-3.797894
batch 1200/12592 loss=-17.999123
batch 1250/12592 loss=-13.079184
batch 1300/12592 loss=-12.424036
batch 1350/12592 loss=-8.323381
batch 1400/12592 loss=-10.010469
batch 1450/12592 loss=-15.157794
batch 1500/12592 loss=-12.095088
batch 1550/12592 loss=-17.029308
batch 1600/12592 loss=-18.326490
batch 1650/12592 loss=-15.421825
batch 1700/12592 loss=-26.486019
batch 1750/12592 loss=-11.123003
batch 1800/12592 loss=-14.935410
batch 1850/12592 loss=-18.137920
batch 1900/12592 loss=-10.246298
batch 1950/12592 loss=-9.365079
batch 2000/12592 loss=-12.096981
batch 2050/12592 loss=-9.945976
batch 2100/12592 loss=-10.832664
batch 2150/12592 loss=-18.113773
batch 2200/12592 loss=-18.228664
batch 2250/12592 loss=-18.244478
batch 2300/12592 loss=-20.657183
batch 2350/12592 loss=-11.328150
batch 2400/12592 loss=-4.059422
batch 2450/12592 loss=-21.279728
batch 2500/12592 loss=-17.831110
batch 2550/12592 loss=-18.051891
batch 2600/12592 loss=-20.440193
batch 2650/12592 loss=-7.597807
batch 2700/12592 loss=-10.991159
batch 2750/12592 loss=-6.579294
batch 2800/12592 loss=-14.861987
batch 2850/12592 loss=-20.128479
batch 2900/12592 loss=-11.243911
batch 2950/12592 loss=-9.865493
batch 3000/12592 loss=-17.812160
batch 3050/12592 loss=-16.850426
batch 3100/12592 loss=-14.089817
batch 3150/12592 loss=-17.312365
batch 3200/12592 loss=-14.343885
batch 3250/12592 loss=-9.710626
batch 3300/12592 loss=-12.380693
batch 3350/12592 loss=-13.653501
batch 3400/12592 loss=-7.951637
batch 3450/12592 loss=-6.967335
batch 3500/12592 loss=-8.219887
batch 3550/12592 loss=126.273056
batch 3600/12592 loss=-19.943867
batch 3650/12592 loss=-12.992592
batch 3700/12592 loss=-7.662299
batch 3750/12592 loss=-22.412754
batch 3800/12592 loss=-12.802994
batch 3850/12592 loss=-13.370789
batch 3900/12592 loss=-17.657097
batch 3950/12592 loss=-7.026441
batch 4000/12592 loss=-18.337193
batch 4050/12592 loss=-8.445868
batch 4100/12592 loss=-18.292019
batch 4150/12592 loss=-10.257534
batch 4200/12592 loss=-15.949158
batch 4250/12592 loss=-22.967182
batch 4300/12592 loss=-16.607067
batch 4350/12592 loss=-16.702389
batch 4400/12592 loss=-2.985378
batch 4450/12592 loss=-12.302657
batch 4500/12592 loss=-21.904903
batch 4550/12592 loss=-13.018438
batch 4600/12592 loss=-21.034740
batch 4650/12592 loss=-19.257721
batch 4700/12592 loss=-16.742121
batch 4750/12592 loss=-7.009143
batch 4800/12592 loss=-13.654492
batch 4850/12592 loss=-20.427872
batch 4900/12592 loss=-19.340975
batch 4950/12592 loss=-15.263254
batch 5000/12592 loss=-18.321587
batch 5050/12592 loss=-14.535343
batch 5100/12592 loss=-9.102072
batch 5150/12592 loss=-17.340187
batch 5200/12592 loss=2.064277
batch 5250/12592 loss=-5.482507
batch 5300/12592 loss=-18.922842
batch 5350/12592 loss=-8.931480
batch 5400/12592 loss=-21.756977
batch 5450/12592 loss=-19.346252
batch 5500/12592 loss=-15.615036
batch 5550/12592 loss=-16.195856
batch 5600/12592 loss=-23.302525
batch 5650/12592 loss=1.155457
batch 5700/12592 loss=-19.048428
batch 5750/12592 loss=-20.342690
batch 5800/12592 loss=-13.955189
batch 5850/12592 loss=-18.563461
batch 5900/12592 loss=-23.142597
batch 5950/12592 loss=-11.439293
batch 6000/12592 loss=-15.394465
batch 6050/12592 loss=-10.404796
batch 6100/12592 loss=-15.292572
batch 6150/12592 loss=-19.036388
batch 6200/12592 loss=-22.085932
batch 6250/12592 loss=-11.499910
batch 6300/12592 loss=-22.653374
batch 6350/12592 loss=-12.870134
batch 6400/12592 loss=-13.785515
batch 6450/12592 loss=-16.719120
batch 6500/12592 loss=-11.068863
batch 6550/12592 loss=-17.221785
batch 6600/12592 loss=-19.571365
batch 6650/12592 loss=-14.172342
batch 6700/12592 loss=-13.305302
batch 6750/12592 loss=-24.804186
batch 6800/12592 loss=-9.761768
batch 6850/12592 loss=-14.307757
batch 6900/12592 loss=-12.327966
batch 6950/12592 loss=-13.133276
batch 7000/12592 loss=-1.490621
batch 7050/12592 loss=-17.166729
batch 7100/12592 loss=-14.687621
batch 7150/12592 loss=-21.177811
batch 7200/12592 loss=-17.092392
batch 7250/12592 loss=-13.757180
batch 7300/12592 loss=-10.098391
batch 7350/12592 loss=-17.705866
batch 7400/12592 loss=-24.737711
batch 7450/12592 loss=-19.673813
batch 7500/12592 loss=-17.382034
batch 7550/12592 loss=-10.755746
batch 7600/12592 loss=-13.683315
batch 7650/12592 loss=-11.003980
batch 7700/12592 loss=-16.088776
batch 7750/12592 loss=-13.865469
batch 7800/12592 loss=-17.404053
batch 7850/12592 loss=-21.729504
batch 7900/12592 loss=-25.910421
batch 7950/12592 loss=-20.622463
batch 8000/12592 loss=-4.237090
batch 8050/12592 loss=-23.228878
batch 8100/12592 loss=-20.288090
batch 8150/12592 loss=-15.380381
batch 8200/12592 loss=-12.176041
batch 8250/12592 loss=-18.389175
batch 8300/12592 loss=-12.379089
batch 8350/12592 loss=-15.759115
batch 8400/12592 loss=-4.511140
batch 8450/12592 loss=-13.822562
batch 8500/12592 loss=-19.763577
batch 8550/12592 loss=-12.141609
batch 8600/12592 loss=-21.805302
batch 8650/12592 loss=-22.278030
batch 8700/12592 loss=-9.904634
batch 8750/12592 loss=-19.525425
batch 8800/12592 loss=-17.287378
batch 8850/12592 loss=-16.165251
batch 8900/12592 loss=-20.152771
batch 8950/12592 loss=-5.252491
batch 9000/12592 loss=-14.331154
batch 9050/12592 loss=-20.518372
batch 9100/12592 loss=-17.198139
batch 9150/12592 loss=-4.827131
batch 9200/12592 loss=-24.643085
batch 9250/12592 loss=-11.918403
batch 9300/12592 loss=1.568412
batch 9350/12592 loss=-13.146029
batch 9400/12592 loss=-14.702007
batch 9450/12592 loss=-14.958267
batch 9500/12592 loss=-19.960306
batch 9550/12592 loss=-13.286280
batch 9600/12592 loss=-17.636671
batch 9650/12592 loss=-11.919647
batch 9700/12592 loss=-9.872057
batch 9750/12592 loss=-16.620399
batch 9800/12592 loss=-10.733404
batch 9850/12592 loss=-20.796013
batch 9900/12592 loss=-20.655500
batch 9950/12592 loss=-9.960352
batch 10000/12592 loss=-12.075909
batch 10050/12592 loss=-13.731197
batch 10100/12592 loss=-15.803530
batch 10150/12592 loss=-21.519421
batch 10200/12592 loss=-18.702379
batch 10250/12592 loss=-17.837387
batch 10300/12592 loss=-17.599581
batch 10350/12592 loss=-7.645020
batch 10400/12592 loss=-2.631985
batch 10450/12592 loss=-10.070601
batch 10500/12592 loss=-12.995365
batch 10550/12592 loss=-11.011070
batch 10600/12592 loss=-19.691010
batch 10650/12592 loss=-28.732384
batch 10700/12592 loss=-18.416645
batch 10750/12592 loss=-17.316622
batch 10800/12592 loss=-11.443536
batch 10850/12592 loss=-12.811686
batch 10900/12592 loss=-12.372879
batch 10950/12592 loss=-7.459244
batch 11000/12592 loss=-20.549725
batch 11050/12592 loss=-14.879072
batch 11100/12592 loss=-16.826178
batch 11150/12592 loss=-22.226250
batch 11200/12592 loss=-7.692780
batch 11250/12592 loss=-11.609901
batch 11300/12592 loss=-11.562046
batch 11350/12592 loss=-12.935650
batch 11400/12592 loss=-13.736097
batch 11450/12592 loss=-22.196354
batch 11500/12592 loss=-18.468311
batch 11550/12592 loss=-7.399280
batch 11600/12592 loss=-10.538518
batch 11650/12592 loss=-21.606163
batch 11700/12592 loss=-3.461483
batch 11750/12592 loss=-12.254431
batch 11800/12592 loss=-15.790028
batch 11850/12592 loss=-17.520287
batch 11900/12592 loss=-16.280199
batch 11950/12592 loss=-15.193069
batch 12000/12592 loss=-15.818047
batch 12050/12592 loss=-14.586706
batch 12100/12592 loss=-17.959927
batch 12150/12592 loss=-14.565290
batch 12200/12592 loss=-15.319635
batch 12250/12592 loss=-21.503689
batch 12300/12592 loss=-7.050679
batch 12350/12592 loss=-15.511738
batch 12400/12592 loss=-10.955276
batch 12450/12592 loss=-19.018461
batch 12500/12592 loss=-14.441778
batch 12550/12592 loss=-13.037919
epoch=51 train_loss=-13.750966 val_loss=-11.644452 minADE=0.734435 minFDE=0.855501 best=-19.057267 patience=29/50
batch 0/12592 loss=-11.957718
batch 50/12592 loss=-9.172647
batch 100/12592 loss=-21.240438
batch 150/12592 loss=-18.962751
batch 200/12592 loss=-20.586983
batch 250/12592 loss=-11.955931
batch 300/12592 loss=-16.607283
batch 350/12592 loss=-14.155545
batch 400/12592 loss=-11.724270
batch 450/12592 loss=-20.846252
batch 500/12592 loss=-20.502541
batch 550/12592 loss=-14.584372
batch 600/12592 loss=-8.291132
batch 650/12592 loss=-21.715353
batch 700/12592 loss=-9.858952
batch 750/12592 loss=-14.205965
batch 800/12592 loss=-8.885766
batch 850/12592 loss=-15.102696
batch 900/12592 loss=-20.469713
batch 950/12592 loss=-10.553329
batch 1000/12592 loss=-19.235249
batch 1050/12592 loss=-17.388832
batch 1100/12592 loss=-12.128615
batch 1150/12592 loss=-9.173822
batch 1200/12592 loss=-17.950979
batch 1250/12592 loss=-18.643066
batch 1300/12592 loss=-12.918653
batch 1350/12592 loss=-20.725384
batch 1400/12592 loss=-9.776138
batch 1450/12592 loss=-14.897684
batch 1500/12592 loss=-15.518805
batch 1550/12592 loss=-11.354361
batch 1600/12592 loss=-10.050751
batch 1650/12592 loss=-10.738173
batch 1700/12592 loss=-16.863293
batch 1750/12592 loss=-19.343201
batch 1800/12592 loss=-20.902256
batch 1850/12592 loss=-12.425623
batch 1900/12592 loss=-8.127375
batch 1950/12592 loss=-16.427052
batch 2000/12592 loss=-15.844487
batch 2050/12592 loss=-17.756529
batch 2100/12592 loss=-13.668899
batch 2150/12592 loss=-13.746727
batch 2200/12592 loss=-11.049768
batch 2250/12592 loss=-23.513226
batch 2300/12592 loss=-15.439040
batch 2350/12592 loss=-18.832525
batch 2400/12592 loss=-9.367419
batch 2450/12592 loss=-16.871490
batch 2500/12592 loss=-18.110340
batch 2550/12592 loss=-16.535942
batch 2600/12592 loss=-11.058664
batch 2650/12592 loss=-9.849638
batch 2700/12592 loss=-19.617527
batch 2750/12592 loss=-8.257761
batch 2800/12592 loss=-22.689007
batch 2850/12592 loss=-12.877392
batch 2900/12592 loss=-21.745401
batch 2950/12592 loss=-9.504478
batch 3000/12592 loss=-14.445984
batch 3050/12592 loss=-15.010018
batch 3100/12592 loss=-15.561176
batch 3150/12592 loss=-16.753695
batch 3200/12592 loss=-20.163334
batch 3250/12592 loss=-13.992584
batch 3300/12592 loss=-14.273127
batch 3350/12592 loss=-8.787018
batch 3400/12592 loss=-17.168425
batch 3450/12592 loss=-7.869304
batch 3500/12592 loss=-16.200226
batch 3550/12592 loss=-13.443269
batch 3600/12592 loss=-6.176833
batch 3650/12592 loss=-16.761333
batch 3700/12592 loss=-12.940774
batch 3750/12592 loss=-18.630230
batch 3800/12592 loss=-18.040749
batch 3850/12592 loss=-13.294680
batch 3900/12592 loss=-17.525042
batch 3950/12592 loss=-19.711739
batch 4000/12592 loss=-7.552919
batch 4050/12592 loss=-14.320404
batch 4100/12592 loss=-11.584074
batch 4150/12592 loss=-17.194897
batch 4200/12592 loss=-6.914580
batch 4250/12592 loss=-18.786079
batch 4300/12592 loss=-15.639949
batch 4350/12592 loss=-11.525888
batch 4400/12592 loss=-9.042680
batch 4450/12592 loss=-13.571106
batch 4500/12592 loss=-13.966383
batch 4550/12592 loss=-12.502747
batch 4600/12592 loss=-16.945078
batch 4650/12592 loss=-11.640563
batch 4700/12592 loss=-9.305891
batch 4750/12592 loss=-26.381477
batch 4800/12592 loss=-20.028702
batch 4850/12592 loss=-27.883131
batch 4900/12592 loss=-14.404814
batch 4950/12592 loss=-22.706686
batch 5000/12592 loss=-12.137228
batch 5050/12592 loss=-22.981615
batch 5100/12592 loss=-26.720238
batch 5150/12592 loss=-13.665964
batch 5200/12592 loss=-11.132904
batch 5250/12592 loss=-20.674078
batch 5300/12592 loss=-13.010325
batch 5350/12592 loss=-11.964047
batch 5400/12592 loss=-13.341732
batch 5450/12592 loss=-19.130474
batch 5500/12592 loss=-8.256780
batch 5550/12592 loss=-24.146690
batch 5600/12592 loss=-7.350874
batch 5650/12592 loss=-3.026607
batch 5700/12592 loss=-9.664275
batch 5750/12592 loss=-3.036096
batch 5800/12592 loss=-8.023384
batch 5850/12592 loss=-23.562092
batch 5900/12592 loss=-22.511314
batch 5950/12592 loss=0.220561
batch 6000/12592 loss=-10.976629
batch 6050/12592 loss=-18.530807
batch 6100/12592 loss=-16.844879
batch 6150/12592 loss=-6.641290
batch 6200/12592 loss=-17.761192
batch 6250/12592 loss=-15.215734
batch 6300/12592 loss=-14.179221
batch 6350/12592 loss=-13.432064
batch 6400/12592 loss=-11.850068
batch 6450/12592 loss=-14.965387
batch 6500/12592 loss=-16.392225
batch 6550/12592 loss=-14.737637
batch 6600/12592 loss=-6.974540
batch 6650/12592 loss=-14.150768
batch 6700/12592 loss=-6.452421
batch 6750/12592 loss=-13.079682
batch 6800/12592 loss=-8.260713
batch 6850/12592 loss=-10.425776
batch 6900/12592 loss=-8.308627
batch 6950/12592 loss=-17.533047
batch 7000/12592 loss=-9.041752
batch 7050/12592 loss=-16.192799
batch 7100/12592 loss=-14.939402
batch 7150/12592 loss=-16.295059
batch 7200/12592 loss=-8.534760
batch 7250/12592 loss=-10.772158
batch 7300/12592 loss=-21.467718
batch 7350/12592 loss=-10.078231
batch 7400/12592 loss=-27.204086
batch 7450/12592 loss=-14.288279
batch 7500/12592 loss=-11.374243
batch 7550/12592 loss=-24.749321
batch 7600/12592 loss=-20.209919
batch 7650/12592 loss=-15.003206
batch 7700/12592 loss=-22.257141
batch 7750/12592 loss=-20.642132
batch 7800/12592 loss=-22.034744
batch 7850/12592 loss=-9.379849
batch 7900/12592 loss=-6.283179
batch 7950/12592 loss=-9.535144
batch 8000/12592 loss=-11.788361
batch 8050/12592 loss=-17.397614
batch 8100/12592 loss=-10.631661
batch 8150/12592 loss=-15.593925
batch 8200/12592 loss=-11.864798
batch 8250/12592 loss=-7.947495
batch 8300/12592 loss=-19.972836
batch 8350/12592 loss=-19.285578
batch 8400/12592 loss=-9.219589
batch 8450/12592 loss=-12.038109
batch 8500/12592 loss=-22.406818
batch 8550/12592 loss=-14.647040
batch 8600/12592 loss=-20.360554
batch 8650/12592 loss=-6.083628
batch 8700/12592 loss=-15.368479
batch 8750/12592 loss=-18.914467
batch 8800/12592 loss=-5.008038
batch 8850/12592 loss=-16.431608
batch 8900/12592 loss=-15.988507
batch 8950/12592 loss=-27.883121
batch 9000/12592 loss=-10.961069
batch 9050/12592 loss=-25.296440
batch 9100/12592 loss=-21.895666
batch 9150/12592 loss=-6.107993
batch 9200/12592 loss=-6.473846
batch 9250/12592 loss=-9.407016
batch 9300/12592 loss=-15.289995
batch 9350/12592 loss=-18.334059
batch 9400/12592 loss=-4.473338
batch 9450/12592 loss=-4.563569
batch 9500/12592 loss=-14.981063
batch 9550/12592 loss=-12.061732
batch 9600/12592 loss=-17.436840
batch 9650/12592 loss=-15.147572
batch 9700/12592 loss=-13.923990
batch 9750/12592 loss=-17.668961
batch 9800/12592 loss=-22.385525
batch 9850/12592 loss=-14.997725
batch 9900/12592 loss=-15.573710
batch 9950/12592 loss=-14.822141
batch 10000/12592 loss=-10.939178
batch 10050/12592 loss=-19.367525
batch 10100/12592 loss=-25.563101
batch 10150/12592 loss=-12.451868
batch 10200/12592 loss=-16.493183
batch 10250/12592 loss=-11.923460
batch 10300/12592 loss=-25.442617
batch 10350/12592 loss=-16.544804
batch 10400/12592 loss=-8.880533
batch 10450/12592 loss=-6.332415
batch 10500/12592 loss=-21.388744
batch 10550/12592 loss=-11.937487
batch 10600/12592 loss=-18.826237
batch 10650/12592 loss=-15.077478
batch 10700/12592 loss=-15.097878
batch 10750/12592 loss=-7.293092
batch 10800/12592 loss=-10.341076
batch 10850/12592 loss=-11.010687
batch 10900/12592 loss=-7.949958
batch 10950/12592 loss=-10.523674
batch 11000/12592 loss=-19.354708
batch 11050/12592 loss=-11.293600
batch 11100/12592 loss=-14.681812
batch 11150/12592 loss=-8.103029
batch 11200/12592 loss=-22.691242
batch 11250/12592 loss=-16.548817
batch 11300/12592 loss=-8.288348
batch 11350/12592 loss=-17.296160
batch 11400/12592 loss=-16.491661
batch 11450/12592 loss=-6.016225
batch 11500/12592 loss=-11.794052
batch 11550/12592 loss=-19.133524
batch 11600/12592 loss=-14.295032
batch 11650/12592 loss=-9.575274
batch 11700/12592 loss=-11.740183
batch 11750/12592 loss=-25.429335
batch 11800/12592 loss=-17.895729
batch 11850/12592 loss=-23.347555
batch 11900/12592 loss=-12.171118
batch 11950/12592 loss=-2.192883
batch 12000/12592 loss=-11.742201
batch 12050/12592 loss=-22.514412
batch 12100/12592 loss=-13.718074
batch 12150/12592 loss=-14.170946
batch 12200/12592 loss=-13.620132
batch 12250/12592 loss=-14.797197
batch 12300/12592 loss=-17.948841
batch 12350/12592 loss=-15.415681
batch 12400/12592 loss=-17.021427
batch 12450/12592 loss=-12.586874
batch 12500/12592 loss=-11.650835
batch 12550/12592 loss=-8.068961
epoch=52 train_loss=-14.068744 val_loss=-16.433177 minADE=0.712435 minFDE=0.837055 best=-19.057267 patience=30/50
batch 0/12592 loss=-20.777056
batch 50/12592 loss=-14.460472
batch 100/12592 loss=-16.536757
batch 150/12592 loss=-21.783371
batch 200/12592 loss=-15.167580
batch 250/12592 loss=-4.972175
batch 300/12592 loss=-20.104162
batch 350/12592 loss=-12.033373
batch 400/12592 loss=1.688917
batch 450/12592 loss=-10.119646
batch 500/12592 loss=-16.906572
batch 550/12592 loss=-14.064546
batch 600/12592 loss=-7.930193
batch 650/12592 loss=-20.284048
batch 700/12592 loss=-13.486622
batch 750/12592 loss=-19.032398
batch 800/12592 loss=3.587748
batch 850/12592 loss=-12.488930
batch 900/12592 loss=-3.598174
batch 950/12592 loss=-10.112606
batch 1000/12592 loss=-4.928074
batch 1050/12592 loss=-23.793385
batch 1100/12592 loss=-12.713474
batch 1150/12592 loss=-16.407486
batch 1200/12592 loss=-18.039940
batch 1250/12592 loss=-22.190529
batch 1300/12592 loss=-10.070943
batch 1350/12592 loss=-16.180079
batch 1400/12592 loss=-5.285795
batch 1450/12592 loss=-8.641376
batch 1500/12592 loss=-16.517208
batch 1550/12592 loss=-9.644756
batch 1600/12592 loss=-18.766117
batch 1650/12592 loss=-7.545420
batch 1700/12592 loss=-10.910730
batch 1750/12592 loss=-16.288382
batch 1800/12592 loss=-19.400202
batch 1850/12592 loss=-24.430527
batch 1900/12592 loss=-7.037976
batch 1950/12592 loss=-13.023461
batch 2000/12592 loss=-19.376122
batch 2050/12592 loss=-7.446025
batch 2100/12592 loss=-11.336939
batch 2150/12592 loss=-22.908970
batch 2200/12592 loss=-16.626595
batch 2250/12592 loss=-10.187513
batch 2300/12592 loss=-9.972254
batch 2350/12592 loss=-17.406202
batch 2400/12592 loss=-9.444927
batch 2450/12592 loss=2.414003
batch 2500/12592 loss=-18.068378
batch 2550/12592 loss=-15.875927
batch 2600/12592 loss=-17.750448
batch 2650/12592 loss=-6.793141
batch 2700/12592 loss=-9.556880
batch 2750/12592 loss=-18.053659
batch 2800/12592 loss=-13.442247
batch 2850/12592 loss=-14.529549
batch 2900/12592 loss=-15.578402
batch 2950/12592 loss=-13.659678
batch 3000/12592 loss=-15.340717
batch 3050/12592 loss=-15.542237
batch 3100/12592 loss=-18.345821
batch 3150/12592 loss=-10.469192
batch 3200/12592 loss=-16.064312
batch 3250/12592 loss=-20.093475
batch 3300/12592 loss=-18.156073
batch 3350/12592 loss=-13.330669
batch 3400/12592 loss=-2.840838
batch 3450/12592 loss=-15.870077
batch 3500/12592 loss=-17.933792
batch 3550/12592 loss=-13.426435
batch 3600/12592 loss=-17.589401
batch 3650/12592 loss=-16.948639
batch 3700/12592 loss=-19.910870
batch 3750/12592 loss=-13.314619
batch 3800/12592 loss=-16.773590
batch 3850/12592 loss=-18.894161
batch 3900/12592 loss=-13.527999
batch 3950/12592 loss=-10.706834
batch 4000/12592 loss=1.581335
batch 4050/12592 loss=-22.993532
batch 4100/12592 loss=-11.829020
batch 4150/12592 loss=-19.586838
batch 4200/12592 loss=-15.414843
batch 4250/12592 loss=-15.914203
batch 4300/12592 loss=-15.085886
batch 4350/12592 loss=-23.130041
batch 4400/12592 loss=-22.592915
batch 4450/12592 loss=-16.188343
batch 4500/12592 loss=-17.782459
batch 4550/12592 loss=-7.474965
batch 4600/12592 loss=-13.463097
batch 4650/12592 loss=-13.408729
batch 4700/12592 loss=-20.602797
batch 4750/12592 loss=-4.558514
batch 4800/12592 loss=-15.525165
batch 4850/12592 loss=-17.081755
batch 4900/12592 loss=-20.708937
batch 4950/12592 loss=-5.525477
batch 5000/12592 loss=-11.570210
batch 5050/12592 loss=-4.549304
batch 5100/12592 loss=-17.332472
batch 5150/12592 loss=-17.863537
batch 5200/12592 loss=-15.869101
batch 5250/12592 loss=-11.255754
batch 5300/12592 loss=-5.684017
batch 5350/12592 loss=-15.134506
batch 5400/12592 loss=-14.520436
batch 5450/12592 loss=-23.701258
batch 5500/12592 loss=-14.110992
batch 5550/12592 loss=-12.108221
batch 5600/12592 loss=-12.047449
batch 5650/12592 loss=-21.528629
batch 5700/12592 loss=-16.296238
batch 5750/12592 loss=-16.539825
batch 5800/12592 loss=-12.402411
batch 5850/12592 loss=-6.865794
batch 5900/12592 loss=-16.463425
batch 5950/12592 loss=-10.767866
batch 6000/12592 loss=-5.674979
batch 6050/12592 loss=-13.799787
batch 6100/12592 loss=-7.489237
batch 6150/12592 loss=-11.116319
batch 6200/12592 loss=-17.182629
batch 6250/12592 loss=-11.180166
batch 6300/12592 loss=-16.054766
batch 6350/12592 loss=-8.042092
batch 6400/12592 loss=-13.178423
batch 6450/12592 loss=-14.095159
batch 6500/12592 loss=-14.750486
batch 6550/12592 loss=-19.304398
batch 6600/12592 loss=-8.214863
batch 6650/12592 loss=-21.570927
batch 6700/12592 loss=-9.907512
batch 6750/12592 loss=-12.194454
batch 6800/12592 loss=-20.801445
batch 6850/12592 loss=-15.562235
batch 6900/12592 loss=-6.957940
batch 6950/12592 loss=-13.642944
batch 7000/12592 loss=-13.442701
batch 7050/12592 loss=-11.906614
batch 7100/12592 loss=-14.897592
batch 7150/12592 loss=-12.698769
batch 7200/12592 loss=-19.213379
batch 7250/12592 loss=-6.663375
batch 7300/12592 loss=-16.624649
batch 7350/12592 loss=-19.287962
batch 7400/12592 loss=-17.159239
batch 7450/12592 loss=-13.930415
batch 7500/12592 loss=-9.499108
batch 7550/12592 loss=-15.258228
batch 7600/12592 loss=-16.577145
batch 7650/12592 loss=-20.445084
batch 7700/12592 loss=-24.086819
batch 7750/12592 loss=-9.660849
batch 7800/12592 loss=-21.669191
batch 7850/12592 loss=-17.869373
batch 7900/12592 loss=-22.117023
batch 7950/12592 loss=-16.183228
batch 8000/12592 loss=-25.391893
batch 8050/12592 loss=-14.565976
batch 8100/12592 loss=-13.573614
batch 8150/12592 loss=-9.012346
batch 8200/12592 loss=-10.582598
batch 8250/12592 loss=-7.212977
batch 8300/12592 loss=-22.315804
batch 8350/12592 loss=-6.339707
batch 8400/12592 loss=-17.098921
batch 8450/12592 loss=-13.342859
batch 8500/12592 loss=-17.606255
batch 8550/12592 loss=-24.127502
batch 8600/12592 loss=-23.008110
batch 8650/12592 loss=-9.379271
batch 8700/12592 loss=-21.962175
batch 8750/12592 loss=-15.806414
batch 8800/12592 loss=-14.512783
batch 8850/12592 loss=-13.073292
batch 8900/12592 loss=-11.093763
batch 8950/12592 loss=-13.478178
batch 9000/12592 loss=-11.665285
batch 9050/12592 loss=-19.038828
batch 9100/12592 loss=-13.917227
batch 9150/12592 loss=-13.765805
batch 9200/12592 loss=-17.550034
batch 9250/12592 loss=-23.623770
batch 9300/12592 loss=-18.305325
batch 9350/12592 loss=-15.233648
batch 9400/12592 loss=-10.783945
batch 9450/12592 loss=-18.870771
batch 9500/12592 loss=-26.017548
batch 9550/12592 loss=-14.409422
batch 9600/12592 loss=-12.596019
batch 9650/12592 loss=-4.635391
batch 9700/12592 loss=-11.009314
batch 9750/12592 loss=-13.818424
batch 9800/12592 loss=-22.282661
batch 9850/12592 loss=-13.228245
batch 9900/12592 loss=-7.817337
batch 9950/12592 loss=-8.976228
batch 10000/12592 loss=-9.705921
batch 10050/12592 loss=-0.217892
batch 10100/12592 loss=-25.298092
batch 10150/12592 loss=-22.407999
batch 10200/12592 loss=-18.291250
batch 10250/12592 loss=-6.751242
batch 10300/12592 loss=-19.189720
batch 10350/12592 loss=-7.391726
batch 10400/12592 loss=-18.691200
batch 10450/12592 loss=-16.982973
batch 10500/12592 loss=-21.611477
batch 10550/12592 loss=-16.695457
batch 10600/12592 loss=-13.207236
batch 10650/12592 loss=-17.159090
batch 10700/12592 loss=-23.781029
batch 10750/12592 loss=-14.046232
batch 10800/12592 loss=-9.031853
batch 10850/12592 loss=-23.211693
batch 10900/12592 loss=-10.544554
batch 10950/12592 loss=-5.872913
batch 11000/12592 loss=-11.581115
batch 11050/12592 loss=-13.719521
batch 11100/12592 loss=-17.350491
batch 11150/12592 loss=-16.926188
batch 11200/12592 loss=-12.670321
batch 11250/12592 loss=-11.557352
batch 11300/12592 loss=-14.814519
batch 11350/12592 loss=-9.684650
batch 11400/12592 loss=-18.186981
batch 11450/12592 loss=-13.730742
batch 11500/12592 loss=-19.693159
batch 11550/12592 loss=-17.555162
batch 11600/12592 loss=-21.320330
batch 11650/12592 loss=-11.041217
batch 11700/12592 loss=-14.305739
batch 11750/12592 loss=-13.689450
batch 11800/12592 loss=-19.877991
batch 11850/12592 loss=-12.830320
batch 11900/12592 loss=-8.107449
batch 11950/12592 loss=-16.356365
batch 12000/12592 loss=-14.838205
batch 12050/12592 loss=-5.632790
batch 12100/12592 loss=-14.956715
batch 12150/12592 loss=-20.248055
batch 12200/12592 loss=-21.174116
batch 12250/12592 loss=-19.189621
batch 12300/12592 loss=-24.891365
batch 12350/12592 loss=-19.622528
batch 12400/12592 loss=-9.564466
batch 12450/12592 loss=-25.371618
batch 12500/12592 loss=-16.024832
batch 12550/12592 loss=-17.527996
epoch=53 train_loss=-13.717358 val_loss=-13.318598 minADE=0.703086 minFDE=0.825778 best=-19.057267 patience=31/50
batch 0/12592 loss=-7.039506
batch 50/12592 loss=-5.306509
batch 100/12592 loss=-10.083174
batch 150/12592 loss=-14.328637
batch 200/12592 loss=-9.493883
batch 250/12592 loss=-16.777138
batch 300/12592 loss=-15.756534
batch 350/12592 loss=-14.486382
batch 400/12592 loss=-17.704382
batch 450/12592 loss=-4.474314
batch 500/12592 loss=-12.241298
batch 550/12592 loss=-16.496487
batch 600/12592 loss=-12.921320
batch 650/12592 loss=-17.074236
batch 700/12592 loss=-14.434992
batch 750/12592 loss=-7.498525
batch 800/12592 loss=-13.136248
batch 850/12592 loss=-9.571730
batch 900/12592 loss=-6.201369
batch 950/12592 loss=-16.532562
batch 1000/12592 loss=-10.493393
batch 1050/12592 loss=-16.481533
batch 1100/12592 loss=-29.146780
batch 1150/12592 loss=-14.919672
batch 1200/12592 loss=-3.445823
batch 1250/12592 loss=-17.557873
batch 1300/12592 loss=-17.294571
batch 1350/12592 loss=-11.103899
batch 1400/12592 loss=-14.308468
batch 1450/12592 loss=-6.896475
batch 1500/12592 loss=-14.088796
batch 1550/12592 loss=-12.230955
batch 1600/12592 loss=-22.198729
batch 1650/12592 loss=-20.976578
batch 1700/12592 loss=-17.470312
batch 1750/12592 loss=-13.991592
batch 1800/12592 loss=-18.762304
batch 1850/12592 loss=-20.721788
batch 1900/12592 loss=-17.441193
batch 1950/12592 loss=-20.726414
batch 2000/12592 loss=-17.243992
batch 2050/12592 loss=-13.232606
batch 2100/12592 loss=-12.812362
batch 2150/12592 loss=-18.555691
batch 2200/12592 loss=-16.168015
batch 2250/12592 loss=-14.527185
batch 2300/12592 loss=-15.791616
batch 2350/12592 loss=-13.792605
batch 2400/12592 loss=-18.302895
batch 2450/12592 loss=-14.759998
batch 2500/12592 loss=-21.407551
batch 2550/12592 loss=-19.651861
batch 2600/12592 loss=-18.594379
batch 2650/12592 loss=-16.228540
batch 2700/12592 loss=-9.157578
batch 2750/12592 loss=-21.459387
batch 2800/12592 loss=-13.116922
batch 2850/12592 loss=-15.119639
batch 2900/12592 loss=-17.313389
batch 2950/12592 loss=-14.995922
batch 3000/12592 loss=-13.902531
batch 3050/12592 loss=-16.995911
batch 3100/12592 loss=-18.342621
batch 3150/12592 loss=-9.053589
batch 3200/12592 loss=-17.993841
batch 3250/12592 loss=-11.250130
batch 3300/12592 loss=-14.593784
batch 3350/12592 loss=-15.049322
batch 3400/12592 loss=-13.099183
batch 3450/12592 loss=-19.936844
batch 3500/12592 loss=-22.685095
batch 3550/12592 loss=-10.528795
batch 3600/12592 loss=-17.349449
batch 3650/12592 loss=-10.325300
batch 3700/12592 loss=-16.988731
batch 3750/12592 loss=-4.648237
batch 3800/12592 loss=-23.827881
batch 3850/12592 loss=-16.638733
batch 3900/12592 loss=-9.215799
batch 3950/12592 loss=-17.525150
batch 4000/12592 loss=-13.033566
batch 4050/12592 loss=-16.046925
batch 4100/12592 loss=-21.265526
batch 4150/12592 loss=-11.725812
batch 4200/12592 loss=-16.725998
batch 4250/12592 loss=-19.481775
batch 4300/12592 loss=-17.070969
batch 4350/12592 loss=-11.670979
batch 4400/12592 loss=-17.151371
batch 4450/12592 loss=-9.715815
batch 4500/12592 loss=-1.310324
batch 4550/12592 loss=-15.058190
batch 4600/12592 loss=-14.021857
batch 4650/12592 loss=-16.662472
batch 4700/12592 loss=-19.953045
batch 4750/12592 loss=-24.942383
batch 4800/12592 loss=-13.206706
batch 4850/12592 loss=-14.838160
batch 4900/12592 loss=-18.846209
batch 4950/12592 loss=-18.444851
batch 5000/12592 loss=-14.858164
batch 5050/12592 loss=-4.096432
batch 5100/12592 loss=-23.487318
batch 5150/12592 loss=-17.753130
batch 5200/12592 loss=-15.850811
batch 5250/12592 loss=-14.570160
batch 5300/12592 loss=-8.621723
batch 5350/12592 loss=-21.722336
batch 5400/12592 loss=-10.062805
batch 5450/12592 loss=-16.479519
batch 5500/12592 loss=-13.589661
batch 5550/12592 loss=-12.270561
batch 5600/12592 loss=-21.675510
batch 5650/12592 loss=-16.450661
batch 5700/12592 loss=-22.098980
batch 5750/12592 loss=-7.386076
batch 5800/12592 loss=-15.955246
batch 5850/12592 loss=-18.055161
batch 5900/12592 loss=-16.783878
batch 5950/12592 loss=-20.969059
batch 6000/12592 loss=-11.680883
batch 6050/12592 loss=-12.539247
batch 6100/12592 loss=-10.966781
batch 6150/12592 loss=-16.745987
batch 6200/12592 loss=-12.792722
batch 6250/12592 loss=-5.605045
batch 6300/12592 loss=-17.806545
batch 6350/12592 loss=-6.430269
batch 6400/12592 loss=-17.038338
batch 6450/12592 loss=-20.533653
batch 6500/12592 loss=-12.455620
batch 6550/12592 loss=-14.593219
batch 6600/12592 loss=-14.167146
batch 6650/12592 loss=-18.741882
batch 6700/12592 loss=-16.833210
batch 6750/12592 loss=-23.365578
batch 6800/12592 loss=-9.926427
batch 6850/12592 loss=-15.912836
batch 6900/12592 loss=-10.654140
batch 6950/12592 loss=-16.077377
batch 7000/12592 loss=-3.822739
batch 7050/12592 loss=-13.342671
batch 7100/12592 loss=-10.176630
batch 7150/12592 loss=-20.255974
batch 7200/12592 loss=-14.273190
batch 7250/12592 loss=-12.690782
batch 7300/12592 loss=-14.476101
batch 7350/12592 loss=-2.906857
batch 7400/12592 loss=-16.333984
batch 7450/12592 loss=-25.509277
batch 7500/12592 loss=-14.950560
batch 7550/12592 loss=-19.977779
batch 7600/12592 loss=-11.243643
batch 7650/12592 loss=-4.981434
batch 7700/12592 loss=-13.220198
batch 7750/12592 loss=-23.627380
batch 7800/12592 loss=-17.805595
batch 7850/12592 loss=-17.051123
batch 7900/12592 loss=-14.122779
batch 7950/12592 loss=-19.141785
batch 8000/12592 loss=-17.224792
batch 8050/12592 loss=-18.016373
batch 8100/12592 loss=-13.314075
batch 8150/12592 loss=-10.535376
batch 8200/12592 loss=-15.363997
batch 8250/12592 loss=-14.587138
batch 8300/12592 loss=-17.090889
batch 8350/12592 loss=-18.629906
batch 8400/12592 loss=-10.192846
batch 8450/12592 loss=-12.303854
batch 8500/12592 loss=-14.098282
batch 8550/12592 loss=-11.918026
batch 8600/12592 loss=-11.739115
batch 8650/12592 loss=-13.224768
batch 8700/12592 loss=-10.880013
batch 8750/12592 loss=-21.864258
batch 8800/12592 loss=-16.171684
batch 8850/12592 loss=-19.932611
batch 8900/12592 loss=-15.817224
batch 8950/12592 loss=-9.660867
batch 9000/12592 loss=-16.991522
batch 9050/12592 loss=-10.919792
batch 9100/12592 loss=-15.075830
batch 9150/12592 loss=-15.682493
batch 9200/12592 loss=-16.020132
batch 9250/12592 loss=-10.084033
batch 9300/12592 loss=-15.091328
batch 9350/12592 loss=-8.590256
batch 9400/12592 loss=-14.804455
batch 9450/12592 loss=-13.668287
batch 9500/12592 loss=-5.718369
batch 9550/12592 loss=-16.014925
batch 9600/12592 loss=-15.592869
batch 9650/12592 loss=-20.150257
batch 9700/12592 loss=-17.223869
batch 9750/12592 loss=-3.808076
batch 9800/12592 loss=-11.664606
batch 9850/12592 loss=-14.746670
batch 9900/12592 loss=-5.332925
batch 9950/12592 loss=-14.281851
batch 10000/12592 loss=-18.355232
batch 10050/12592 loss=-13.192900
batch 10100/12592 loss=-10.837553
batch 10150/12592 loss=-10.287898
batch 10200/12592 loss=-9.287559
batch 10250/12592 loss=-12.060038
batch 10300/12592 loss=-18.618944
batch 10350/12592 loss=-16.340174
batch 10400/12592 loss=-5.423056
batch 10450/12592 loss=-9.897961
batch 10500/12592 loss=-16.559399
batch 10550/12592 loss=-7.935447
batch 10600/12592 loss=-9.742981
batch 10650/12592 loss=-10.036767
batch 10700/12592 loss=-13.339106
batch 10750/12592 loss=-14.870998
batch 10800/12592 loss=-16.115608
batch 10850/12592 loss=-19.590187
batch 10900/12592 loss=-11.437129
batch 10950/12592 loss=-15.942859
batch 11000/12592 loss=-13.789993
batch 11050/12592 loss=-18.483080
batch 11100/12592 loss=-14.168638
batch 11150/12592 loss=-3.659541
batch 11200/12592 loss=-15.902349
batch 11250/12592 loss=-19.508451
batch 11300/12592 loss=-7.623703
batch 11350/12592 loss=-10.419096
batch 11400/12592 loss=-16.389442
batch 11450/12592 loss=-18.740446
batch 11500/12592 loss=-12.465467
batch 11550/12592 loss=-15.116852
batch 11600/12592 loss=-17.749367
batch 11650/12592 loss=-23.271004
batch 11700/12592 loss=-20.252007
batch 11750/12592 loss=-8.525103
batch 11800/12592 loss=-22.750284
batch 11850/12592 loss=-10.421351
batch 11900/12592 loss=-10.958176
batch 11950/12592 loss=-8.520304
batch 12000/12592 loss=-13.431502
batch 12050/12592 loss=-19.862896
batch 12100/12592 loss=-10.980507
batch 12150/12592 loss=-12.668194
batch 12200/12592 loss=-14.050507
batch 12250/12592 loss=-15.089922
batch 12300/12592 loss=-17.887907
batch 12350/12592 loss=-3.196814
batch 12400/12592 loss=-9.442732
batch 12450/12592 loss=-12.203533
batch 12500/12592 loss=-19.392164
batch 12550/12592 loss=-6.299016
epoch=54 train_loss=-14.010551 val_loss=-13.908123 minADE=0.708214 minFDE=0.824221 best=-19.057267 patience=32/50
batch 0/12592 loss=-10.146099
batch 50/12592 loss=-15.371145
batch 100/12592 loss=-15.004583
batch 150/12592 loss=-17.202257
batch 200/12592 loss=-8.512117
batch 250/12592 loss=-17.310272
batch 300/12592 loss=-9.624069
batch 350/12592 loss=-7.862060
batch 400/12592 loss=-16.202553
batch 450/12592 loss=-15.268641
batch 500/12592 loss=-14.344860
batch 550/12592 loss=-14.832609
batch 600/12592 loss=-10.277233
batch 650/12592 loss=-21.015236
batch 700/12592 loss=-17.912075
batch 750/12592 loss=-15.349869
batch 800/12592 loss=-14.269617
batch 850/12592 loss=-2.663465
batch 900/12592 loss=-21.996330
batch 950/12592 loss=-9.528347
batch 1000/12592 loss=-21.413500
batch 1050/12592 loss=-19.415060
batch 1100/12592 loss=-22.548515
batch 1150/12592 loss=-19.925180
batch 1200/12592 loss=-11.564354
batch 1250/12592 loss=-12.405925
batch 1300/12592 loss=-10.192639
batch 1350/12592 loss=-7.530591
batch 1400/12592 loss=-19.245464
batch 1450/12592 loss=-18.259350
batch 1500/12592 loss=-22.426805
batch 1550/12592 loss=-15.478367
batch 1600/12592 loss=-11.170163
batch 1650/12592 loss=-10.985534
batch 1700/12592 loss=-18.390671
batch 1750/12592 loss=-18.648682
batch 1800/12592 loss=-4.073816
batch 1850/12592 loss=-19.245691
batch 1900/12592 loss=-18.212311
batch 1950/12592 loss=-16.603680
batch 2000/12592 loss=-23.347134
batch 2050/12592 loss=-16.477095
batch 2100/12592 loss=-8.575144
batch 2150/12592 loss=-15.462353
batch 2200/12592 loss=-8.215633
batch 2250/12592 loss=-6.403904
batch 2300/12592 loss=-9.099325
batch 2350/12592 loss=-28.296478
batch 2400/12592 loss=-17.351189
batch 2450/12592 loss=0.086095
batch 2500/12592 loss=-3.720273
batch 2550/12592 loss=-16.918108
batch 2600/12592 loss=-15.357822
batch 2650/12592 loss=-20.167543
batch 2700/12592 loss=-10.829330
batch 2750/12592 loss=-27.898046
batch 2800/12592 loss=-17.725637
batch 2850/12592 loss=-16.841776
batch 2900/12592 loss=-13.262587
batch 2950/12592 loss=-18.869900
batch 3000/12592 loss=-17.770618
batch 3050/12592 loss=-17.741760
batch 3100/12592 loss=-19.903460
batch 3150/12592 loss=-9.315409
batch 3200/12592 loss=-6.580399
batch 3250/12592 loss=-5.443761
batch 3300/12592 loss=-17.966204
batch 3350/12592 loss=-13.400890
batch 3400/12592 loss=-15.901366
batch 3450/12592 loss=-30.456223
batch 3500/12592 loss=-12.962420
batch 3550/12592 loss=-20.810865
batch 3600/12592 loss=-7.907706
batch 3650/12592 loss=-14.408234
batch 3700/12592 loss=-18.033253
batch 3750/12592 loss=-16.050508
batch 3800/12592 loss=-16.916161
batch 3850/12592 loss=-14.751873
batch 3900/12592 loss=-18.015949
batch 3950/12592 loss=-14.807383
batch 4000/12592 loss=-20.416569
batch 4050/12592 loss=-7.703830
batch 4100/12592 loss=-6.844704
batch 4150/12592 loss=-17.413719
batch 4200/12592 loss=-15.727340
batch 4250/12592 loss=-8.981050
batch 4300/12592 loss=-20.764938
batch 4350/12592 loss=-11.859531
batch 4400/12592 loss=-23.022745
batch 4450/12592 loss=-15.817159
batch 4500/12592 loss=-20.542072
batch 4550/12592 loss=-2.521568
batch 4600/12592 loss=-7.561757
batch 4650/12592 loss=-9.342695
batch 4700/12592 loss=-7.181263
batch 4750/12592 loss=-10.522768
batch 4800/12592 loss=-13.246530
batch 4850/12592 loss=-12.255780
batch 4900/12592 loss=-18.197050
batch 4950/12592 loss=-14.066860
batch 5000/12592 loss=-16.064198
batch 5050/12592 loss=-11.736787
batch 5100/12592 loss=-10.004219
batch 5150/12592 loss=-13.548076
batch 5200/12592 loss=-12.973841
batch 5250/12592 loss=-23.958923
batch 5300/12592 loss=-15.573145
batch 5350/12592 loss=-17.652094
batch 5400/12592 loss=-16.054384
batch 5450/12592 loss=-9.002942
batch 5500/12592 loss=-16.537996
batch 5550/12592 loss=-18.313393
batch 5600/12592 loss=-16.644459
batch 5650/12592 loss=-14.866474
batch 5700/12592 loss=-12.744802
batch 5750/12592 loss=-23.312363
batch 5800/12592 loss=-4.536180
batch 5850/12592 loss=-20.546867
batch 5900/12592 loss=-20.859169
batch 5950/12592 loss=-19.301105
batch 6000/12592 loss=-11.376986
batch 6050/12592 loss=-18.375921
batch 6100/12592 loss=-17.586361
batch 6150/12592 loss=-14.970453
batch 6200/12592 loss=-11.818080
batch 6250/12592 loss=-10.850389
batch 6300/12592 loss=-19.111816
batch 6350/12592 loss=-21.936117
batch 6400/12592 loss=-16.041882
batch 6450/12592 loss=-11.915730
batch 6500/12592 loss=-15.634909
batch 6550/12592 loss=-12.728188
batch 6600/12592 loss=-1.795693
batch 6650/12592 loss=-15.402876
batch 6700/12592 loss=-24.119896
batch 6750/12592 loss=-14.491956
batch 6800/12592 loss=-14.857707
batch 6850/12592 loss=-14.758184
batch 6900/12592 loss=-21.562616
batch 6950/12592 loss=-16.752031
batch 7000/12592 loss=-12.604492
batch 7050/12592 loss=-13.063371
batch 7100/12592 loss=-12.103907
batch 7150/12592 loss=-13.313015
batch 7200/12592 loss=-14.092115
batch 7250/12592 loss=-11.355477
batch 7300/12592 loss=-22.469177
batch 7350/12592 loss=-8.930622
batch 7400/12592 loss=-17.452045
batch 7450/12592 loss=-16.240683
batch 7500/12592 loss=-16.644413
batch 7550/12592 loss=-14.116434
batch 7600/12592 loss=-20.538227
batch 7650/12592 loss=-12.387023
batch 7700/12592 loss=-12.010516
batch 7750/12592 loss=-8.136962
batch 7800/12592 loss=-15.479213
batch 7850/12592 loss=0.363139
batch 7900/12592 loss=-13.633314
batch 7950/12592 loss=-20.602020
batch 8000/12592 loss=-13.554451
batch 8050/12592 loss=-13.481158
batch 8100/12592 loss=-14.902871
batch 8150/12592 loss=-19.860476
batch 8200/12592 loss=-11.116524
batch 8250/12592 loss=-14.139946
batch 8300/12592 loss=-15.864542
batch 8350/12592 loss=-17.907188
batch 8400/12592 loss=-20.401127
batch 8450/12592 loss=-14.267338
batch 8500/12592 loss=-18.373493
batch 8550/12592 loss=-11.799432
batch 8600/12592 loss=-13.087744
batch 8650/12592 loss=-12.497473
batch 8700/12592 loss=-8.811698
batch 8750/12592 loss=-14.187064
batch 8800/12592 loss=-13.702680
batch 8850/12592 loss=-9.125712
batch 8900/12592 loss=-11.787584
batch 8950/12592 loss=-21.416136
batch 9000/12592 loss=-4.117100
batch 9050/12592 loss=-16.349672
batch 9100/12592 loss=-17.563028
batch 9150/12592 loss=-19.061258
batch 9200/12592 loss=-12.105486
batch 9250/12592 loss=-5.827206
batch 9300/12592 loss=-11.936126
batch 9350/12592 loss=-12.598833
batch 9400/12592 loss=-24.240356
batch 9450/12592 loss=-11.606521
batch 9500/12592 loss=-19.070152
batch 9550/12592 loss=-19.042454
batch 9600/12592 loss=-12.562080
batch 9650/12592 loss=-22.360779
batch 9700/12592 loss=-21.431847
batch 9750/12592 loss=-17.070473
batch 9800/12592 loss=0.069132
batch 9850/12592 loss=-14.381193
batch 9900/12592 loss=-12.456266
batch 9950/12592 loss=-19.827133
batch 10000/12592 loss=-15.814603
batch 10050/12592 loss=-17.603920
batch 10100/12592 loss=-11.059411
batch 10150/12592 loss=-18.407181
batch 10200/12592 loss=-15.299260
batch 10250/12592 loss=-9.227526
batch 10300/12592 loss=-12.643421
batch 10350/12592 loss=-16.150282
batch 10400/12592 loss=-12.160583
batch 10450/12592 loss=-8.927391
batch 10500/12592 loss=-11.561646
batch 10550/12592 loss=-18.090450
batch 10600/12592 loss=-5.857186
batch 10650/12592 loss=-16.618696
batch 10700/12592 loss=-8.144727
batch 10750/12592 loss=-17.215923
batch 10800/12592 loss=-19.554514
batch 10850/12592 loss=-12.797991
batch 10900/12592 loss=-22.043432
batch 10950/12592 loss=-10.611845
batch 11000/12592 loss=-11.529577
batch 11050/12592 loss=-20.221416
batch 11100/12592 loss=-4.914346
batch 11150/12592 loss=-21.046377
batch 11200/12592 loss=-14.962976
batch 11250/12592 loss=-15.792604
batch 11300/12592 loss=-14.548306
batch 11350/12592 loss=-9.452972
batch 11400/12592 loss=-20.561478
batch 11450/12592 loss=19.696758
batch 11500/12592 loss=-19.109001
batch 11550/12592 loss=-11.404652
batch 11600/12592 loss=-18.361816
batch 11650/12592 loss=-18.486639
batch 11700/12592 loss=-21.395462
batch 11750/12592 loss=-19.749382
batch 11800/12592 loss=-23.192158
batch 11850/12592 loss=-9.954527
batch 11900/12592 loss=-18.450373
batch 11950/12592 loss=-21.136902
batch 12000/12592 loss=-19.807863
batch 12050/12592 loss=-9.578433
batch 12100/12592 loss=-15.318424
batch 12150/12592 loss=-12.997703
batch 12200/12592 loss=-14.142088
batch 12250/12592 loss=-16.141848
batch 12300/12592 loss=-11.841035
batch 12350/12592 loss=-7.768378
batch 12400/12592 loss=-9.971804
batch 12450/12592 loss=-13.757763
batch 12500/12592 loss=-21.714882
batch 12550/12592 loss=-9.715967
epoch=55 train_loss=-13.651968 val_loss=-9.735966 minADE=0.725577 minFDE=0.844825 best=-19.057267 patience=33/50
batch 0/12592 loss=-10.087458
batch 50/12592 loss=-8.177114
batch 100/12592 loss=-9.450720
batch 150/12592 loss=-16.486416
batch 200/12592 loss=-10.998356
batch 250/12592 loss=-10.556337
batch 300/12592 loss=-13.825410
batch 350/12592 loss=-9.903809
batch 400/12592 loss=-21.514637
batch 450/12592 loss=-15.109155
batch 500/12592 loss=-20.364265
batch 550/12592 loss=-23.957554
batch 600/12592 loss=-7.284567
batch 650/12592 loss=-18.065475
batch 700/12592 loss=-7.279417
batch 750/12592 loss=-12.379517
batch 800/12592 loss=-21.538074
batch 850/12592 loss=-14.991834
batch 900/12592 loss=-10.960417
batch 950/12592 loss=-15.089638
batch 1000/12592 loss=-9.424717
batch 1050/12592 loss=-21.937616
batch 1100/12592 loss=-23.190145
batch 1150/12592 loss=-18.451248
batch 1200/12592 loss=-10.421735
batch 1250/12592 loss=-19.370861
batch 1300/12592 loss=-21.690769
batch 1350/12592 loss=-21.332874
batch 1400/12592 loss=-8.245229
batch 1450/12592 loss=-15.381622
batch 1500/12592 loss=-14.811821
batch 1550/12592 loss=-14.829946
batch 1600/12592 loss=-10.315091
batch 1650/12592 loss=-18.297876
batch 1700/12592 loss=-23.207279
batch 1750/12592 loss=-21.551180
batch 1800/12592 loss=-25.233477
batch 1850/12592 loss=-13.620588
batch 1900/12592 loss=-12.612766
batch 1950/12592 loss=-15.499293
batch 2000/12592 loss=-18.915270
batch 2050/12592 loss=-17.177940
batch 2100/12592 loss=-13.727242
batch 2150/12592 loss=-7.291350
batch 2200/12592 loss=-16.443256
batch 2250/12592 loss=-14.507891
batch 2300/12592 loss=-16.715923
batch 2350/12592 loss=-15.809383
batch 2400/12592 loss=-20.857700
batch 2450/12592 loss=-14.142244
batch 2500/12592 loss=-12.219535
batch 2550/12592 loss=-16.699688
batch 2600/12592 loss=-15.568377
batch 2650/12592 loss=-11.224773
batch 2700/12592 loss=-15.141611
batch 2750/12592 loss=-10.231464
batch 2800/12592 loss=-19.038574
batch 2850/12592 loss=-22.225567
batch 2900/12592 loss=-7.931941
batch 2950/12592 loss=-17.637032
batch 3000/12592 loss=-16.215944
batch 3050/12592 loss=-13.145365
batch 3100/12592 loss=-16.260088
batch 3150/12592 loss=-14.521050
batch 3200/12592 loss=-9.719611
batch 3250/12592 loss=-15.040825
batch 3300/12592 loss=-3.927053
batch 3350/12592 loss=-14.906740
batch 3400/12592 loss=-15.908461
batch 3450/12592 loss=-10.250257
batch 3500/12592 loss=-9.819553
batch 3550/12592 loss=-11.454253
batch 3600/12592 loss=-19.351906
batch 3650/12592 loss=-21.697104
batch 3700/12592 loss=-0.542063
batch 3750/12592 loss=-17.258783
batch 3800/12592 loss=-19.936123
batch 3850/12592 loss=-16.742912
batch 3900/12592 loss=0.243293
batch 3950/12592 loss=-24.636942
batch 4000/12592 loss=-9.428438
batch 4050/12592 loss=-18.028706
batch 4100/12592 loss=-9.865072
batch 4150/12592 loss=-18.764702
batch 4200/12592 loss=-18.437336
batch 4250/12592 loss=-13.209860
batch 4300/12592 loss=-17.269878
batch 4350/12592 loss=-15.373773
batch 4400/12592 loss=-11.612206
batch 4450/12592 loss=-16.836140
batch 4500/12592 loss=-18.263973
batch 4550/12592 loss=-12.028626
batch 4600/12592 loss=-9.808779
batch 4650/12592 loss=-6.123041
batch 4700/12592 loss=-24.225584
batch 4750/12592 loss=-16.645210
batch 4800/12592 loss=-7.776475
batch 4850/12592 loss=-8.801240
batch 4900/12592 loss=-23.256626
batch 4950/12592 loss=-13.845142
batch 5000/12592 loss=-11.066260
batch 5050/12592 loss=-16.230499
batch 5100/12592 loss=-0.329219
batch 5150/12592 loss=-24.334713
batch 5200/12592 loss=-23.226025
batch 5250/12592 loss=-17.097580
batch 5300/12592 loss=-13.617054
batch 5350/12592 loss=-17.313318
batch 5400/12592 loss=-13.421488
batch 5450/12592 loss=-17.108150
batch 5500/12592 loss=-17.446671
batch 5550/12592 loss=-22.617102
batch 5600/12592 loss=-12.472661
batch 5650/12592 loss=-22.766905
batch 5700/12592 loss=-12.679403
batch 5750/12592 loss=-11.840496
batch 5800/12592 loss=-15.390259
batch 5850/12592 loss=-17.162861
batch 5900/12592 loss=-13.287493
batch 5950/12592 loss=-9.994474
batch 6000/12592 loss=-15.732249
batch 6050/12592 loss=-16.143896
batch 6100/12592 loss=-13.036316
batch 6150/12592 loss=-13.615553
batch 6200/12592 loss=-8.395542
batch 6250/12592 loss=-9.016672
batch 6300/12592 loss=-18.256790
batch 6350/12592 loss=-4.918551
batch 6400/12592 loss=-11.169971
batch 6450/12592 loss=-18.873798
batch 6500/12592 loss=-12.229219
batch 6550/12592 loss=-20.253113
batch 6600/12592 loss=-8.714216
batch 6650/12592 loss=-8.685545
batch 6700/12592 loss=-10.968550
batch 6750/12592 loss=-20.200340
batch 6800/12592 loss=-10.094812
batch 6850/12592 loss=-18.350113
batch 6900/12592 loss=-10.604066
batch 6950/12592 loss=-16.412821
batch 7000/12592 loss=-16.432350
batch 7050/12592 loss=-16.987604
batch 7100/12592 loss=-12.445366
batch 7150/12592 loss=-18.540781
batch 7200/12592 loss=-22.522980
batch 7250/12592 loss=-22.101326
batch 7300/12592 loss=-10.464891
batch 7350/12592 loss=-20.270008
batch 7400/12592 loss=-4.008969
batch 7450/12592 loss=-17.919117
batch 7500/12592 loss=-20.597622
batch 7550/12592 loss=-10.845733
batch 7600/12592 loss=-8.745836
batch 7650/12592 loss=-19.641922
batch 7700/12592 loss=-12.293036
batch 7750/12592 loss=-16.014576
batch 7800/12592 loss=-18.948515
batch 7850/12592 loss=-11.026364
batch 7900/12592 loss=-9.248010
batch 7950/12592 loss=0.262976
batch 8000/12592 loss=-19.720879
batch 8050/12592 loss=-15.583063
batch 8100/12592 loss=-14.742035
batch 8150/12592 loss=-10.268332
batch 8200/12592 loss=-11.953595
batch 8250/12592 loss=-14.696321
batch 8300/12592 loss=-12.822866
batch 8350/12592 loss=-10.702913
batch 8400/12592 loss=-5.488136
batch 8450/12592 loss=-18.676250
batch 8500/12592 loss=-17.743822
batch 8550/12592 loss=-18.535940
batch 8600/12592 loss=-21.732346
batch 8650/12592 loss=-10.233354
batch 8700/12592 loss=-13.126240
batch 8750/12592 loss=-19.500038
batch 8800/12592 loss=-18.083849
batch 8850/12592 loss=-11.323205
batch 8900/12592 loss=-14.568645
batch 8950/12592 loss=-4.905035
batch 9000/12592 loss=-7.039904
batch 9050/12592 loss=-13.564043
batch 9100/12592 loss=-17.189777
batch 9150/12592 loss=-17.688063
batch 9200/12592 loss=-6.994344
batch 9250/12592 loss=-9.214561
batch 9300/12592 loss=-1.237327
batch 9350/12592 loss=-11.452240
batch 9400/12592 loss=-17.727203
batch 9450/12592 loss=-7.534702
batch 9500/12592 loss=-10.945612
batch 9550/12592 loss=-10.223984
batch 9600/12592 loss=-10.714849
batch 9650/12592 loss=-9.998312
batch 9700/12592 loss=-2.799744
batch 9750/12592 loss=-19.926285
batch 9800/12592 loss=-20.766237
batch 9850/12592 loss=-7.433563
batch 9900/12592 loss=-12.422277
batch 9950/12592 loss=-21.388885
batch 10000/12592 loss=-18.094221
batch 10050/12592 loss=-11.666977
batch 10100/12592 loss=-11.465204
batch 10150/12592 loss=-15.340665
batch 10200/12592 loss=-19.279295
batch 10250/12592 loss=-9.263315
batch 10300/12592 loss=-17.095058
batch 10350/12592 loss=-13.214955
batch 10400/12592 loss=-17.760231
batch 10450/12592 loss=-7.397920
batch 10500/12592 loss=-24.554111
batch 10550/12592 loss=-18.341862
batch 10600/12592 loss=-6.617433
batch 10650/12592 loss=-8.797974
batch 10700/12592 loss=-19.826382
batch 10750/12592 loss=-22.676592
batch 10800/12592 loss=-24.123913
batch 10850/12592 loss=-12.874979
batch 10900/12592 loss=-13.960936
batch 10950/12592 loss=-14.236284
batch 11000/12592 loss=-12.161846
batch 11050/12592 loss=-8.566510
batch 11100/12592 loss=-14.200005
batch 11150/12592 loss=-10.800651
batch 11200/12592 loss=-17.665142
batch 11250/12592 loss=-16.309063
batch 11300/12592 loss=-15.918025
batch 11350/12592 loss=-23.638058
batch 11400/12592 loss=-15.008016
batch 11450/12592 loss=-18.058676
batch 11500/12592 loss=-13.880093
batch 11550/12592 loss=-17.635099
batch 11600/12592 loss=-14.476425
batch 11650/12592 loss=-10.846887
batch 11700/12592 loss=-11.905058
batch 11750/12592 loss=-3.909685
batch 11800/12592 loss=-16.211590
batch 11850/12592 loss=-11.518873
batch 11900/12592 loss=-12.542624
batch 11950/12592 loss=-11.393991
batch 12000/12592 loss=-21.693327
batch 12050/12592 loss=-13.974921
batch 12100/12592 loss=-10.584581
batch 12150/12592 loss=-19.259924
batch 12200/12592 loss=-9.020605
batch 12250/12592 loss=-14.399433
batch 12300/12592 loss=-18.735418
batch 12350/12592 loss=-12.945184
batch 12400/12592 loss=-7.062180
batch 12450/12592 loss=-11.497338
batch 12500/12592 loss=-10.656211
batch 12550/12592 loss=-17.168291
epoch=56 train_loss=-13.571338 val_loss=-14.818618 minADE=0.719596 minFDE=0.836413 best=-19.057267 patience=34/50
batch 0/12592 loss=-21.039801
batch 50/12592 loss=-15.039695
batch 100/12592 loss=-6.575330
batch 150/12592 loss=-10.218878
batch 200/12592 loss=-17.707626
batch 250/12592 loss=-10.585806
batch 300/12592 loss=-9.920259
batch 350/12592 loss=-18.614573
batch 400/12592 loss=-16.438210
batch 450/12592 loss=-10.880907
batch 500/12592 loss=-16.044579
batch 550/12592 loss=-12.158628
batch 600/12592 loss=-9.482977
batch 650/12592 loss=-10.735442
batch 700/12592 loss=-15.238657
batch 750/12592 loss=-9.889925
batch 800/12592 loss=-5.320477
batch 850/12592 loss=-12.429295
batch 900/12592 loss=-16.770330
batch 950/12592 loss=-15.322383
batch 1000/12592 loss=-13.389376
batch 1050/12592 loss=-6.639570
batch 1100/12592 loss=-15.274350
batch 1150/12592 loss=-15.578920
batch 1200/12592 loss=-7.938816
batch 1250/12592 loss=-22.023289
batch 1300/12592 loss=-19.232059
batch 1350/12592 loss=-9.875393
batch 1400/12592 loss=-16.738129
batch 1450/12592 loss=-16.477127
batch 1500/12592 loss=-10.416468
batch 1550/12592 loss=-13.970188
batch 1600/12592 loss=-18.297024
batch 1650/12592 loss=-6.414176
batch 1700/12592 loss=-10.654559
batch 1750/12592 loss=-18.796923
batch 1800/12592 loss=-15.858095
batch 1850/12592 loss=-10.021212
batch 1900/12592 loss=-20.294582
batch 1950/12592 loss=-12.586699
batch 2000/12592 loss=-9.105002
batch 2050/12592 loss=-12.860773
batch 2100/12592 loss=-13.955759
batch 2150/12592 loss=-10.210324
batch 2200/12592 loss=-5.711119
batch 2250/12592 loss=-11.759880
batch 2300/12592 loss=-12.006422
batch 2350/12592 loss=-16.029617
batch 2400/12592 loss=-8.773373
batch 2450/12592 loss=-17.662830
batch 2500/12592 loss=-16.918465
batch 2550/12592 loss=-10.125287
batch 2600/12592 loss=-19.992107
batch 2650/12592 loss=-19.309290
batch 2700/12592 loss=-13.436769
batch 2750/12592 loss=-4.852261
batch 2800/12592 loss=-20.257519
batch 2850/12592 loss=-11.683298
batch 2900/12592 loss=-9.189135
batch 2950/12592 loss=-0.953143
batch 3000/12592 loss=-8.849135
batch 3050/12592 loss=-17.712564
batch 3100/12592 loss=-10.426661
batch 3150/12592 loss=-13.121973
batch 3200/12592 loss=-18.166180
batch 3250/12592 loss=-21.333017
batch 3300/12592 loss=-20.443308
batch 3350/12592 loss=-9.000549
batch 3400/12592 loss=-16.048906
batch 3450/12592 loss=-7.336946
batch 3500/12592 loss=-6.654234
batch 3550/12592 loss=-24.046944
batch 3600/12592 loss=-9.777452
batch 3650/12592 loss=-7.339798
batch 3700/12592 loss=-19.344904
batch 3750/12592 loss=-19.519960
batch 3800/12592 loss=-15.070013
batch 3850/12592 loss=-21.369656
batch 3900/12592 loss=-5.827969
batch 3950/12592 loss=-14.814152
batch 4000/12592 loss=-12.432356
batch 4050/12592 loss=-17.736151
batch 4100/12592 loss=-18.268108
batch 4150/12592 loss=-18.100029
batch 4200/12592 loss=-7.239793
batch 4250/12592 loss=-21.173637
batch 4300/12592 loss=-5.187008
batch 4350/12592 loss=-19.449219
batch 4400/12592 loss=-6.266935
batch 4450/12592 loss=-9.008965
batch 4500/12592 loss=-14.637045
batch 4550/12592 loss=-24.068726
batch 4600/12592 loss=-9.456461
batch 4650/12592 loss=-16.127594
batch 4700/12592 loss=-14.370214
batch 4750/12592 loss=-9.514996
batch 4800/12592 loss=-2.719393
batch 4850/12592 loss=-17.764717
batch 4900/12592 loss=-13.810934
batch 4950/12592 loss=-10.411612
batch 5000/12592 loss=-19.207073
batch 5050/12592 loss=-14.590735
batch 5100/12592 loss=-19.146542
batch 5150/12592 loss=-13.859318
batch 5200/12592 loss=-23.944454
batch 5250/12592 loss=-13.830151
batch 5300/12592 loss=-15.150472
batch 5350/12592 loss=-7.889348
batch 5400/12592 loss=-20.994238
batch 5450/12592 loss=-4.828288
batch 5500/12592 loss=-13.008852
batch 5550/12592 loss=-11.417739
batch 5600/12592 loss=-18.522709
batch 5650/12592 loss=-12.557260
batch 5700/12592 loss=-19.046165
batch 5750/12592 loss=-9.273251
batch 5800/12592 loss=-14.975705
batch 5850/12592 loss=-12.971687
batch 5900/12592 loss=-9.637927
batch 5950/12592 loss=-9.206182
batch 6000/12592 loss=-14.077030
batch 6050/12592 loss=-5.635170
batch 6100/12592 loss=-5.347902
batch 6150/12592 loss=-1.902253
batch 6200/12592 loss=-9.296824
batch 6250/12592 loss=-16.583384
batch 6300/12592 loss=-11.494656
batch 6350/12592 loss=-5.620319
batch 6400/12592 loss=-14.628631
batch 6450/12592 loss=-4.727888
batch 6500/12592 loss=-15.504705
batch 6550/12592 loss=-11.660196
batch 6600/12592 loss=-11.420414
batch 6650/12592 loss=-17.497387
batch 6700/12592 loss=-6.716432
batch 6750/12592 loss=-14.837118
batch 6800/12592 loss=-13.407036
batch 6850/12592 loss=-12.169052
batch 6900/12592 loss=-11.068052
batch 6950/12592 loss=-9.822950
batch 7000/12592 loss=-5.623277
batch 7050/12592 loss=-15.816788
batch 7100/12592 loss=-16.175329
batch 7150/12592 loss=-13.090504
batch 7200/12592 loss=-20.620991
batch 7250/12592 loss=-21.237080
batch 7300/12592 loss=-8.872051
batch 7350/12592 loss=-9.240968
batch 7400/12592 loss=-17.607601
batch 7450/12592 loss=-22.961594
batch 7500/12592 loss=-16.232018
batch 7550/12592 loss=-13.483961
batch 7600/12592 loss=-19.902531
batch 7650/12592 loss=-16.488697
batch 7700/12592 loss=-13.883848
batch 7750/12592 loss=-8.826354
batch 7800/12592 loss=-15.515947
batch 7850/12592 loss=-4.208492
batch 7900/12592 loss=-15.378081
batch 7950/12592 loss=-13.006795
batch 8000/12592 loss=-12.654264
batch 8050/12592 loss=-16.078936
batch 8100/12592 loss=4.560466
batch 8150/12592 loss=-9.967424
batch 8200/12592 loss=-13.084787
batch 8250/12592 loss=-16.216568
batch 8300/12592 loss=-18.989166
batch 8350/12592 loss=-15.237199
batch 8400/12592 loss=-14.536830
batch 8450/12592 loss=-8.995525
batch 8500/12592 loss=-16.350304
batch 8550/12592 loss=-10.626419
batch 8600/12592 loss=-6.087424
batch 8650/12592 loss=-24.005125
batch 8700/12592 loss=-17.215260
batch 8750/12592 loss=-15.993931
batch 8800/12592 loss=-13.094163
batch 8850/12592 loss=-18.697720
batch 8900/12592 loss=-13.701707
batch 8950/12592 loss=-12.708939
batch 9000/12592 loss=-23.096222
batch 9050/12592 loss=-18.663652
batch 9100/12592 loss=-14.584267
batch 9150/12592 loss=-18.090057
batch 9200/12592 loss=-10.100067
batch 9250/12592 loss=-7.022521
batch 9300/12592 loss=-19.529194
batch 9350/12592 loss=-14.381433
batch 9400/12592 loss=-12.044081
batch 9450/12592 loss=-6.762226
batch 9500/12592 loss=-11.076815
batch 9550/12592 loss=-5.057229
batch 9600/12592 loss=-7.230877
batch 9650/12592 loss=-21.240364
batch 9700/12592 loss=-11.631940
batch 9750/12592 loss=-7.823749
batch 9800/12592 loss=-19.031525
batch 9850/12592 loss=-24.965128
batch 9900/12592 loss=-12.480246
batch 9950/12592 loss=-11.239045
batch 10000/12592 loss=-9.813244
batch 10050/12592 loss=-20.497616
batch 10100/12592 loss=-24.922924
batch 10150/12592 loss=-11.312157
batch 10200/12592 loss=-9.999119
batch 10250/12592 loss=-19.609526
batch 10300/12592 loss=-19.681843
batch 10350/12592 loss=-15.079301
batch 10400/12592 loss=-5.227234
batch 10450/12592 loss=-16.294270
batch 10500/12592 loss=-14.474278
batch 10550/12592 loss=-17.244862
batch 10600/12592 loss=-15.451553
batch 10650/12592 loss=-12.177092
batch 10700/12592 loss=-16.535919
batch 10750/12592 loss=-11.030954
batch 10800/12592 loss=-10.185801
batch 10850/12592 loss=-15.816004
batch 10900/12592 loss=-21.929081
batch 10950/12592 loss=-13.032969
batch 11000/12592 loss=-4.514101
batch 11050/12592 loss=-15.617980
batch 11100/12592 loss=-8.326101
batch 11150/12592 loss=-3.206721
batch 11200/12592 loss=-17.340034
batch 11250/12592 loss=-13.918880
batch 11300/12592 loss=-19.785656
batch 11350/12592 loss=-30.721897
batch 11400/12592 loss=-21.824276
batch 11450/12592 loss=-19.974213
batch 11500/12592 loss=-16.350239
batch 11550/12592 loss=-15.596564
batch 11600/12592 loss=-13.986179
batch 11650/12592 loss=-13.785101
batch 11700/12592 loss=-18.455406
batch 11750/12592 loss=-15.675566
batch 11800/12592 loss=-10.724489
batch 11850/12592 loss=-12.690468
batch 11900/12592 loss=-16.668152
batch 11950/12592 loss=-16.723173
batch 12000/12592 loss=-20.672388
batch 12050/12592 loss=-10.798645
batch 12100/12592 loss=-15.907660
batch 12150/12592 loss=-20.223000
batch 12200/12592 loss=-5.521955
batch 12250/12592 loss=-12.126358
batch 12300/12592 loss=-15.074838
batch 12350/12592 loss=-10.911628
batch 12400/12592 loss=-14.628017
batch 12450/12592 loss=-12.158248
batch 12500/12592 loss=-9.520172
batch 12550/12592 loss=-13.929115
epoch=57 train_loss=-13.401218 val_loss=-15.789735 minADE=0.746407 minFDE=0.872565 best=-19.057267 patience=35/50
batch 0/12592 loss=-16.387125
batch 50/12592 loss=-16.395134
batch 100/12592 loss=-19.694857
batch 150/12592 loss=-14.159895
batch 200/12592 loss=-8.890159
batch 250/12592 loss=-22.002645
batch 300/12592 loss=-18.385971
batch 350/12592 loss=-12.885823
batch 400/12592 loss=-18.815105
batch 450/12592 loss=-8.397360
batch 500/12592 loss=-14.793731
batch 550/12592 loss=-14.462036
batch 600/12592 loss=-9.121864
batch 650/12592 loss=-10.726000
batch 700/12592 loss=-19.908970
batch 750/12592 loss=-7.958147
batch 800/12592 loss=-9.915386
batch 850/12592 loss=-8.042952
batch 900/12592 loss=-11.064887
batch 950/12592 loss=-22.185085
batch 1000/12592 loss=-28.075523
batch 1050/12592 loss=-10.126865
batch 1100/12592 loss=-23.578451
batch 1150/12592 loss=-14.681902
batch 1200/12592 loss=-12.593462
batch 1250/12592 loss=-14.996986
batch 1300/12592 loss=-13.471062
batch 1350/12592 loss=-14.421530
batch 1400/12592 loss=-2.368779
batch 1450/12592 loss=-16.549271
batch 1500/12592 loss=-15.118664
batch 1550/12592 loss=-9.330191
batch 1600/12592 loss=-16.129871
batch 1650/12592 loss=-8.560048
batch 1700/12592 loss=-10.961008
batch 1750/12592 loss=-15.614929
batch 1800/12592 loss=-12.089434
batch 1850/12592 loss=-12.859575
batch 1900/12592 loss=-8.668133
batch 1950/12592 loss=-17.379326
batch 2000/12592 loss=-11.139717
batch 2050/12592 loss=-19.721249
batch 2100/12592 loss=-14.100861
batch 2150/12592 loss=-15.835539
batch 2200/12592 loss=-6.897746
batch 2250/12592 loss=-17.868687
batch 2300/12592 loss=-17.817896
batch 2350/12592 loss=-18.383839
batch 2400/12592 loss=-26.474274
batch 2450/12592 loss=-17.237740
batch 2500/12592 loss=-17.716228
batch 2550/12592 loss=-20.080585
batch 2600/12592 loss=-20.364035
batch 2650/12592 loss=-11.165766
batch 2700/12592 loss=-13.381288
batch 2750/12592 loss=-21.566019
batch 2800/12592 loss=-11.761536
batch 2850/12592 loss=-15.332045
batch 2900/12592 loss=-11.231775
batch 2950/12592 loss=-6.798536
batch 3000/12592 loss=-13.748606
batch 3050/12592 loss=-19.971889
batch 3100/12592 loss=-9.002913
batch 3150/12592 loss=-16.264282
batch 3200/12592 loss=-9.696548
batch 3250/12592 loss=-9.912397
batch 3300/12592 loss=-11.413740
batch 3350/12592 loss=-9.164824
batch 3400/12592 loss=-9.783918
batch 3450/12592 loss=-17.206623
batch 3500/12592 loss=-12.328237
batch 3550/12592 loss=-20.764927
batch 3600/12592 loss=-14.748915
batch 3650/12592 loss=-25.796188
batch 3700/12592 loss=-15.663979
batch 3750/12592 loss=-15.576601
batch 3800/12592 loss=-9.327219
batch 3850/12592 loss=-13.749567
batch 3900/12592 loss=-14.645416
batch 3950/12592 loss=-7.117818
batch 4000/12592 loss=-10.662851
batch 4050/12592 loss=-16.276016
batch 4100/12592 loss=-18.106606
batch 4150/12592 loss=-21.287155
batch 4200/12592 loss=-13.887096
batch 4250/12592 loss=-11.754742
batch 4300/12592 loss=-17.341824
batch 4350/12592 loss=-15.668462
batch 4400/12592 loss=-23.503204
batch 4450/12592 loss=-6.331765
batch 4500/12592 loss=-8.524158
batch 4550/12592 loss=-8.820551
batch 4600/12592 loss=-23.675510
batch 4650/12592 loss=-10.045736
batch 4700/12592 loss=-19.281725
batch 4750/12592 loss=-15.789997
batch 4800/12592 loss=-15.147285
batch 4850/12592 loss=-10.185549
batch 4900/12592 loss=-8.986790
batch 4950/12592 loss=2.974379
batch 5000/12592 loss=-3.441495
batch 5050/12592 loss=-15.877603
batch 5100/12592 loss=-18.480656
batch 5150/12592 loss=-13.317705
batch 5200/12592 loss=-16.470367
batch 5250/12592 loss=-12.580309
batch 5300/12592 loss=-23.359510
batch 5350/12592 loss=-18.677872
batch 5400/12592 loss=-16.873177
batch 5450/12592 loss=-6.019647
batch 5500/12592 loss=-22.417385
batch 5550/12592 loss=-3.774960
batch 5600/12592 loss=-13.191576
batch 5650/12592 loss=-13.845586
batch 5700/12592 loss=-20.822037
batch 5750/12592 loss=-19.789352
batch 5800/12592 loss=-14.140434
batch 5850/12592 loss=-17.535995
batch 5900/12592 loss=-10.391916
batch 5950/12592 loss=-12.947613
batch 6000/12592 loss=-9.989754
batch 6050/12592 loss=-22.901106
batch 6100/12592 loss=-15.261872
batch 6150/12592 loss=-14.090513
batch 6200/12592 loss=-15.922529
batch 6250/12592 loss=-18.365150
batch 6300/12592 loss=-9.269505
batch 6350/12592 loss=-15.195220
batch 6400/12592 loss=-10.790718
batch 6450/12592 loss=-18.429901
batch 6500/12592 loss=-13.521667
batch 6550/12592 loss=-11.845777
batch 6600/12592 loss=-16.741928
batch 6650/12592 loss=-2.215381
batch 6700/12592 loss=-12.160538
batch 6750/12592 loss=-12.294443
batch 6800/12592 loss=-11.310483
batch 6850/12592 loss=-16.672815
batch 6900/12592 loss=-11.700269
batch 6950/12592 loss=-13.597929
batch 7000/12592 loss=-17.415833
batch 7050/12592 loss=-14.382097
batch 7100/12592 loss=-14.412436
batch 7150/12592 loss=-12.834333
batch 7200/12592 loss=-7.653823
batch 7250/12592 loss=-15.458076
batch 7300/12592 loss=-17.820379
batch 7350/12592 loss=-21.144640
batch 7400/12592 loss=-11.997124
batch 7450/12592 loss=-15.283579
batch 7500/12592 loss=-16.908455
batch 7550/12592 loss=-18.228376
batch 7600/12592 loss=-11.766264
batch 7650/12592 loss=-3.823051
batch 7700/12592 loss=-18.134993
batch 7750/12592 loss=-13.807492
batch 7800/12592 loss=-18.469509
batch 7850/12592 loss=-5.307713
batch 7900/12592 loss=-16.477770
batch 7950/12592 loss=-18.491650
batch 8000/12592 loss=-13.412659
batch 8050/12592 loss=-12.407402
batch 8100/12592 loss=-16.233702
batch 8150/12592 loss=-7.471401
batch 8200/12592 loss=-6.925102
batch 8250/12592 loss=-18.486626
batch 8300/12592 loss=-16.764853
batch 8350/12592 loss=-12.414251
batch 8400/12592 loss=-13.480549
batch 8450/12592 loss=-20.648211
batch 8500/12592 loss=-13.451075
batch 8550/12592 loss=-13.508960
batch 8600/12592 loss=-10.172023
batch 8650/12592 loss=-14.938498
batch 8700/12592 loss=-21.737850
batch 8750/12592 loss=-12.843068
batch 8800/12592 loss=-12.574115
batch 8850/12592 loss=-23.145550
batch 8900/12592 loss=-12.196939
batch 8950/12592 loss=-9.051784
batch 9000/12592 loss=-15.602318
batch 9050/12592 loss=-12.628368
batch 9100/12592 loss=-20.647718
batch 9150/12592 loss=-19.174603
batch 9200/12592 loss=-17.921427
batch 9250/12592 loss=-23.759180
batch 9300/12592 loss=-15.786268
batch 9350/12592 loss=-19.300482
batch 9400/12592 loss=-15.525381
batch 9450/12592 loss=-14.310330
batch 9500/12592 loss=-16.469589
batch 9550/12592 loss=-16.503874
batch 9600/12592 loss=-4.504479
batch 9650/12592 loss=0.880699
batch 9700/12592 loss=-19.822832
batch 9750/12592 loss=-12.255457
batch 9800/12592 loss=-19.204287
batch 9850/12592 loss=-1.986801
batch 9900/12592 loss=-20.309837
batch 9950/12592 loss=-12.948761
batch 10000/12592 loss=-7.632779
batch 10050/12592 loss=-18.279713
batch 10100/12592 loss=-17.810713
batch 10150/12592 loss=-14.587214
batch 10200/12592 loss=-6.404241
batch 10250/12592 loss=-15.309732
batch 10300/12592 loss=-14.142344
batch 10350/12592 loss=-11.297150
batch 10400/12592 loss=-23.896526
batch 10450/12592 loss=-25.449236
batch 10500/12592 loss=-17.801832
batch 10550/12592 loss=-25.728920
batch 10600/12592 loss=-15.611614
batch 10650/12592 loss=-10.877110
batch 10700/12592 loss=-17.120480
batch 10750/12592 loss=-18.043343
batch 10800/12592 loss=-16.831589
batch 10850/12592 loss=-20.093874
batch 10900/12592 loss=-18.943287
batch 10950/12592 loss=-17.702690
batch 11000/12592 loss=-14.557710
batch 11050/12592 loss=-13.346605
batch 11100/12592 loss=-17.397705
batch 11150/12592 loss=-14.707543
batch 11200/12592 loss=-15.553555
batch 11250/12592 loss=-14.797883
batch 11300/12592 loss=-20.623005
batch 11350/12592 loss=-8.956922
batch 11400/12592 loss=-11.344119
batch 11450/12592 loss=-8.952845
batch 11500/12592 loss=-17.046501
batch 11550/12592 loss=-3.987319
batch 11600/12592 loss=-20.361338
batch 11650/12592 loss=-12.145386
batch 11700/12592 loss=-15.159594
batch 11750/12592 loss=-19.743275
batch 11800/12592 loss=-18.361809
batch 11850/12592 loss=-21.079002
batch 11900/12592 loss=-18.349833
batch 11950/12592 loss=-11.606363
batch 12000/12592 loss=-7.310947
batch 12050/12592 loss=-13.903872
batch 12100/12592 loss=-9.226349
batch 12150/12592 loss=-10.989151
batch 12200/12592 loss=-11.160108
batch 12250/12592 loss=-14.019161
batch 12300/12592 loss=-12.032804
batch 12350/12592 loss=-15.367603
batch 12400/12592 loss=-23.727657
batch 12450/12592 loss=-11.696505
batch 12500/12592 loss=-19.914392
batch 12550/12592 loss=-6.734931
epoch=58 train_loss=-13.844530 val_loss=-17.647155 minADE=0.718282 minFDE=0.837455 best=-19.057267 patience=36/50
batch 0/12592 loss=-18.544918
batch 50/12592 loss=-19.449539
batch 100/12592 loss=-9.893985
batch 150/12592 loss=-14.572184
batch 200/12592 loss=-8.405491
batch 250/12592 loss=-20.518072
batch 300/12592 loss=-20.033937
batch 350/12592 loss=-9.117301
batch 400/12592 loss=-1.189130
batch 450/12592 loss=-12.800473
batch 500/12592 loss=-22.359406
batch 550/12592 loss=-11.958268
batch 600/12592 loss=-17.199495
batch 650/12592 loss=-9.063072
batch 700/12592 loss=-11.460148
batch 750/12592 loss=-16.192123
batch 800/12592 loss=-18.101944
batch 850/12592 loss=-14.645542
batch 900/12592 loss=-9.161443
batch 950/12592 loss=-10.541647
batch 1000/12592 loss=-15.116539
batch 1050/12592 loss=-11.886567
batch 1100/12592 loss=-11.260135
batch 1150/12592 loss=-12.857769
batch 1200/12592 loss=-18.183834
batch 1250/12592 loss=-10.433830
batch 1300/12592 loss=-25.856831
batch 1350/12592 loss=-13.174236
batch 1400/12592 loss=-18.521023
batch 1450/12592 loss=-2.112007
batch 1500/12592 loss=-20.151863
batch 1550/12592 loss=-12.297230
batch 1600/12592 loss=-9.491366
batch 1650/12592 loss=-12.936625
batch 1700/12592 loss=-18.129637
batch 1750/12592 loss=-4.223746
batch 1800/12592 loss=-13.107105
batch 1850/12592 loss=-20.023867
batch 1900/12592 loss=-10.149837
batch 1950/12592 loss=-15.308044
batch 2000/12592 loss=-6.587450
batch 2050/12592 loss=-10.560019
batch 2100/12592 loss=-21.318790
batch 2150/12592 loss=-24.564770
batch 2200/12592 loss=-17.268127
batch 2250/12592 loss=-22.325779
batch 2300/12592 loss=-19.069674
batch 2350/12592 loss=-17.630726
batch 2400/12592 loss=-12.671963
batch 2450/12592 loss=-19.890381
batch 2500/12592 loss=-17.026445
batch 2550/12592 loss=-18.658081
batch 2600/12592 loss=-8.765558
batch 2650/12592 loss=-10.218865
batch 2700/12592 loss=-10.930085
batch 2750/12592 loss=-15.862454
batch 2800/12592 loss=-21.401052
batch 2850/12592 loss=-18.708025
batch 2900/12592 loss=-15.898559
batch 2950/12592 loss=-13.476921
batch 3000/12592 loss=-4.877577
batch 3050/12592 loss=-10.945490
batch 3100/12592 loss=-12.298462
batch 3150/12592 loss=-11.274307
batch 3200/12592 loss=-17.857868
batch 3250/12592 loss=-18.220383
batch 3300/12592 loss=-21.858702
batch 3350/12592 loss=-13.814012
batch 3400/12592 loss=-17.971184
batch 3450/12592 loss=-16.249214
batch 3500/12592 loss=-30.653425
batch 3550/12592 loss=-16.749588
batch 3600/12592 loss=-16.914148
batch 3650/12592 loss=-13.348646
batch 3700/12592 loss=-18.600664
batch 3750/12592 loss=-14.756357
batch 3800/12592 loss=-11.642474
batch 3850/12592 loss=-23.590075
batch 3900/12592 loss=-12.976419
batch 3950/12592 loss=-20.266203
batch 4000/12592 loss=-18.989876
batch 4050/12592 loss=-21.404732
batch 4100/12592 loss=-20.572233
batch 4150/12592 loss=-19.712437
batch 4200/12592 loss=-8.704624
batch 4250/12592 loss=-16.988682
batch 4300/12592 loss=-7.310413
batch 4350/12592 loss=-14.782816
batch 4400/12592 loss=-18.839130
batch 4450/12592 loss=-16.771032
batch 4500/12592 loss=-18.271479
batch 4550/12592 loss=-13.222504
batch 4600/12592 loss=-13.020134
batch 4650/12592 loss=-17.926340
batch 4700/12592 loss=-7.598357
batch 4750/12592 loss=-15.032291
batch 4800/12592 loss=-6.129467
batch 4850/12592 loss=-18.103622
batch 4900/12592 loss=-13.947836
batch 4950/12592 loss=-19.332073
batch 5000/12592 loss=-14.266503
batch 5050/12592 loss=-16.231234
batch 5100/12592 loss=-16.756704
batch 5150/12592 loss=-14.326468
batch 5200/12592 loss=-10.522982
batch 5250/12592 loss=-19.664789
batch 5300/12592 loss=-12.732162
batch 5350/12592 loss=-5.221710
batch 5400/12592 loss=-0.392942
batch 5450/12592 loss=-10.957914
batch 5500/12592 loss=-13.253715
batch 5550/12592 loss=-7.841903
batch 5600/12592 loss=-1.346813
batch 5650/12592 loss=-23.744572
batch 5700/12592 loss=-23.152180
batch 5750/12592 loss=-11.086008
batch 5800/12592 loss=-13.098772
batch 5850/12592 loss=-12.444881
batch 5900/12592 loss=-9.537055
batch 5950/12592 loss=-21.604378
batch 6000/12592 loss=-11.571639
batch 6050/12592 loss=-15.744933
batch 6100/12592 loss=-1.051947
batch 6150/12592 loss=-25.075832
batch 6200/12592 loss=-16.739632
batch 6250/12592 loss=-17.996407
batch 6300/12592 loss=-22.498260
batch 6350/12592 loss=-16.980925
batch 6400/12592 loss=-14.800048
batch 6450/12592 loss=-20.269470
batch 6500/12592 loss=-16.825308
batch 6550/12592 loss=-9.208207
batch 6600/12592 loss=-20.942776
batch 6650/12592 loss=-6.393056
batch 6700/12592 loss=-7.515050
batch 6750/12592 loss=-9.852685
batch 6800/12592 loss=-19.772635
batch 6850/12592 loss=-17.758766
batch 6900/12592 loss=-9.113204
batch 6950/12592 loss=-10.727411
batch 7000/12592 loss=-16.202343
batch 7050/12592 loss=-19.165272
batch 7100/12592 loss=-16.434376
batch 7150/12592 loss=-21.083447
batch 7200/12592 loss=-12.858856
batch 7250/12592 loss=-14.093005
batch 7300/12592 loss=-17.712502
batch 7350/12592 loss=-15.068159
batch 7400/12592 loss=-19.634638
batch 7450/12592 loss=-15.087980
batch 7500/12592 loss=-14.324785
batch 7550/12592 loss=-14.098415
batch 7600/12592 loss=-16.216675
batch 7650/12592 loss=-22.537380
batch 7700/12592 loss=-18.335583
batch 7750/12592 loss=-2.923583
batch 7800/12592 loss=-18.801746
batch 7850/12592 loss=-20.831682
batch 7900/12592 loss=-10.770377
batch 7950/12592 loss=-15.970806
batch 8000/12592 loss=-8.168682
batch 8050/12592 loss=-12.553207
batch 8100/12592 loss=-17.907425
batch 8150/12592 loss=-23.993328
batch 8200/12592 loss=-12.296783
batch 8250/12592 loss=-12.465895
batch 8300/12592 loss=-17.089552
batch 8350/12592 loss=-22.719486
batch 8400/12592 loss=-17.789627
batch 8450/12592 loss=-17.305590
batch 8500/12592 loss=-22.300776
batch 8550/12592 loss=-19.227352
batch 8600/12592 loss=-19.486731
batch 8650/12592 loss=-14.319310
batch 8700/12592 loss=-22.644167
batch 8750/12592 loss=-13.421339
batch 8800/12592 loss=-13.902261
batch 8850/12592 loss=-9.056873
batch 8900/12592 loss=-20.438553
batch 8950/12592 loss=-15.099673
batch 9000/12592 loss=-5.534531
batch 9050/12592 loss=-16.322237
batch 9100/12592 loss=-10.257153
batch 9150/12592 loss=-22.026205
batch 9200/12592 loss=-25.040726
batch 9250/12592 loss=-24.620489
batch 9300/12592 loss=-13.781265
batch 9350/12592 loss=-13.924442
batch 9400/12592 loss=-15.486490
batch 9450/12592 loss=-15.000417
batch 9500/12592 loss=-11.898648
batch 9550/12592 loss=-11.579167
batch 9600/12592 loss=-12.373041
batch 9650/12592 loss=-16.851006
batch 9700/12592 loss=-25.919657
batch 9750/12592 loss=-18.462896
batch 9800/12592 loss=-20.320774
batch 9850/12592 loss=-14.887703
batch 9900/12592 loss=-5.945837
batch 9950/12592 loss=-15.247478
batch 10000/12592 loss=-9.500524
batch 10050/12592 loss=-19.980221
batch 10100/12592 loss=-17.242855
batch 10150/12592 loss=-15.096013
batch 10200/12592 loss=-20.100899
batch 10250/12592 loss=-2.724257
batch 10300/12592 loss=-18.711079
batch 10350/12592 loss=-8.947084
batch 10400/12592 loss=-21.337395
batch 10450/12592 loss=-11.801846
batch 10500/12592 loss=-14.369776
batch 10550/12592 loss=-19.888668
batch 10600/12592 loss=-18.494289
batch 10650/12592 loss=-11.815894
batch 10700/12592 loss=-7.629284
batch 10750/12592 loss=-16.786915
batch 10800/12592 loss=-14.228698
batch 10850/12592 loss=-7.784797
batch 10900/12592 loss=-12.040395
batch 10950/12592 loss=-23.327042
batch 11000/12592 loss=-11.463434
batch 11050/12592 loss=-11.021757
batch 11100/12592 loss=-22.279457
batch 11150/12592 loss=-16.468704
batch 11200/12592 loss=-19.160406
batch 11250/12592 loss=-12.075779
batch 11300/12592 loss=-7.332149
batch 11350/12592 loss=-13.054075
batch 11400/12592 loss=-18.979015
batch 11450/12592 loss=-14.201405
batch 11500/12592 loss=-14.803484
batch 11550/12592 loss=-12.326973
batch 11600/12592 loss=-11.555425
batch 11650/12592 loss=-15.224654
batch 11700/12592 loss=-20.839527
batch 11750/12592 loss=-17.011124
batch 11800/12592 loss=-6.563587
batch 11850/12592 loss=-8.753626
batch 11900/12592 loss=-15.352280
batch 11950/12592 loss=-12.293015
batch 12000/12592 loss=-16.269203
batch 12050/12592 loss=-15.610887
batch 12100/12592 loss=-17.437111
batch 12150/12592 loss=-16.602274
batch 12200/12592 loss=-5.746377
batch 12250/12592 loss=-15.040794
batch 12300/12592 loss=-12.364230
batch 12350/12592 loss=-15.816080
batch 12400/12592 loss=-10.643896
batch 12450/12592 loss=-11.735538
batch 12500/12592 loss=-17.001280
batch 12550/12592 loss=-13.494990
epoch=59 train_loss=-13.804969 val_loss=-7.103238 minADE=0.744562 minFDE=0.867790 best=-19.057267 patience=37/50
batch 0/12592 loss=0.816004
batch 50/12592 loss=-16.791824
batch 100/12592 loss=-17.564980
batch 150/12592 loss=-7.280100
batch 200/12592 loss=-8.754427
batch 250/12592 loss=-13.957837
batch 300/12592 loss=-12.822961
batch 350/12592 loss=-16.910044
batch 400/12592 loss=-21.016205
batch 450/12592 loss=-7.270346
batch 500/12592 loss=-19.852226
batch 550/12592 loss=-16.594715
batch 600/12592 loss=-12.436768
batch 650/12592 loss=-17.855335
batch 700/12592 loss=-13.228189
batch 750/12592 loss=-19.356802
batch 800/12592 loss=-11.668299
batch 850/12592 loss=-17.488138
batch 900/12592 loss=-15.246048
batch 950/12592 loss=-12.528069
batch 1000/12592 loss=-10.308776
batch 1050/12592 loss=-16.640472
batch 1100/12592 loss=-12.494690
batch 1150/12592 loss=-14.349024
batch 1200/12592 loss=-14.224451
batch 1250/12592 loss=-4.757655
batch 1300/12592 loss=-19.857368
batch 1350/12592 loss=-14.823039
batch 1400/12592 loss=-17.782835
batch 1450/12592 loss=-13.087437
batch 1500/12592 loss=-18.934204
batch 1550/12592 loss=-10.759716
batch 1600/12592 loss=-20.899050
batch 1650/12592 loss=-17.951897
batch 1700/12592 loss=-22.102674
batch 1750/12592 loss=-16.303848
batch 1800/12592 loss=-9.527353
batch 1850/12592 loss=-11.069368
batch 1900/12592 loss=-9.344448
batch 1950/12592 loss=-24.674305
batch 2000/12592 loss=-15.192120
batch 2050/12592 loss=-9.987072
batch 2100/12592 loss=-8.928457
batch 2150/12592 loss=-18.031803
batch 2200/12592 loss=-15.681314
batch 2250/12592 loss=-14.029127
batch 2300/12592 loss=-20.978886
batch 2350/12592 loss=-14.034247
batch 2400/12592 loss=-23.269823
batch 2450/12592 loss=-4.374905
batch 2500/12592 loss=-20.459255
batch 2550/12592 loss=-8.066169
batch 2600/12592 loss=-20.694035
batch 2650/12592 loss=-14.224119
batch 2700/12592 loss=-17.467562
batch 2750/12592 loss=-10.468332
batch 2800/12592 loss=-13.485708
batch 2850/12592 loss=-19.882769
batch 2900/12592 loss=-18.920280
batch 2950/12592 loss=-21.618061
batch 3000/12592 loss=-14.629189
batch 3050/12592 loss=-11.955755
batch 3100/12592 loss=-8.579250
batch 3150/12592 loss=-9.726068
batch 3200/12592 loss=-2.982359
batch 3250/12592 loss=-14.560433
batch 3300/12592 loss=-10.801549
batch 3350/12592 loss=-19.126465
batch 3400/12592 loss=-3.209042
batch 3450/12592 loss=-18.639566
batch 3500/12592 loss=-8.776491
batch 3550/12592 loss=-16.189905
batch 3600/12592 loss=-14.441687
batch 3650/12592 loss=-18.977123
batch 3700/12592 loss=-19.469656
batch 3750/12592 loss=-15.597761
batch 3800/12592 loss=-17.570133
batch 3850/12592 loss=-19.452518
batch 3900/12592 loss=-19.030865
batch 3950/12592 loss=-17.465382
batch 4000/12592 loss=-19.900921
batch 4050/12592 loss=0.900963
batch 4100/12592 loss=-9.139675
batch 4150/12592 loss=-15.871134
batch 4200/12592 loss=-17.345715
batch 4250/12592 loss=-15.509630
batch 4300/12592 loss=-14.260919
batch 4350/12592 loss=-19.012268
batch 4400/12592 loss=-17.488649
batch 4450/12592 loss=-18.104622
batch 4500/12592 loss=-9.964108
batch 4550/12592 loss=-22.342590
batch 4600/12592 loss=-9.364459
batch 4650/12592 loss=-12.799049
batch 4700/12592 loss=-8.414554
batch 4750/12592 loss=-19.396149
batch 4800/12592 loss=-17.350355
batch 4850/12592 loss=0.723525
batch 4900/12592 loss=-11.098804
batch 4950/12592 loss=-20.758343
batch 5000/12592 loss=-11.610081
batch 5050/12592 loss=-11.921630
batch 5100/12592 loss=-22.980198
batch 5150/12592 loss=-14.477325
batch 5200/12592 loss=-5.783320
batch 5250/12592 loss=-17.611736
batch 5300/12592 loss=-14.830084
batch 5350/12592 loss=-11.807116
batch 5400/12592 loss=-8.896964
batch 5450/12592 loss=-10.393261
batch 5500/12592 loss=-21.100540
batch 5550/12592 loss=-21.540550
batch 5600/12592 loss=-14.808379
batch 5650/12592 loss=-15.882452
batch 5700/12592 loss=-6.701771
batch 5750/12592 loss=-15.925011
batch 5800/12592 loss=-20.576534
batch 5850/12592 loss=-14.145678
batch 5900/12592 loss=-20.441256
batch 5950/12592 loss=-14.263317
batch 6000/12592 loss=-17.620193
batch 6050/12592 loss=-20.714561
batch 6100/12592 loss=-6.653458
batch 6150/12592 loss=-9.441687
batch 6200/12592 loss=-11.093614
batch 6250/12592 loss=-3.819505
batch 6300/12592 loss=-5.125379
batch 6350/12592 loss=-5.130753
batch 6400/12592 loss=-8.777340
batch 6450/12592 loss=-17.103874
batch 6500/12592 loss=-11.000134
batch 6550/12592 loss=-19.704639
batch 6600/12592 loss=-21.978596
batch 6650/12592 loss=-9.846920
batch 6700/12592 loss=-13.165646
batch 6750/12592 loss=-9.517242
batch 6800/12592 loss=-9.310410
batch 6850/12592 loss=-11.185499
batch 6900/12592 loss=-10.923719
batch 6950/12592 loss=-18.090059
batch 7000/12592 loss=-21.949459
batch 7050/12592 loss=-15.430265
batch 7100/12592 loss=-9.074762
batch 7150/12592 loss=-14.980854
batch 7200/12592 loss=-20.685345
batch 7250/12592 loss=-8.854307
batch 7300/12592 loss=-24.891039
batch 7350/12592 loss=-15.607973
batch 7400/12592 loss=-17.393511
batch 7450/12592 loss=-12.933742
batch 7500/12592 loss=-19.554880
batch 7550/12592 loss=-21.556526
batch 7600/12592 loss=-15.814562
batch 7650/12592 loss=-14.560685
batch 7700/12592 loss=-13.258898
batch 7750/12592 loss=-18.541862
batch 7800/12592 loss=-16.225826
batch 7850/12592 loss=-19.420765
batch 7900/12592 loss=-19.904009
batch 7950/12592 loss=-17.293674
batch 8000/12592 loss=-15.635769
batch 8050/12592 loss=-10.883543
batch 8100/12592 loss=-9.493406
batch 8150/12592 loss=-11.826443
batch 8200/12592 loss=-14.778893
batch 8250/12592 loss=-21.056046
batch 8300/12592 loss=-14.562030
batch 8350/12592 loss=-6.649080
batch 8400/12592 loss=-20.428837
batch 8450/12592 loss=-10.134378
batch 8500/12592 loss=-14.008814
batch 8550/12592 loss=-14.869478
batch 8600/12592 loss=-20.099215
batch 8650/12592 loss=-13.823370
batch 8700/12592 loss=-13.889441
batch 8750/12592 loss=-8.362288
batch 8800/12592 loss=-14.275166
batch 8850/12592 loss=-21.997131
batch 8900/12592 loss=-22.599361
batch 8950/12592 loss=-13.391281
batch 9000/12592 loss=-15.118270
batch 9050/12592 loss=-26.415558
batch 9100/12592 loss=-16.810493
batch 9150/12592 loss=-17.982132
batch 9200/12592 loss=-15.102921
batch 9250/12592 loss=-21.517647
batch 9300/12592 loss=-26.195969
batch 9350/12592 loss=-23.607422
batch 9400/12592 loss=-21.840714
batch 9450/12592 loss=-12.393062
batch 9500/12592 loss=-6.960287
batch 9550/12592 loss=-10.549316
batch 9600/12592 loss=-13.577280
batch 9650/12592 loss=-9.447835
batch 9700/12592 loss=-16.148808
batch 9750/12592 loss=-9.306596
batch 9800/12592 loss=-8.338552
batch 9850/12592 loss=-13.929198
batch 9900/12592 loss=-17.388515
batch 9950/12592 loss=-6.651611
batch 10000/12592 loss=-14.556713
batch 10050/12592 loss=-4.459151
batch 10100/12592 loss=-13.813087
batch 10150/12592 loss=0.159512
batch 10200/12592 loss=-9.371515
batch 10250/12592 loss=-16.744349
batch 10300/12592 loss=-16.080269
batch 10350/12592 loss=-10.693806
batch 10400/12592 loss=-22.122042
batch 10450/12592 loss=-12.718145
batch 10500/12592 loss=-10.916048
batch 10550/12592 loss=-9.984579
batch 10600/12592 loss=-18.300135
batch 10650/12592 loss=-6.306517
batch 10700/12592 loss=-26.401939
batch 10750/12592 loss=-14.375689
batch 10800/12592 loss=-16.722782
batch 10850/12592 loss=-19.062160
batch 10900/12592 loss=-16.193491
batch 10950/12592 loss=-11.603388
batch 11000/12592 loss=-13.623863
batch 11050/12592 loss=-9.845667
batch 11100/12592 loss=-14.895864
batch 11150/12592 loss=-8.563662
batch 11200/12592 loss=-9.100121
batch 11250/12592 loss=-13.761787
batch 11300/12592 loss=-21.449013
batch 11350/12592 loss=-9.685307
batch 11400/12592 loss=-9.393404
batch 11450/12592 loss=-17.375877
batch 11500/12592 loss=-17.859661
batch 11550/12592 loss=-15.330318
batch 11600/12592 loss=-17.731695
batch 11650/12592 loss=-15.963754
batch 11700/12592 loss=-13.103986
batch 11750/12592 loss=-17.415081
batch 11800/12592 loss=-13.535517
batch 11850/12592 loss=-15.891898
batch 11900/12592 loss=-5.424797
batch 11950/12592 loss=-18.152260
batch 12000/12592 loss=-21.795929
batch 12050/12592 loss=-16.391878
batch 12100/12592 loss=-19.463928
batch 12150/12592 loss=-18.077335
batch 12200/12592 loss=-16.870100
batch 12250/12592 loss=-22.428806
batch 12300/12592 loss=-10.498871
batch 12350/12592 loss=-14.196081
batch 12400/12592 loss=-7.932467
batch 12450/12592 loss=-20.862080
batch 12500/12592 loss=-8.785744
batch 12550/12592 loss=-17.445259
epoch=60 train_loss=-13.519809 val_loss=-4.848629 minADE=0.721422 minFDE=0.831741 best=-19.057267 patience=38/50
batch 0/12592 loss=-3.015417
batch 50/12592 loss=-9.976599
batch 100/12592 loss=-13.386805
batch 150/12592 loss=-18.107367
batch 200/12592 loss=-16.796659
batch 250/12592 loss=-9.672546
batch 300/12592 loss=-7.593070
batch 350/12592 loss=-23.921333
batch 400/12592 loss=-22.896061
batch 450/12592 loss=-16.212399
batch 500/12592 loss=7.951818
batch 550/12592 loss=-12.148746
batch 600/12592 loss=-21.134026
batch 650/12592 loss=-16.606693
batch 700/12592 loss=-15.782132
batch 750/12592 loss=-18.581718
batch 800/12592 loss=-16.089760
batch 850/12592 loss=-19.315910
batch 900/12592 loss=-9.836686
batch 950/12592 loss=-12.170910
batch 1000/12592 loss=-13.568085
batch 1050/12592 loss=-19.286846
batch 1100/12592 loss=-22.943062
batch 1150/12592 loss=-18.641872
batch 1200/12592 loss=-10.723952
batch 1250/12592 loss=-17.255032
batch 1300/12592 loss=-24.238369
batch 1350/12592 loss=-22.182074
batch 1400/12592 loss=-14.774735
batch 1450/12592 loss=-14.089724
batch 1500/12592 loss=-13.555434
batch 1550/12592 loss=-22.677147
batch 1600/12592 loss=-16.799219
batch 1650/12592 loss=-10.612989
batch 1700/12592 loss=-21.845533
batch 1750/12592 loss=-26.899008
batch 1800/12592 loss=-15.419067
batch 1850/12592 loss=-10.489941
batch 1900/12592 loss=-19.064602
batch 1950/12592 loss=-17.056084
batch 2000/12592 loss=-16.845993
batch 2050/12592 loss=-11.144820
batch 2100/12592 loss=-19.802746
batch 2150/12592 loss=-19.622065
batch 2200/12592 loss=2.107589
batch 2250/12592 loss=-8.875149
batch 2300/12592 loss=-18.322941
batch 2350/12592 loss=-2.670317
batch 2400/12592 loss=-15.641498
batch 2450/12592 loss=-17.537716
batch 2500/12592 loss=-20.025543
batch 2550/12592 loss=-16.358570
batch 2600/12592 loss=-8.888943
batch 2650/12592 loss=-14.184625
batch 2700/12592 loss=-14.701668
batch 2750/12592 loss=-10.210382
batch 2800/12592 loss=-17.234587
batch 2850/12592 loss=-10.930635
batch 2900/12592 loss=-23.311852
batch 2950/12592 loss=-12.194266
batch 3000/12592 loss=-18.922812
batch 3050/12592 loss=-14.232557
batch 3100/12592 loss=-17.465935
batch 3150/12592 loss=-10.138412
batch 3200/12592 loss=-14.473922
batch 3250/12592 loss=-6.601161
batch 3300/12592 loss=-14.951347
batch 3350/12592 loss=-6.989715
batch 3400/12592 loss=-15.653727
batch 3450/12592 loss=-17.617189
batch 3500/12592 loss=-18.855690
batch 3550/12592 loss=-23.957699
batch 3600/12592 loss=-25.910553
batch 3650/12592 loss=-14.716135
batch 3700/12592 loss=-16.944208
batch 3750/12592 loss=-20.018967
batch 3800/12592 loss=-14.080604
batch 3850/12592 loss=-11.893689
batch 3900/12592 loss=-19.678810
batch 3950/12592 loss=-15.490587
batch 4000/12592 loss=-9.840146
batch 4050/12592 loss=-8.088428
batch 4100/12592 loss=-13.383564
batch 4150/12592 loss=-5.471027
batch 4200/12592 loss=-16.620266
batch 4250/12592 loss=-17.582386
batch 4300/12592 loss=-19.596355
batch 4350/12592 loss=-9.068327
batch 4400/12592 loss=-11.533908
batch 4450/12592 loss=-14.250744
batch 4500/12592 loss=-13.452236
batch 4550/12592 loss=-18.833118
batch 4600/12592 loss=-18.446007
batch 4650/12592 loss=-7.870861
batch 4700/12592 loss=-21.665188
batch 4750/12592 loss=-18.777435
batch 4800/12592 loss=-15.599638
batch 4850/12592 loss=-7.906460
batch 4900/12592 loss=-20.081522
batch 4950/12592 loss=-12.826385
batch 5000/12592 loss=-19.096409
batch 5050/12592 loss=-15.631786
batch 5100/12592 loss=-17.947870
batch 5150/12592 loss=-9.312220
batch 5200/12592 loss=-13.176552
batch 5250/12592 loss=-25.551788
batch 5300/12592 loss=-14.765276
batch 5350/12592 loss=-20.855730
batch 5400/12592 loss=-17.357307
batch 5450/12592 loss=-18.887966
batch 5500/12592 loss=-9.366232
batch 5550/12592 loss=-18.414703
batch 5600/12592 loss=-16.214067
batch 5650/12592 loss=-17.013794
batch 5700/12592 loss=-13.573957
batch 5750/12592 loss=-10.609271
batch 5800/12592 loss=-15.494677
batch 5850/12592 loss=-19.777782
batch 5900/12592 loss=-19.515285
batch 5950/12592 loss=-18.710131
batch 6000/12592 loss=-13.465065
batch 6050/12592 loss=-19.895645
batch 6100/12592 loss=-7.543031
batch 6150/12592 loss=-17.615242
batch 6200/12592 loss=-22.295132
batch 6250/12592 loss=-16.172127
batch 6300/12592 loss=-14.384005
batch 6350/12592 loss=-21.308731
batch 6400/12592 loss=-19.327892
batch 6450/12592 loss=-19.410967
batch 6500/12592 loss=-13.896357
batch 6550/12592 loss=-7.989009
batch 6600/12592 loss=-0.865104
batch 6650/12592 loss=-10.043490
batch 6700/12592 loss=-17.381065
batch 6750/12592 loss=-10.112647
batch 6800/12592 loss=-13.943020
batch 6850/12592 loss=-12.401731
batch 6900/12592 loss=-13.503404
batch 6950/12592 loss=-26.359009
batch 7000/12592 loss=-22.729362
batch 7050/12592 loss=-17.615295
batch 7100/12592 loss=-19.088146
batch 7150/12592 loss=-19.573551
batch 7200/12592 loss=-25.507732
batch 7250/12592 loss=-9.762706
batch 7300/12592 loss=-19.329468
batch 7350/12592 loss=-11.654311
batch 7400/12592 loss=-14.887470
batch 7450/12592 loss=-9.661354
batch 7500/12592 loss=-9.909115
batch 7550/12592 loss=-14.105347
batch 7600/12592 loss=-15.373869
batch 7650/12592 loss=-2.753641
batch 7700/12592 loss=-12.981508
batch 7750/12592 loss=-21.519836
batch 7800/12592 loss=-9.768238
batch 7850/12592 loss=-16.510897
batch 7900/12592 loss=-15.292681
batch 7950/12592 loss=-14.363290
batch 8000/12592 loss=-10.915695
batch 8050/12592 loss=-13.890400
batch 8100/12592 loss=-12.829988
batch 8150/12592 loss=-21.948772
batch 8200/12592 loss=-17.576046
batch 8250/12592 loss=-11.198176
batch 8300/12592 loss=-20.508688
batch 8350/12592 loss=-9.004282
batch 8400/12592 loss=-11.919390
batch 8450/12592 loss=-23.993832
batch 8500/12592 loss=-20.146524
batch 8550/12592 loss=-5.669485
batch 8600/12592 loss=-13.325191
batch 8650/12592 loss=-18.363043
batch 8700/12592 loss=-11.848114
batch 8750/12592 loss=-13.248243
batch 8800/12592 loss=-16.830328
batch 8850/12592 loss=-10.675529
batch 8900/12592 loss=-13.448376
batch 8950/12592 loss=-7.879320
batch 9000/12592 loss=-15.567678
batch 9050/12592 loss=-19.273130
batch 9100/12592 loss=-14.870067
batch 9150/12592 loss=-12.805752
batch 9200/12592 loss=-18.796747
batch 9250/12592 loss=-12.879466
batch 9300/12592 loss=-4.963393
batch 9350/12592 loss=-20.319927
batch 9400/12592 loss=-11.502471
batch 9450/12592 loss=-16.055862
batch 9500/12592 loss=-15.871646
batch 9550/12592 loss=-11.072829
batch 9600/12592 loss=-10.723442
batch 9650/12592 loss=-14.786823
batch 9700/12592 loss=-0.609305
batch 9750/12592 loss=-14.911692
batch 9800/12592 loss=-6.785143
batch 9850/12592 loss=-17.349895
batch 9900/12592 loss=-10.866119
batch 9950/12592 loss=-12.747401
batch 10000/12592 loss=-13.176489
batch 10050/12592 loss=-21.310633
batch 10100/12592 loss=-6.266104
batch 10150/12592 loss=-10.606695
batch 10200/12592 loss=-18.579750
batch 10250/12592 loss=-18.634838
batch 10300/12592 loss=-14.455971
batch 10350/12592 loss=-18.756351
batch 10400/12592 loss=-10.831661
batch 10450/12592 loss=-12.361980
batch 10500/12592 loss=-17.662764
batch 10550/12592 loss=-12.794451
batch 10600/12592 loss=-13.048233
batch 10650/12592 loss=-18.269592
batch 10700/12592 loss=-19.397678
batch 10750/12592 loss=-13.738098
batch 10800/12592 loss=-17.795212
batch 10850/12592 loss=-11.428564
batch 10900/12592 loss=-8.498913
batch 10950/12592 loss=-17.197762
batch 11000/12592 loss=-21.250546
batch 11050/12592 loss=-23.068047
batch 11100/12592 loss=-11.338916
batch 11150/12592 loss=0.741009
batch 11200/12592 loss=-16.761158
batch 11250/12592 loss=-20.231686
batch 11300/12592 loss=-11.230782
batch 11350/12592 loss=-12.014528
batch 11400/12592 loss=-6.579646
batch 11450/12592 loss=-19.148941
batch 11500/12592 loss=-15.818979
batch 11550/12592 loss=-17.666935
batch 11600/12592 loss=-11.820507
batch 11650/12592 loss=-15.447725
batch 11700/12592 loss=-21.566896
batch 11750/12592 loss=-6.980452
batch 11800/12592 loss=-10.854300
batch 11850/12592 loss=-23.534241
batch 11900/12592 loss=-12.106359
batch 11950/12592 loss=-18.093769
batch 12000/12592 loss=-22.266394
batch 12050/12592 loss=-21.029102
batch 12100/12592 loss=-11.109324
batch 12150/12592 loss=-16.288595
batch 12200/12592 loss=-18.206532
batch 12250/12592 loss=-11.243134
batch 12300/12592 loss=-23.050240
batch 12350/12592 loss=-11.746743
batch 12400/12592 loss=-20.639194
batch 12450/12592 loss=-19.837944
batch 12500/12592 loss=-14.620439
batch 12550/12592 loss=-15.531588
epoch=61 train_loss=-13.622488 val_loss=-10.422199 minADE=0.766507 minFDE=0.895849 best=-19.057267 patience=39/50
batch 0/12592 loss=-7.159436
batch 50/12592 loss=-10.013304
batch 100/12592 loss=-11.433445
batch 150/12592 loss=-6.778362
batch 200/12592 loss=-2.382293
batch 250/12592 loss=-20.529600
batch 300/12592 loss=-13.351303
batch 350/12592 loss=-14.095852
batch 400/12592 loss=-17.480810
batch 450/12592 loss=-22.358860
batch 500/12592 loss=-18.613560
batch 550/12592 loss=-5.136906
batch 600/12592 loss=-18.762730
batch 650/12592 loss=-18.541574
batch 700/12592 loss=-20.156952
batch 750/12592 loss=-12.419353
batch 800/12592 loss=-14.940580
batch 850/12592 loss=-22.467617
batch 900/12592 loss=-21.920771
batch 950/12592 loss=-9.569175
batch 1000/12592 loss=-14.044886
batch 1050/12592 loss=-9.201262
batch 1100/12592 loss=-23.392902
batch 1150/12592 loss=-21.187241
batch 1200/12592 loss=-10.990065
batch 1250/12592 loss=-6.636824
batch 1300/12592 loss=-2.764424
batch 1350/12592 loss=-9.686329
batch 1400/12592 loss=-17.063734
batch 1450/12592 loss=-14.247717
batch 1500/12592 loss=-21.544811
batch 1550/12592 loss=-9.260696
batch 1600/12592 loss=-21.881611
batch 1650/12592 loss=-22.328077
batch 1700/12592 loss=-16.188377
batch 1750/12592 loss=-15.037245
batch 1800/12592 loss=-13.948171
batch 1850/12592 loss=-21.249981
batch 1900/12592 loss=-12.994154
batch 1950/12592 loss=-10.657534
batch 2000/12592 loss=-9.614901
batch 2050/12592 loss=-13.532047
batch 2100/12592 loss=-14.191628
batch 2150/12592 loss=-9.083918
batch 2200/12592 loss=-20.276690
batch 2250/12592 loss=-17.708349
batch 2300/12592 loss=-20.735056
batch 2350/12592 loss=-11.321514
batch 2400/12592 loss=-27.789387
batch 2450/12592 loss=-14.440923
batch 2500/12592 loss=-23.406223
batch 2550/12592 loss=-17.864307
batch 2600/12592 loss=-12.521330
batch 2650/12592 loss=-10.231333
batch 2700/12592 loss=-17.558348
batch 2750/12592 loss=-15.618337
batch 2800/12592 loss=-13.210125
batch 2850/12592 loss=-21.705063
batch 2900/12592 loss=-14.433448
batch 2950/12592 loss=-10.913665
batch 3000/12592 loss=-27.392195
batch 3050/12592 loss=-21.873018
batch 3100/12592 loss=-21.995827
batch 3150/12592 loss=-6.759830
batch 3200/12592 loss=-11.908972
batch 3250/12592 loss=-15.626257
batch 3300/12592 loss=-14.028591
batch 3350/12592 loss=-5.589188
batch 3400/12592 loss=-27.945768
batch 3450/12592 loss=-12.415945
batch 3500/12592 loss=-17.800049
batch 3550/12592 loss=-15.443342
batch 3600/12592 loss=-21.260303
batch 3650/12592 loss=-7.982187
batch 3700/12592 loss=-16.136406
batch 3750/12592 loss=-5.687348
batch 3800/12592 loss=-13.855076
batch 3850/12592 loss=-12.146629
batch 3900/12592 loss=-21.171852
batch 3950/12592 loss=-6.220712
batch 4000/12592 loss=-12.557264
batch 4050/12592 loss=-13.501302
batch 4100/12592 loss=-10.566536
batch 4150/12592 loss=-13.137092
batch 4200/12592 loss=-16.311069
batch 4250/12592 loss=-10.670474
batch 4300/12592 loss=-14.584011
batch 4350/12592 loss=-20.213276
batch 4400/12592 loss=-10.858551
batch 4450/12592 loss=-20.741615
batch 4500/12592 loss=-11.231318
batch 4550/12592 loss=-19.374947
batch 4600/12592 loss=-12.527109
batch 4650/12592 loss=-13.324466
batch 4700/12592 loss=-12.043472
batch 4750/12592 loss=-15.434274
batch 4800/12592 loss=-14.694534
batch 4850/12592 loss=-11.361063
batch 4900/12592 loss=-20.718040
batch 4950/12592 loss=-8.540556
batch 5000/12592 loss=-12.335392
batch 5050/12592 loss=-1.315032
batch 5100/12592 loss=-18.555023
batch 5150/12592 loss=-12.907824
batch 5200/12592 loss=-11.459019
batch 5250/12592 loss=-16.118084
batch 5300/12592 loss=-15.508025
batch 5350/12592 loss=-12.785337
batch 5400/12592 loss=-16.639235
batch 5450/12592 loss=-22.211016
batch 5500/12592 loss=-20.649231
batch 5550/12592 loss=-16.542164
batch 5600/12592 loss=-7.773709
batch 5650/12592 loss=-15.641781
batch 5700/12592 loss=-17.775761
batch 5750/12592 loss=-10.348225
batch 5800/12592 loss=-12.830893
batch 5850/12592 loss=-8.056293
batch 5900/12592 loss=-3.550552
batch 5950/12592 loss=-5.822365
batch 6000/12592 loss=-11.411177
batch 6050/12592 loss=-2.199362
batch 6100/12592 loss=-19.166710
batch 6150/12592 loss=-11.267485
batch 6200/12592 loss=-10.021496
batch 6250/12592 loss=-13.341643
batch 6300/12592 loss=-7.953219
batch 6350/12592 loss=-17.355867
batch 6400/12592 loss=-13.746151
batch 6450/12592 loss=-22.343596
batch 6500/12592 loss=-12.507588
batch 6550/12592 loss=-17.009764
batch 6600/12592 loss=-15.210775
batch 6650/12592 loss=-8.243547
batch 6700/12592 loss=-15.637613
batch 6750/12592 loss=-12.935394
batch 6800/12592 loss=-16.850929
batch 6850/12592 loss=-14.061043
batch 6900/12592 loss=-15.397198
batch 6950/12592 loss=-17.420660
batch 7000/12592 loss=-14.921722
batch 7050/12592 loss=-20.555105
batch 7100/12592 loss=-10.806517
batch 7150/12592 loss=-17.820206
batch 7200/12592 loss=-15.397131
batch 7250/12592 loss=-17.672573
batch 7300/12592 loss=-10.008690
batch 7350/12592 loss=-9.418516
batch 7400/12592 loss=-24.431641
batch 7450/12592 loss=-21.654919
batch 7500/12592 loss=-16.658030
batch 7550/12592 loss=-23.143082
batch 7600/12592 loss=-12.163044
batch 7650/12592 loss=-11.611973
batch 7700/12592 loss=-13.906363
batch 7750/12592 loss=-12.791573
batch 7800/12592 loss=-13.795919
batch 7850/12592 loss=-15.321099
batch 7900/12592 loss=-17.234589
batch 7950/12592 loss=-4.530750
batch 8000/12592 loss=-19.575470
batch 8050/12592 loss=-15.331925
batch 8100/12592 loss=-12.672518
batch 8150/12592 loss=-10.997736
batch 8200/12592 loss=-13.393692
batch 8250/12592 loss=-21.867313
batch 8300/12592 loss=-15.980588
batch 8350/12592 loss=-18.125263
batch 8400/12592 loss=-15.735136
batch 8450/12592 loss=-19.781782
batch 8500/12592 loss=-13.591923
batch 8550/12592 loss=-9.573380
batch 8600/12592 loss=-10.407701
batch 8650/12592 loss=-14.998092
batch 8700/12592 loss=-6.411688
batch 8750/12592 loss=-16.157921
batch 8800/12592 loss=-8.725136
batch 8850/12592 loss=-17.155462
batch 8900/12592 loss=-12.392187
batch 8950/12592 loss=-15.146367
batch 9000/12592 loss=-12.302904
batch 9050/12592 loss=-9.850320
batch 9100/12592 loss=-10.952839
batch 9150/12592 loss=-11.740047
batch 9200/12592 loss=-28.061394
batch 9250/12592 loss=-14.320707
batch 9300/12592 loss=-9.605515
batch 9350/12592 loss=-14.552965
batch 9400/12592 loss=-14.828266
batch 9450/12592 loss=-14.552893
batch 9500/12592 loss=-18.972935
batch 9550/12592 loss=-9.663090
batch 9600/12592 loss=-21.276848
batch 9650/12592 loss=-13.921257
batch 9700/12592 loss=-9.067806
batch 9750/12592 loss=-17.444719
batch 9800/12592 loss=-14.830201
batch 9850/12592 loss=-18.034143
batch 9900/12592 loss=-22.865652
batch 9950/12592 loss=-8.243084
batch 10000/12592 loss=-21.478880
batch 10050/12592 loss=-6.976748
batch 10100/12592 loss=-9.515830
batch 10150/12592 loss=-5.536467
batch 10200/12592 loss=-11.112980
batch 10250/12592 loss=-21.139568
batch 10300/12592 loss=-12.936712
batch 10350/12592 loss=-16.449804
batch 10400/12592 loss=-10.095478
batch 10450/12592 loss=-18.012991
batch 10500/12592 loss=-16.108374
batch 10550/12592 loss=-18.645247
batch 10600/12592 loss=-20.156639
batch 10650/12592 loss=-11.439880
batch 10700/12592 loss=-11.382416
batch 10750/12592 loss=-11.538093
batch 10800/12592 loss=-9.172388
batch 10850/12592 loss=-17.603804
batch 10900/12592 loss=-13.934467
batch 10950/12592 loss=-6.827130
batch 11000/12592 loss=-26.977003
batch 11050/12592 loss=-16.960629
batch 11100/12592 loss=-17.065432
batch 11150/12592 loss=-28.375626
batch 11200/12592 loss=-7.821674
batch 11250/12592 loss=-19.011925
batch 11300/12592 loss=-6.085297
batch 11350/12592 loss=-17.274178
batch 11400/12592 loss=-16.755531
batch 11450/12592 loss=-10.649254
batch 11500/12592 loss=-8.354158
batch 11550/12592 loss=-17.146709
batch 11600/12592 loss=-7.727985
batch 11650/12592 loss=-15.425682
batch 11700/12592 loss=-10.808492
batch 11750/12592 loss=-19.440365
batch 11800/12592 loss=-10.886993
batch 11850/12592 loss=-19.087711
batch 11900/12592 loss=-17.328981
batch 11950/12592 loss=-7.234548
batch 12000/12592 loss=-16.548279
batch 12050/12592 loss=-9.668039
batch 12100/12592 loss=-11.072101
batch 12150/12592 loss=-20.962667
batch 12200/12592 loss=-15.558572
batch 12250/12592 loss=-14.339773
batch 12300/12592 loss=-20.016390
batch 12350/12592 loss=-13.261642
batch 12400/12592 loss=-8.212408
batch 12450/12592 loss=-10.625806
batch 12500/12592 loss=-14.129860
batch 12550/12592 loss=-8.405459
epoch=62 train_loss=-13.205390 val_loss=-9.048478 minADE=0.771908 minFDE=0.890025 best=-19.057267 patience=40/50
batch 0/12592 loss=-14.229183
batch 50/12592 loss=-12.189458
batch 100/12592 loss=-20.507870
batch 150/12592 loss=-11.144821
batch 200/12592 loss=-10.668026
batch 250/12592 loss=-5.192458
batch 300/12592 loss=-12.138468
batch 350/12592 loss=-13.025405
batch 400/12592 loss=-15.608383
batch 450/12592 loss=-14.172300
batch 500/12592 loss=-12.527426
batch 550/12592 loss=-16.183014
batch 600/12592 loss=-3.742317
batch 650/12592 loss=-13.470063
batch 700/12592 loss=-15.384217
batch 750/12592 loss=-18.558090
batch 800/12592 loss=-12.743767
batch 850/12592 loss=-18.280085
batch 900/12592 loss=-11.713651
batch 950/12592 loss=-13.670440
batch 1000/12592 loss=-25.908131
batch 1050/12592 loss=-14.199723
batch 1100/12592 loss=-11.448339
batch 1150/12592 loss=-17.427578
batch 1200/12592 loss=-27.012150
batch 1250/12592 loss=-8.905210
batch 1300/12592 loss=-5.510818
batch 1350/12592 loss=-7.428573
batch 1400/12592 loss=-14.139149
batch 1450/12592 loss=-8.934113
batch 1500/12592 loss=-5.133549
batch 1550/12592 loss=-9.268178
batch 1600/12592 loss=-9.303842
batch 1650/12592 loss=-17.976040
batch 1700/12592 loss=-12.210742
batch 1750/12592 loss=-14.293043
batch 1800/12592 loss=-16.495678
batch 1850/12592 loss=-12.349728
batch 1900/12592 loss=0.475955
batch 1950/12592 loss=-18.205814
batch 2000/12592 loss=-13.564268
batch 2050/12592 loss=-19.331160
batch 2100/12592 loss=-14.381968
batch 2150/12592 loss=-21.152359
batch 2200/12592 loss=-20.921185
batch 2250/12592 loss=-6.385241
batch 2300/12592 loss=-13.546228
batch 2350/12592 loss=-20.058056
batch 2400/12592 loss=-18.876659
batch 2450/12592 loss=-8.109530
batch 2500/12592 loss=-15.268724
batch 2550/12592 loss=-22.138344
batch 2600/12592 loss=-13.783529
batch 2650/12592 loss=-24.414646
batch 2700/12592 loss=-6.386784
batch 2750/12592 loss=-27.944086
batch 2800/12592 loss=-12.468384
batch 2850/12592 loss=-16.638597
batch 2900/12592 loss=-14.850409
batch 2950/12592 loss=-20.237036
batch 3000/12592 loss=-18.884953
batch 3050/12592 loss=-2.032146
batch 3100/12592 loss=-12.823931
batch 3150/12592 loss=-16.651430
batch 3200/12592 loss=-13.040548
batch 3250/12592 loss=-18.527042
batch 3300/12592 loss=-14.037963
batch 3350/12592 loss=-0.976674
batch 3400/12592 loss=-9.969726
batch 3450/12592 loss=-9.203016
batch 3500/12592 loss=-11.263544
batch 3550/12592 loss=-9.788708
batch 3600/12592 loss=-17.246655
batch 3650/12592 loss=-4.507699
batch 3700/12592 loss=-13.477972
batch 3750/12592 loss=-17.417313
batch 3800/12592 loss=-22.194225
batch 3850/12592 loss=-9.573114
batch 3900/12592 loss=-15.507445
batch 3950/12592 loss=-29.626684
batch 4000/12592 loss=-17.100098
batch 4050/12592 loss=-14.019946
batch 4100/12592 loss=-13.096478
batch 4150/12592 loss=-26.044258
batch 4200/12592 loss=-21.351322
batch 4250/12592 loss=-11.889155
batch 4300/12592 loss=-19.638859
batch 4350/12592 loss=-14.404663
batch 4400/12592 loss=-5.457957
batch 4450/12592 loss=-20.784893
batch 4500/12592 loss=-13.985684
batch 4550/12592 loss=-7.923057
batch 4600/12592 loss=-11.087038
batch 4650/12592 loss=-11.953657
batch 4700/12592 loss=-12.105397
batch 4750/12592 loss=-9.160918
batch 4800/12592 loss=-8.471483
batch 4850/12592 loss=-18.519894
batch 4900/12592 loss=-20.074844
batch 4950/12592 loss=-16.517120
batch 5000/12592 loss=-15.139219
batch 5050/12592 loss=-16.729212
batch 5100/12592 loss=-13.251066
batch 5150/12592 loss=-8.824020
batch 5200/12592 loss=-18.913181
batch 5250/12592 loss=-21.638657
batch 5300/12592 loss=-17.445423
batch 5350/12592 loss=-13.839635
batch 5400/12592 loss=-7.812114
batch 5450/12592 loss=-16.809711
batch 5500/12592 loss=-22.772814
batch 5550/12592 loss=-12.378542
batch 5600/12592 loss=-20.445038
batch 5650/12592 loss=-23.882648
batch 5700/12592 loss=-9.306481
batch 5750/12592 loss=-7.498494
batch 5800/12592 loss=-13.337393
batch 5850/12592 loss=-7.415819
batch 5900/12592 loss=-14.027252
batch 5950/12592 loss=-8.747430
batch 6000/12592 loss=-11.094640
batch 6050/12592 loss=-4.775466
batch 6100/12592 loss=-18.478559
batch 6150/12592 loss=-9.714493
batch 6200/12592 loss=-23.910912
batch 6250/12592 loss=-14.678158
batch 6300/12592 loss=-16.404955
batch 6350/12592 loss=-17.912174
batch 6400/12592 loss=-6.930538
batch 6450/12592 loss=-19.866964
batch 6500/12592 loss=-11.359722
batch 6550/12592 loss=-5.087359
batch 6600/12592 loss=-23.115902
batch 6650/12592 loss=-18.844303
batch 6700/12592 loss=-13.754433
batch 6750/12592 loss=-6.922746
batch 6800/12592 loss=-8.413709
batch 6850/12592 loss=-14.138727
batch 6900/12592 loss=-7.965779
batch 6950/12592 loss=-12.338131
batch 7000/12592 loss=-13.413902
batch 7050/12592 loss=-24.606562
batch 7100/12592 loss=-13.313686
batch 7150/12592 loss=-12.029621
batch 7200/12592 loss=-12.252564
batch 7250/12592 loss=-21.143147
batch 7300/12592 loss=-11.917809
batch 7350/12592 loss=-18.081968
batch 7400/12592 loss=-15.956028
batch 7450/12592 loss=-11.625700
batch 7500/12592 loss=-17.392731
batch 7550/12592 loss=-15.414287
batch 7600/12592 loss=-26.470203
batch 7650/12592 loss=-20.810982
batch 7700/12592 loss=-13.135186
batch 7750/12592 loss=-15.359411
batch 7800/12592 loss=-11.700006
batch 7850/12592 loss=-11.071786
batch 7900/12592 loss=-17.169834
batch 7950/12592 loss=-13.156277
batch 8000/12592 loss=-24.428713
batch 8050/12592 loss=-6.279471
batch 8100/12592 loss=-11.247117
batch 8150/12592 loss=-14.009744
batch 8200/12592 loss=-18.742325
batch 8250/12592 loss=-17.561649
batch 8300/12592 loss=-12.757469
batch 8350/12592 loss=-17.279858
batch 8400/12592 loss=-19.823446
batch 8450/12592 loss=-23.581917
batch 8500/12592 loss=-20.788727
batch 8550/12592 loss=-7.873159
batch 8600/12592 loss=-15.733969
batch 8650/12592 loss=-12.422916
batch 8700/12592 loss=-5.375721
batch 8750/12592 loss=-11.381015
batch 8800/12592 loss=-14.813173
batch 8850/12592 loss=-15.923803
batch 8900/12592 loss=-8.985392
batch 8950/12592 loss=-15.104426
batch 9000/12592 loss=-11.140385
batch 9050/12592 loss=-17.561983
batch 9100/12592 loss=-20.642645
batch 9150/12592 loss=-18.777027
batch 9200/12592 loss=-14.204757
batch 9250/12592 loss=-8.167756
batch 9300/12592 loss=-14.235964
batch 9350/12592 loss=-11.505917
batch 9400/12592 loss=-15.940478
batch 9450/12592 loss=-17.289928
batch 9500/12592 loss=-15.518702
batch 9550/12592 loss=4.048081
batch 9600/12592 loss=-16.201143
batch 9650/12592 loss=-22.608091
batch 9700/12592 loss=-14.742464
batch 9750/12592 loss=-21.015524
batch 9800/12592 loss=-16.472466
batch 9850/12592 loss=-23.621790
batch 9900/12592 loss=-22.048790
batch 9950/12592 loss=-14.580221
batch 10000/12592 loss=-15.849117
batch 10050/12592 loss=-19.329033
batch 10100/12592 loss=-22.322845
batch 10150/12592 loss=-12.911282
batch 10200/12592 loss=-13.141983
batch 10250/12592 loss=-15.677714
batch 10300/12592 loss=-6.734974
batch 10350/12592 loss=-20.299606
batch 10400/12592 loss=-15.073614
batch 10450/12592 loss=-18.738743
batch 10500/12592 loss=-13.345393
batch 10550/12592 loss=-14.045304
batch 10600/12592 loss=-17.299160
batch 10650/12592 loss=-24.562737
batch 10700/12592 loss=-12.320214
batch 10750/12592 loss=-18.000957
batch 10800/12592 loss=-24.719383
batch 10850/12592 loss=-17.559578
batch 10900/12592 loss=-17.378330
batch 10950/12592 loss=-27.115852
batch 11000/12592 loss=-22.349567
batch 11050/12592 loss=-13.379156
batch 11100/12592 loss=-19.270555
batch 11150/12592 loss=-17.931993
batch 11200/12592 loss=-13.852052
batch 11250/12592 loss=-10.327707
batch 11300/12592 loss=-20.259701
batch 11350/12592 loss=-19.969009
batch 11400/12592 loss=-17.362167
batch 11450/12592 loss=-15.485197
batch 11500/12592 loss=-11.436995
batch 11550/12592 loss=-1.532541
batch 11600/12592 loss=-18.435326
batch 11650/12592 loss=-16.451021
batch 11700/12592 loss=-9.179753
batch 11750/12592 loss=-13.944971
batch 11800/12592 loss=-18.681469
batch 11850/12592 loss=-9.011010
batch 11900/12592 loss=-12.284884
batch 11950/12592 loss=-13.845449
batch 12000/12592 loss=-13.593878
batch 12050/12592 loss=-5.410175
batch 12100/12592 loss=-10.876503
batch 12150/12592 loss=-8.061153
batch 12200/12592 loss=-1.959532
batch 12250/12592 loss=-12.400762
batch 12300/12592 loss=-13.405720
batch 12350/12592 loss=-17.406143
batch 12400/12592 loss=-13.227722
batch 12450/12592 loss=-13.057825
batch 12500/12592 loss=-15.917723
batch 12550/12592 loss=-14.509500
epoch=63 train_loss=-13.486360 val_loss=-10.649779 minADE=0.738704 minFDE=0.856730 best=-19.057267 patience=41/50
batch 0/12592 loss=-11.454948
batch 50/12592 loss=-16.121778
batch 100/12592 loss=-9.235380
batch 150/12592 loss=-26.045898
batch 200/12592 loss=-15.331669
batch 250/12592 loss=-17.932476
batch 300/12592 loss=-19.738476
batch 350/12592 loss=-18.453297
batch 400/12592 loss=-17.917589
batch 450/12592 loss=-4.460411
batch 500/12592 loss=-15.779116
batch 550/12592 loss=-14.156696
batch 600/12592 loss=-12.442310
batch 650/12592 loss=-20.774723
batch 700/12592 loss=-23.409325
batch 750/12592 loss=-8.967264
batch 800/12592 loss=-12.972126
batch 850/12592 loss=-13.956676
batch 900/12592 loss=-7.131096
batch 950/12592 loss=-20.791674
batch 1000/12592 loss=-14.293224
batch 1050/12592 loss=-13.084016
batch 1100/12592 loss=-12.491328
batch 1150/12592 loss=-10.450911
batch 1200/12592 loss=-11.837814
batch 1250/12592 loss=-19.606686
batch 1300/12592 loss=-15.534750
batch 1350/12592 loss=-19.533222
batch 1400/12592 loss=-7.787380
batch 1450/12592 loss=-10.163230
batch 1500/12592 loss=-10.316442
batch 1550/12592 loss=-19.399643
batch 1600/12592 loss=-14.543503
batch 1650/12592 loss=-20.721855
batch 1700/12592 loss=-16.351124
batch 1750/12592 loss=-11.934370
batch 1800/12592 loss=-7.747761
batch 1850/12592 loss=-3.289443
batch 1900/12592 loss=-18.208250
batch 1950/12592 loss=-16.794643
batch 2000/12592 loss=-11.399044
batch 2050/12592 loss=-12.464931
batch 2100/12592 loss=-14.147933
batch 2150/12592 loss=-11.877260
batch 2200/12592 loss=-12.111386
batch 2250/12592 loss=-9.866964
batch 2300/12592 loss=-23.040077
batch 2350/12592 loss=-10.938087
batch 2400/12592 loss=-11.245704
batch 2450/12592 loss=-12.154533
batch 2500/12592 loss=-7.784442
batch 2550/12592 loss=-14.587490
batch 2600/12592 loss=-17.256136
batch 2650/12592 loss=-21.415644
batch 2700/12592 loss=-15.259300
batch 2750/12592 loss=-15.265903
batch 2800/12592 loss=-23.043745
batch 2850/12592 loss=-11.367779
batch 2900/12592 loss=-17.281397
batch 2950/12592 loss=-9.563062
batch 3000/12592 loss=-15.155042
batch 3050/12592 loss=-13.252281
batch 3100/12592 loss=-11.790465
batch 3150/12592 loss=-3.142721
batch 3200/12592 loss=-6.657803
batch 3250/12592 loss=2.528335
batch 3300/12592 loss=-6.496052
batch 3350/12592 loss=-11.804230
batch 3400/12592 loss=-21.426935
batch 3450/12592 loss=-12.314999
batch 3500/12592 loss=-12.275711
batch 3550/12592 loss=-19.151836
batch 3600/12592 loss=-20.652111
batch 3650/12592 loss=-10.444323
batch 3700/12592 loss=-9.680128
batch 3750/12592 loss=-15.795275
batch 3800/12592 loss=-23.380531
batch 3850/12592 loss=-21.227161
batch 3900/12592 loss=-7.637056
batch 3950/12592 loss=-10.760738
batch 4000/12592 loss=-6.672021
batch 4050/12592 loss=-6.135581
batch 4100/12592 loss=-15.194566
batch 4150/12592 loss=-13.184243
batch 4200/12592 loss=-5.780546
batch 4250/12592 loss=-26.878025
batch 4300/12592 loss=-12.014652
batch 4350/12592 loss=-20.820515
batch 4400/12592 loss=-17.371918
batch 4450/12592 loss=-17.261475
batch 4500/12592 loss=-8.950777
batch 4550/12592 loss=-10.996211
batch 4600/12592 loss=-14.921164
batch 4650/12592 loss=-11.280272
batch 4700/12592 loss=-12.066055
batch 4750/12592 loss=-16.735607
batch 4800/12592 loss=-14.026785
batch 4850/12592 loss=-14.631770
batch 4900/12592 loss=-21.211710
batch 4950/12592 loss=-4.532598
batch 5000/12592 loss=-18.687824
batch 5050/12592 loss=0.993141
batch 5100/12592 loss=-17.229998
batch 5150/12592 loss=-22.354967
batch 5200/12592 loss=-12.073952
batch 5250/12592 loss=-18.251854
batch 5300/12592 loss=-12.894495
batch 5350/12592 loss=-17.031700
batch 5400/12592 loss=-17.712391
batch 5450/12592 loss=-8.594094
batch 5500/12592 loss=-13.804279
batch 5550/12592 loss=-9.403189
batch 5600/12592 loss=-21.682518
batch 5650/12592 loss=-18.872877
batch 5700/12592 loss=-18.012020
batch 5750/12592 loss=-17.733265
batch 5800/12592 loss=-12.855809
batch 5850/12592 loss=-14.231349
batch 5900/12592 loss=-18.454517
batch 5950/12592 loss=-16.234997
batch 6000/12592 loss=-28.542862
batch 6050/12592 loss=-11.906628
batch 6100/12592 loss=-10.894384
batch 6150/12592 loss=-21.031782
batch 6200/12592 loss=-13.687692
batch 6250/12592 loss=-12.651031
batch 6300/12592 loss=-8.458811
batch 6350/12592 loss=-20.151497
batch 6400/12592 loss=-16.342199
batch 6450/12592 loss=-14.548957
batch 6500/12592 loss=-15.397870
batch 6550/12592 loss=-10.009933
batch 6600/12592 loss=-16.735868
batch 6650/12592 loss=-20.570847
batch 6700/12592 loss=-19.306860
batch 6750/12592 loss=-19.724678
batch 6800/12592 loss=-13.782122
batch 6850/12592 loss=-26.019855
batch 6900/12592 loss=-19.769295
batch 6950/12592 loss=-24.249680
batch 7000/12592 loss=-15.958242
batch 7050/12592 loss=-12.771651
batch 7100/12592 loss=-9.768910
batch 7150/12592 loss=-17.477999
batch 7200/12592 loss=-14.651007
batch 7250/12592 loss=-12.436384
batch 7300/12592 loss=-15.290668
batch 7350/12592 loss=-15.341142
batch 7400/12592 loss=-11.570001
batch 7450/12592 loss=-19.442675
batch 7500/12592 loss=-19.347975
batch 7550/12592 loss=-14.021529
batch 7600/12592 loss=-7.813921
batch 7650/12592 loss=-14.892349
batch 7700/12592 loss=-6.557483
batch 7750/12592 loss=-9.145558
batch 7800/12592 loss=-16.901590
batch 7850/12592 loss=-18.494801
batch 7900/12592 loss=-11.319881
batch 7950/12592 loss=-11.892154
batch 8000/12592 loss=-18.167995
batch 8050/12592 loss=-14.151330
batch 8100/12592 loss=-15.682137
batch 8150/12592 loss=-4.158158
batch 8200/12592 loss=-17.088207
batch 8250/12592 loss=-17.961899
batch 8300/12592 loss=-19.196894
batch 8350/12592 loss=-8.829012
batch 8400/12592 loss=-16.777033
batch 8450/12592 loss=-20.306622
batch 8500/12592 loss=-13.658693
batch 8550/12592 loss=-9.232482
batch 8600/12592 loss=-19.014050
batch 8650/12592 loss=-15.324240
batch 8700/12592 loss=-17.003517
batch 8750/12592 loss=-20.272999
batch 8800/12592 loss=-11.243660
batch 8850/12592 loss=-10.357672
batch 8900/12592 loss=-13.674972
batch 8950/12592 loss=-11.711448
batch 9000/12592 loss=-13.753314
batch 9050/12592 loss=-8.211784
batch 9100/12592 loss=-9.455872
batch 9150/12592 loss=-10.303453
batch 9200/12592 loss=-15.900871
batch 9250/12592 loss=-10.559347
batch 9300/12592 loss=-10.042268
batch 9350/12592 loss=-19.876627
batch 9400/12592 loss=-12.673802
batch 9450/12592 loss=-10.769654
batch 9500/12592 loss=-15.656699
batch 9550/12592 loss=-22.043079
batch 9600/12592 loss=-14.385582
batch 9650/12592 loss=-12.224915
batch 9700/12592 loss=-19.027409
batch 9750/12592 loss=-12.074666
batch 9800/12592 loss=-14.850980
batch 9850/12592 loss=-15.484325
batch 9900/12592 loss=-15.300896
batch 9950/12592 loss=-4.876074
batch 10000/12592 loss=-8.410805
batch 10050/12592 loss=-26.833351
batch 10100/12592 loss=-16.692347
batch 10150/12592 loss=-13.410078
batch 10200/12592 loss=-23.151012
batch 10250/12592 loss=-8.034526
batch 10300/12592 loss=-13.780122
batch 10350/12592 loss=-12.844959
batch 10400/12592 loss=-16.364342
batch 10450/12592 loss=-17.313606
batch 10500/12592 loss=-30.013287
batch 10550/12592 loss=-24.546810
batch 10600/12592 loss=-12.550455
batch 10650/12592 loss=-13.620462
batch 10700/12592 loss=-17.284306
batch 10750/12592 loss=-16.510950
batch 10800/12592 loss=-8.679114
batch 10850/12592 loss=-12.920071
batch 10900/12592 loss=-12.111828
batch 10950/12592 loss=-21.895042
batch 11000/12592 loss=-17.565514
batch 11050/12592 loss=-5.615969
batch 11100/12592 loss=-8.137796
batch 11150/12592 loss=-14.619959
batch 11200/12592 loss=-14.973378
batch 11250/12592 loss=-11.693652
batch 11300/12592 loss=-10.164230
batch 11350/12592 loss=-12.817535
batch 11400/12592 loss=-14.631814
batch 11450/12592 loss=-15.428718
batch 11500/12592 loss=-10.311090
batch 11550/12592 loss=-10.704114
batch 11600/12592 loss=-17.531677
batch 11650/12592 loss=-2.159620
batch 11700/12592 loss=-13.841970
batch 11750/12592 loss=-21.270531
batch 11800/12592 loss=-20.214424
batch 11850/12592 loss=2.688359
batch 11900/12592 loss=-17.401129
batch 11950/12592 loss=-8.375169
batch 12000/12592 loss=-17.581978
batch 12050/12592 loss=-29.271046
batch 12100/12592 loss=-6.726336
batch 12150/12592 loss=-21.530651
batch 12200/12592 loss=-18.500076
batch 12250/12592 loss=-10.746419
batch 12300/12592 loss=-21.474327
batch 12350/12592 loss=-6.675778
batch 12400/12592 loss=-19.443602
batch 12450/12592 loss=-17.733147
batch 12500/12592 loss=-14.369706
batch 12550/12592 loss=-13.977179
epoch=64 train_loss=-13.241030 val_loss=-16.107473 minADE=0.714297 minFDE=0.846057 best=-19.057267 patience=42/50
batch 0/12592 loss=-21.283062
batch 50/12592 loss=-16.832312
batch 100/12592 loss=-23.658642
batch 150/12592 loss=-12.037386
batch 200/12592 loss=-10.840586
batch 250/12592 loss=-26.536100
batch 300/12592 loss=-12.852932
batch 350/12592 loss=-8.308371
batch 400/12592 loss=-15.208622
batch 450/12592 loss=-15.116236
batch 500/12592 loss=-7.240191
batch 550/12592 loss=-19.302450
batch 600/12592 loss=-19.136448
batch 650/12592 loss=-21.894894
batch 700/12592 loss=-5.855902
batch 750/12592 loss=-16.012466
batch 800/12592 loss=-22.375740
batch 850/12592 loss=-14.099096
batch 900/12592 loss=-9.390344
batch 950/12592 loss=-17.689453
batch 1000/12592 loss=-11.444893
batch 1050/12592 loss=-16.449755
batch 1100/12592 loss=-11.301363
batch 1150/12592 loss=-23.779472
batch 1200/12592 loss=-13.389874
batch 1250/12592 loss=-18.955505
batch 1300/12592 loss=-14.408674
batch 1350/12592 loss=-16.580822
batch 1400/12592 loss=-13.031733
batch 1450/12592 loss=-10.867895
batch 1500/12592 loss=-15.104626
batch 1550/12592 loss=-20.766745
batch 1600/12592 loss=-21.543608
batch 1650/12592 loss=-14.864568
batch 1700/12592 loss=-12.977901
batch 1750/12592 loss=-15.784545
batch 1800/12592 loss=-14.154813
batch 1850/12592 loss=-13.124668
batch 1900/12592 loss=-10.525085
batch 1950/12592 loss=-14.496546
batch 2000/12592 loss=-24.109921
batch 2050/12592 loss=-9.646583
batch 2100/12592 loss=-10.874823
batch 2150/12592 loss=-14.000565
batch 2200/12592 loss=-17.095493
batch 2250/12592 loss=-20.506443
batch 2300/12592 loss=-12.671124
batch 2350/12592 loss=-16.980848
batch 2400/12592 loss=-4.740798
batch 2450/12592 loss=-5.909553
batch 2500/12592 loss=-18.736975
batch 2550/12592 loss=-4.559440
batch 2600/12592 loss=-9.058451
batch 2650/12592 loss=-12.199541
batch 2700/12592 loss=-24.022602
batch 2750/12592 loss=-3.022705
batch 2800/12592 loss=-11.994805
batch 2850/12592 loss=-6.055596
batch 2900/12592 loss=-14.008183
batch 2950/12592 loss=-13.175179
batch 3000/12592 loss=-15.588234
batch 3050/12592 loss=-24.553761
batch 3100/12592 loss=-10.814208
batch 3150/12592 loss=-14.437817
batch 3200/12592 loss=-4.687426
batch 3250/12592 loss=-15.262891
batch 3300/12592 loss=-8.251531
batch 3350/12592 loss=-18.812235
batch 3400/12592 loss=-20.457739
batch 3450/12592 loss=-16.441326
batch 3500/12592 loss=-12.697443
batch 3550/12592 loss=-10.832218
batch 3600/12592 loss=-16.665405
batch 3650/12592 loss=-18.978086
batch 3700/12592 loss=-10.631800
batch 3750/12592 loss=-11.135686
batch 3800/12592 loss=-11.399563
batch 3850/12592 loss=-14.765003
batch 3900/12592 loss=-7.559213
batch 3950/12592 loss=-13.585032
batch 4000/12592 loss=-13.290272
batch 4050/12592 loss=-16.208021
batch 4100/12592 loss=-18.132286
batch 4150/12592 loss=-25.724951
batch 4200/12592 loss=-9.377645
batch 4250/12592 loss=-16.134344
batch 4300/12592 loss=-17.387630
batch 4350/12592 loss=-17.346651
batch 4400/12592 loss=-13.138231
batch 4450/12592 loss=-10.743903
batch 4500/12592 loss=-14.038360
batch 4550/12592 loss=-16.314627
batch 4600/12592 loss=-6.189586
batch 4650/12592 loss=-12.426397
batch 4700/12592 loss=-16.889788
batch 4750/12592 loss=-4.940345
batch 4800/12592 loss=-9.975196
batch 4850/12592 loss=-19.995628
batch 4900/12592 loss=-6.369530
batch 4950/12592 loss=-12.225267
batch 5000/12592 loss=-16.855663
batch 5050/12592 loss=-17.694077
batch 5100/12592 loss=-18.076082
batch 5150/12592 loss=-22.433922
batch 5200/12592 loss=-19.892897
batch 5250/12592 loss=-18.475412
batch 5300/12592 loss=-21.204121
batch 5350/12592 loss=-8.620427
batch 5400/12592 loss=-12.975101
batch 5450/12592 loss=-10.950938
batch 5500/12592 loss=-19.694641
batch 5550/12592 loss=-13.648657
batch 5600/12592 loss=-11.038937
batch 5650/12592 loss=-9.683767
batch 5700/12592 loss=-12.136459
batch 5750/12592 loss=-19.845566
batch 5800/12592 loss=-11.584839
batch 5850/12592 loss=-16.770098
batch 5900/12592 loss=-7.868485
batch 5950/12592 loss=-20.306204
batch 6000/12592 loss=-7.515200
batch 6050/12592 loss=-11.657112
batch 6100/12592 loss=-17.651005
batch 6150/12592 loss=-17.786953
batch 6200/12592 loss=-15.655831
batch 6250/12592 loss=-8.392774
batch 6300/12592 loss=-14.448900
batch 6350/12592 loss=-8.230397
batch 6400/12592 loss=-20.433195
batch 6450/12592 loss=-15.874434
batch 6500/12592 loss=-11.955961
batch 6550/12592 loss=-7.847943
batch 6600/12592 loss=-19.806927
batch 6650/12592 loss=-4.307954
batch 6700/12592 loss=-12.850426
batch 6750/12592 loss=-19.150707
batch 6800/12592 loss=4.089229
batch 6850/12592 loss=-18.187027
batch 6900/12592 loss=-4.534509
batch 6950/12592 loss=-15.209963
batch 7000/12592 loss=-12.592170
batch 7050/12592 loss=-12.838657
batch 7100/12592 loss=-16.418749
batch 7150/12592 loss=-13.895935
batch 7200/12592 loss=-14.678407
batch 7250/12592 loss=-5.025155
batch 7300/12592 loss=-19.821716
batch 7350/12592 loss=-16.123161
batch 7400/12592 loss=-16.142420
batch 7450/12592 loss=-15.308368
batch 7500/12592 loss=-24.068184
batch 7550/12592 loss=-14.275414
batch 7600/12592 loss=-12.391022
batch 7650/12592 loss=-15.878279
batch 7700/12592 loss=-19.685246
batch 7750/12592 loss=-17.536394
batch 7800/12592 loss=-19.082359
batch 7850/12592 loss=-20.417423
batch 7900/12592 loss=-12.798815
batch 7950/12592 loss=-11.253765
batch 8000/12592 loss=-16.451427
batch 8050/12592 loss=-4.961555
batch 8100/12592 loss=-8.693520
batch 8150/12592 loss=-11.433783
batch 8200/12592 loss=-12.124086
batch 8250/12592 loss=-12.623106
batch 8300/12592 loss=-13.390944
batch 8350/12592 loss=-11.013489
batch 8400/12592 loss=-5.440501
batch 8450/12592 loss=-20.946527
batch 8500/12592 loss=-7.735157
batch 8550/12592 loss=-6.842948
batch 8600/12592 loss=-11.909485
batch 8650/12592 loss=-12.144999
batch 8700/12592 loss=-10.373093
batch 8750/12592 loss=-20.911980
batch 8800/12592 loss=-22.205286
batch 8850/12592 loss=-16.236965
batch 8900/12592 loss=-10.636376
batch 8950/12592 loss=-20.744965
batch 9000/12592 loss=-23.840271
batch 9050/12592 loss=-17.309715
batch 9100/12592 loss=-9.360929
batch 9150/12592 loss=-18.939749
batch 9200/12592 loss=-18.418098
batch 9250/12592 loss=-15.901447
batch 9300/12592 loss=-11.998030
batch 9350/12592 loss=-9.710447
batch 9400/12592 loss=-10.872696
batch 9450/12592 loss=-16.933102
batch 9500/12592 loss=-16.270575
batch 9550/12592 loss=-13.051435
batch 9600/12592 loss=-13.104563
batch 9650/12592 loss=-16.145737
batch 9700/12592 loss=-13.758548
batch 9750/12592 loss=-6.334579
batch 9800/12592 loss=-19.675053
batch 9850/12592 loss=-15.518285
batch 9900/12592 loss=-15.326163
batch 9950/12592 loss=-20.702530
batch 10000/12592 loss=-9.352564
batch 10050/12592 loss=-20.791840
batch 10100/12592 loss=-13.261545
batch 10150/12592 loss=-8.174917
batch 10200/12592 loss=-15.498941
batch 10250/12592 loss=-10.749747
batch 10300/12592 loss=-11.147124
batch 10350/12592 loss=-18.973053
batch 10400/12592 loss=-23.378721
batch 10450/12592 loss=-6.372969
batch 10500/12592 loss=-12.392687
batch 10550/12592 loss=-10.149164
batch 10600/12592 loss=-13.789688
batch 10650/12592 loss=-13.102428
batch 10700/12592 loss=-17.814753
batch 10750/12592 loss=-17.561447
batch 10800/12592 loss=-12.891707
batch 10850/12592 loss=-11.858058
batch 10900/12592 loss=-8.302469
batch 10950/12592 loss=-8.130596
batch 11000/12592 loss=-6.817183
batch 11050/12592 loss=-20.244158
batch 11100/12592 loss=-14.218899
batch 11150/12592 loss=-10.656396
batch 11200/12592 loss=-3.786154
batch 11250/12592 loss=-18.634590
batch 11300/12592 loss=-18.679821
batch 11350/12592 loss=-20.671879
batch 11400/12592 loss=-10.285488
batch 11450/12592 loss=-15.306426
batch 11500/12592 loss=-13.034609
batch 11550/12592 loss=-15.383440
batch 11600/12592 loss=-19.474102
batch 11650/12592 loss=-11.911646
batch 11700/12592 loss=-6.872191
batch 11750/12592 loss=-6.963609
batch 11800/12592 loss=-25.007401
batch 11850/12592 loss=-18.217810
batch 11900/12592 loss=-4.636035
batch 11950/12592 loss=-19.650803
batch 12000/12592 loss=-27.926582
batch 12050/12592 loss=-12.509674
batch 12100/12592 loss=-14.709721
batch 12150/12592 loss=-16.478489
batch 12200/12592 loss=-19.797474
batch 12250/12592 loss=-12.090622
batch 12300/12592 loss=-2.115329
batch 12350/12592 loss=-13.775806
batch 12400/12592 loss=-3.540327
batch 12450/12592 loss=-11.658692
batch 12500/12592 loss=-11.784920
batch 12550/12592 loss=4.285882
epoch=65 train_loss=-13.495848 val_loss=-8.753153 minADE=0.772714 minFDE=0.910693 best=-19.057267 patience=43/50
batch 0/12592 loss=-13.972633
batch 50/12592 loss=-6.265946
batch 100/12592 loss=-10.470845
batch 150/12592 loss=-12.466011
batch 200/12592 loss=-23.642969
batch 250/12592 loss=-16.059631
batch 300/12592 loss=-13.839565
batch 350/12592 loss=-19.450798
batch 400/12592 loss=-9.592964
batch 450/12592 loss=-5.916567
batch 500/12592 loss=-11.308972
batch 550/12592 loss=-15.190002
batch 600/12592 loss=-6.619236
batch 650/12592 loss=-15.446344
batch 700/12592 loss=-17.470337
batch 750/12592 loss=-16.206429
batch 800/12592 loss=-29.507971
batch 850/12592 loss=-10.598158
batch 900/12592 loss=-3.573033
batch 950/12592 loss=-17.977699
batch 1000/12592 loss=-22.295961
batch 1050/12592 loss=-9.560975
batch 1100/12592 loss=-23.489716
batch 1150/12592 loss=-19.303419
batch 1200/12592 loss=-15.668850
batch 1250/12592 loss=-15.858583
batch 1300/12592 loss=-8.194964
batch 1350/12592 loss=-7.353703
batch 1400/12592 loss=-16.189005
batch 1450/12592 loss=-18.999653
batch 1500/12592 loss=-18.085169
batch 1550/12592 loss=-22.450043
batch 1600/12592 loss=-10.999821
batch 1650/12592 loss=-14.295321
batch 1700/12592 loss=-20.361551
batch 1750/12592 loss=1.196945
batch 1800/12592 loss=-11.989874
batch 1850/12592 loss=-13.678802
batch 1900/12592 loss=-12.162473
batch 1950/12592 loss=-19.285589
batch 2000/12592 loss=-13.669294
batch 2050/12592 loss=-6.997718
batch 2100/12592 loss=-11.248090
batch 2150/12592 loss=4.765598
batch 2200/12592 loss=-7.253319
batch 2250/12592 loss=-16.258602
batch 2300/12592 loss=-10.633165
batch 2350/12592 loss=-22.959318
batch 2400/12592 loss=-15.461426
batch 2450/12592 loss=-22.063950
batch 2500/12592 loss=-13.228598
batch 2550/12592 loss=-9.138157
batch 2600/12592 loss=-8.105478
batch 2650/12592 loss=-9.214451
batch 2700/12592 loss=-10.022321
batch 2750/12592 loss=-16.617825
batch 2800/12592 loss=-11.021351
batch 2850/12592 loss=-7.712783
batch 2900/12592 loss=-17.995186
batch 2950/12592 loss=-13.288396
batch 3000/12592 loss=-16.755051
batch 3050/12592 loss=-16.822651
batch 3100/12592 loss=-17.217712
batch 3150/12592 loss=-16.488472
batch 3200/12592 loss=-4.232848
batch 3250/12592 loss=-8.120593
batch 3300/12592 loss=-6.776295
batch 3350/12592 loss=-19.628212
batch 3400/12592 loss=-22.079685
batch 3450/12592 loss=-14.629983
batch 3500/12592 loss=-10.533352
batch 3550/12592 loss=-15.748281
batch 3600/12592 loss=-16.091648
batch 3650/12592 loss=-18.157585
batch 3700/12592 loss=-7.491514
batch 3750/12592 loss=-18.421677
batch 3800/12592 loss=-17.741421
batch 3850/12592 loss=-10.993540
batch 3900/12592 loss=-19.545198
batch 3950/12592 loss=-10.028267
batch 4000/12592 loss=-14.223797
batch 4050/12592 loss=-1.243120
batch 4100/12592 loss=-13.714243
batch 4150/12592 loss=-9.408278
batch 4200/12592 loss=-8.704162
batch 4250/12592 loss=-18.718189
batch 4300/12592 loss=-13.513556
batch 4350/12592 loss=-14.241731
batch 4400/12592 loss=-24.267658
batch 4450/12592 loss=-14.924515
batch 4500/12592 loss=-11.134047
batch 4550/12592 loss=-7.788394
batch 4600/12592 loss=-20.821823
batch 4650/12592 loss=-5.903930
batch 4700/12592 loss=-10.861811
batch 4750/12592 loss=-8.050999
batch 4800/12592 loss=-11.514277
batch 4850/12592 loss=-13.287070
batch 4900/12592 loss=-13.405648
batch 4950/12592 loss=-18.213949
batch 5000/12592 loss=-21.337454
batch 5050/12592 loss=-21.152435
batch 5100/12592 loss=-20.882669
batch 5150/12592 loss=-17.026953
batch 5200/12592 loss=-11.130009
batch 5250/12592 loss=-4.258053
batch 5300/12592 loss=-21.903866
batch 5350/12592 loss=-14.058340
batch 5400/12592 loss=-17.471378
batch 5450/12592 loss=-14.335015
batch 5500/12592 loss=-4.772389
batch 5550/12592 loss=-16.431290
batch 5600/12592 loss=-8.984196
batch 5650/12592 loss=-13.699063
batch 5700/12592 loss=-15.244260
batch 5750/12592 loss=-10.116801
batch 5800/12592 loss=-11.232040
batch 5850/12592 loss=-17.830990
batch 5900/12592 loss=-6.946970
batch 5950/12592 loss=-18.623444
batch 6000/12592 loss=-14.347338
batch 6050/12592 loss=-17.140520
batch 6100/12592 loss=-14.776928
batch 6150/12592 loss=-9.115795
batch 6200/12592 loss=-15.288116
batch 6250/12592 loss=-14.774098
batch 6300/12592 loss=-17.792032
batch 6350/12592 loss=-16.068760
batch 6400/12592 loss=-9.178139
batch 6450/12592 loss=-22.791950
batch 6500/12592 loss=-9.616808
batch 6550/12592 loss=-23.171854
batch 6600/12592 loss=-11.384637
batch 6650/12592 loss=-7.098196
batch 6700/12592 loss=-9.981234
batch 6750/12592 loss=-21.121811
batch 6800/12592 loss=-16.763504
batch 6850/12592 loss=-12.747642
batch 6900/12592 loss=-10.301847
batch 6950/12592 loss=-16.237368
batch 7000/12592 loss=-19.491287
batch 7050/12592 loss=-12.379940
batch 7100/12592 loss=-16.899097
batch 7150/12592 loss=-14.578362
batch 7200/12592 loss=-10.096437
batch 7250/12592 loss=-14.502791
batch 7300/12592 loss=-12.590670
batch 7350/12592 loss=-13.340878
batch 7400/12592 loss=-11.753185
batch 7450/12592 loss=-18.832304
batch 7500/12592 loss=-11.782562
batch 7550/12592 loss=-28.717041
batch 7600/12592 loss=-7.554499
batch 7650/12592 loss=-17.171217
batch 7700/12592 loss=-11.849768
batch 7750/12592 loss=-7.595586
batch 7800/12592 loss=-14.595166
batch 7850/12592 loss=-20.341221
batch 7900/12592 loss=-18.440056
batch 7950/12592 loss=-8.074008
batch 8000/12592 loss=-21.553989
batch 8050/12592 loss=-20.284519
batch 8100/12592 loss=-16.993069
batch 8150/12592 loss=-22.305462
batch 8200/12592 loss=-17.360891
batch 8250/12592 loss=-19.402782
batch 8300/12592 loss=-12.623178
batch 8350/12592 loss=-7.116183
batch 8400/12592 loss=-26.520660
batch 8450/12592 loss=-14.212964
batch 8500/12592 loss=-19.150478
batch 8550/12592 loss=-10.217495
batch 8600/12592 loss=-15.316803
batch 8650/12592 loss=-11.103434
batch 8700/12592 loss=-21.987768
batch 8750/12592 loss=-24.421772
batch 8800/12592 loss=-13.417516
batch 8850/12592 loss=-15.512980
batch 8900/12592 loss=-16.474154
batch 8950/12592 loss=-9.924604
batch 9000/12592 loss=-20.641968
batch 9050/12592 loss=-7.783163
batch 9100/12592 loss=-27.164087
batch 9150/12592 loss=10.897305
batch 9200/12592 loss=-18.006294
batch 9250/12592 loss=-18.422703
batch 9300/12592 loss=-13.361540
batch 9350/12592 loss=-11.839272
batch 9400/12592 loss=-13.331306
batch 9450/12592 loss=-13.487494
batch 9500/12592 loss=-9.520329
batch 9550/12592 loss=-14.242962
batch 9600/12592 loss=-18.489334
batch 9650/12592 loss=-18.600056
batch 9700/12592 loss=-11.329800
batch 9750/12592 loss=-12.072912
batch 9800/12592 loss=-11.248906
batch 9850/12592 loss=-5.995399
batch 9900/12592 loss=-21.888371
batch 9950/12592 loss=-17.257797
batch 10000/12592 loss=-17.122532
batch 10050/12592 loss=-10.992266
batch 10100/12592 loss=-12.265396
batch 10150/12592 loss=-7.629055
batch 10200/12592 loss=-14.708408
batch 10250/12592 loss=-17.069073
batch 10300/12592 loss=-0.514659
batch 10350/12592 loss=-13.212297
batch 10400/12592 loss=-14.573469
batch 10450/12592 loss=-2.756029
batch 10500/12592 loss=-8.342924
batch 10550/12592 loss=-17.857323
batch 10600/12592 loss=-18.213421
batch 10650/12592 loss=-13.784134
batch 10700/12592 loss=-24.573078
batch 10750/12592 loss=-12.099449
batch 10800/12592 loss=-11.490357
batch 10850/12592 loss=-18.876062
batch 10900/12592 loss=-17.218763
batch 10950/12592 loss=-21.515522
batch 11000/12592 loss=-12.301147
batch 11050/12592 loss=-22.058031
batch 11100/12592 loss=-14.087704
batch 11150/12592 loss=-13.948910
batch 11200/12592 loss=-19.824434
batch 11250/12592 loss=-18.183123
batch 11300/12592 loss=-1.565981
batch 11350/12592 loss=-11.213259
batch 11400/12592 loss=-21.616592
batch 11450/12592 loss=-14.658731
batch 11500/12592 loss=-15.965421
batch 11550/12592 loss=-11.788981
batch 11600/12592 loss=-14.507694
batch 11650/12592 loss=-13.374504
batch 11700/12592 loss=-21.227953
batch 11750/12592 loss=-17.614939
batch 11800/12592 loss=-14.881828
batch 11850/12592 loss=-11.921962
batch 11900/12592 loss=-15.102744
batch 11950/12592 loss=-14.834024
batch 12000/12592 loss=-23.398767
batch 12050/12592 loss=-11.559956
batch 12100/12592 loss=-10.894518
batch 12150/12592 loss=-12.110160
batch 12200/12592 loss=-12.740028
batch 12250/12592 loss=-15.080934
batch 12300/12592 loss=-15.709435
batch 12350/12592 loss=-12.467838
batch 12400/12592 loss=-24.357044
batch 12450/12592 loss=-13.952063
batch 12500/12592 loss=-20.530724
batch 12550/12592 loss=-8.681261
epoch=66 train_loss=-13.857984 val_loss=-13.211392 minADE=0.715727 minFDE=0.835089 best=-19.057267 patience=44/50
batch 0/12592 loss=-5.442547
batch 50/12592 loss=-15.989516
batch 100/12592 loss=-16.632324
batch 150/12592 loss=-24.458660
batch 200/12592 loss=-13.802413
batch 250/12592 loss=-24.396116
batch 300/12592 loss=-6.020388
batch 350/12592 loss=-14.390255
batch 400/12592 loss=-18.310265
batch 450/12592 loss=-12.846571
batch 500/12592 loss=-11.835899
batch 550/12592 loss=-17.411659
batch 600/12592 loss=-22.985435
batch 650/12592 loss=-16.575224
batch 700/12592 loss=-15.995628
batch 750/12592 loss=-12.040615
batch 800/12592 loss=-18.835533
batch 850/12592 loss=-12.428240
batch 900/12592 loss=-12.536972
batch 950/12592 loss=-21.418213
batch 1000/12592 loss=-20.864517
batch 1050/12592 loss=-8.606149
batch 1100/12592 loss=-10.846597
batch 1150/12592 loss=-14.389267
batch 1200/12592 loss=-15.270765
batch 1250/12592 loss=-12.406981
batch 1300/12592 loss=-14.515156
batch 1350/12592 loss=-17.367939
batch 1400/12592 loss=-14.723904
batch 1450/12592 loss=-17.172693
batch 1500/12592 loss=-17.444633
batch 1550/12592 loss=-18.233236
batch 1600/12592 loss=-13.856902
batch 1650/12592 loss=-13.571321
batch 1700/12592 loss=-22.380573
batch 1750/12592 loss=-14.773488
batch 1800/12592 loss=-7.585300
batch 1850/12592 loss=-18.373531
batch 1900/12592 loss=-16.329458
batch 1950/12592 loss=-8.466954
batch 2000/12592 loss=-23.195549
batch 2050/12592 loss=-16.064028
batch 2100/12592 loss=-15.495198
batch 2150/12592 loss=-18.973688
batch 2200/12592 loss=-16.843853
batch 2250/12592 loss=-15.737243
batch 2300/12592 loss=-12.300579
batch 2350/12592 loss=-13.539387
batch 2400/12592 loss=-8.196531
batch 2450/12592 loss=-8.409652
batch 2500/12592 loss=2.634411
batch 2550/12592 loss=1.607450
batch 2600/12592 loss=-17.841686
batch 2650/12592 loss=-16.172718
batch 2700/12592 loss=-18.513622
batch 2750/12592 loss=-14.617018
batch 2800/12592 loss=-20.215126
batch 2850/12592 loss=-15.382856
batch 2900/12592 loss=-16.185165
batch 2950/12592 loss=-26.052832
batch 3000/12592 loss=-6.826620
batch 3050/12592 loss=-18.859360
batch 3100/12592 loss=-21.370018
batch 3150/12592 loss=-20.279821
batch 3200/12592 loss=-16.712069
batch 3250/12592 loss=-14.731455
batch 3300/12592 loss=-17.727144
batch 3350/12592 loss=-17.445271
batch 3400/12592 loss=-11.452436
batch 3450/12592 loss=-16.229214
batch 3500/12592 loss=-12.722585
batch 3550/12592 loss=-14.559353
batch 3600/12592 loss=-19.730309
batch 3650/12592 loss=-14.171110
batch 3700/12592 loss=-13.505527
batch 3750/12592 loss=-15.899637
batch 3800/12592 loss=-18.810240
batch 3850/12592 loss=-11.997001
batch 3900/12592 loss=-21.141338
batch 3950/12592 loss=-21.366646
batch 4000/12592 loss=-12.163322
batch 4050/12592 loss=-19.988216
batch 4100/12592 loss=-18.037060
batch 4150/12592 loss=-14.236495
batch 4200/12592 loss=-16.742649
batch 4250/12592 loss=-17.061371
batch 4300/12592 loss=-12.063291
batch 4350/12592 loss=-10.774737
batch 4400/12592 loss=-10.921354
batch 4450/12592 loss=-22.688232
batch 4500/12592 loss=-16.596935
batch 4550/12592 loss=-15.358098
batch 4600/12592 loss=-20.538197
batch 4650/12592 loss=-15.348515
batch 4700/12592 loss=-24.400066
batch 4750/12592 loss=-18.070194
batch 4800/12592 loss=-15.135488
batch 4850/12592 loss=-21.885239
batch 4900/12592 loss=3.357357
batch 4950/12592 loss=-8.880579
batch 5000/12592 loss=-8.863348
batch 5050/12592 loss=-10.925084
batch 5100/12592 loss=-15.574566
batch 5150/12592 loss=-16.958309
batch 5200/12592 loss=-14.645673
batch 5250/12592 loss=-24.983635
batch 5300/12592 loss=-16.057589
batch 5350/12592 loss=-21.332212
batch 5400/12592 loss=-1.300891
batch 5450/12592 loss=-9.179378
batch 5500/12592 loss=-14.440136
batch 5550/12592 loss=-5.078860
batch 5600/12592 loss=-14.640902
batch 5650/12592 loss=-14.381306
batch 5700/12592 loss=-5.248739
batch 5750/12592 loss=-17.849342
batch 5800/12592 loss=-23.909840
batch 5850/12592 loss=-19.946728
batch 5900/12592 loss=-5.626523
batch 5950/12592 loss=-4.761409
batch 6000/12592 loss=-14.507264
batch 6050/12592 loss=-19.637661
batch 6100/12592 loss=-9.361341
batch 6150/12592 loss=-14.851377
batch 6200/12592 loss=-12.247969
batch 6250/12592 loss=-9.691141
batch 6300/12592 loss=-12.037075
batch 6350/12592 loss=-13.517245
batch 6400/12592 loss=-11.740177
batch 6450/12592 loss=-13.702089
batch 6500/12592 loss=-5.764771
batch 6550/12592 loss=-15.479931
batch 6600/12592 loss=-11.314716
batch 6650/12592 loss=-15.519423
batch 6700/12592 loss=-15.536799
batch 6750/12592 loss=-16.101955
batch 6800/12592 loss=-1.035330
batch 6850/12592 loss=-10.990869
batch 6900/12592 loss=-11.188472
batch 6950/12592 loss=-10.767173
batch 7000/12592 loss=-23.691885
batch 7050/12592 loss=-25.689129
batch 7100/12592 loss=-19.257965
batch 7150/12592 loss=-5.588355
batch 7200/12592 loss=0.295529
batch 7250/12592 loss=-13.598833
batch 7300/12592 loss=-18.843956
batch 7350/12592 loss=-18.321659
batch 7400/12592 loss=-9.958932
batch 7450/12592 loss=-13.963690
batch 7500/12592 loss=-7.417686
batch 7550/12592 loss=-15.608946
batch 7600/12592 loss=-14.385821
batch 7650/12592 loss=-15.358335
batch 7700/12592 loss=-17.345900
batch 7750/12592 loss=-17.632431
batch 7800/12592 loss=-10.287225
batch 7850/12592 loss=-15.522877
batch 7900/12592 loss=-16.829649
batch 7950/12592 loss=-17.429121
batch 8000/12592 loss=-14.101091
batch 8050/12592 loss=-13.948393
batch 8100/12592 loss=-22.599079
batch 8150/12592 loss=-26.125124
batch 8200/12592 loss=-13.323387
batch 8250/12592 loss=-7.332956
batch 8300/12592 loss=-6.335073
batch 8350/12592 loss=-12.938220
batch 8400/12592 loss=-2.503227
batch 8450/12592 loss=-10.746286
batch 8500/12592 loss=-4.519499
batch 8550/12592 loss=-13.015770
batch 8600/12592 loss=-14.271508
batch 8650/12592 loss=-6.590384
batch 8700/12592 loss=-11.748057
batch 8750/12592 loss=-23.149414
batch 8800/12592 loss=-11.749712
batch 8850/12592 loss=-8.756428
batch 8900/12592 loss=-16.285255
batch 8950/12592 loss=-16.478014
batch 9000/12592 loss=-9.122087
batch 9050/12592 loss=-11.502275
batch 9100/12592 loss=-15.363579
batch 9150/12592 loss=-10.609185
batch 9200/12592 loss=-23.157637
batch 9250/12592 loss=-14.948106
batch 9300/12592 loss=-13.239757
batch 9350/12592 loss=-4.964332
batch 9400/12592 loss=-7.981930
batch 9450/12592 loss=-11.026567
batch 9500/12592 loss=-15.777540
batch 9550/12592 loss=-7.197891
batch 9600/12592 loss=-19.723520
batch 9650/12592 loss=-17.170025
batch 9700/12592 loss=-12.732176
batch 9750/12592 loss=-12.557924
batch 9800/12592 loss=-8.654854
batch 9850/12592 loss=-19.382507
batch 9900/12592 loss=-19.172243
batch 9950/12592 loss=-9.736013
batch 10000/12592 loss=-9.805047
batch 10050/12592 loss=-19.046432
batch 10100/12592 loss=-12.116928
batch 10150/12592 loss=-10.295487
batch 10200/12592 loss=-14.872759
batch 10250/12592 loss=-10.002260
batch 10300/12592 loss=-17.503696
batch 10350/12592 loss=-16.801109
batch 10400/12592 loss=-18.631454
batch 10450/12592 loss=-6.875497
batch 10500/12592 loss=-18.303440
batch 10550/12592 loss=-22.799816
batch 10600/12592 loss=-9.673491
batch 10650/12592 loss=-6.918782
batch 10700/12592 loss=-15.097949
batch 10750/12592 loss=-21.052242
batch 10800/12592 loss=-20.965340
batch 10850/12592 loss=-7.551567
batch 10900/12592 loss=-26.378586
batch 10950/12592 loss=-18.458282
batch 11000/12592 loss=-13.799969
batch 11050/12592 loss=-13.036552
batch 11100/12592 loss=-11.361458
batch 11150/12592 loss=-7.732136
batch 11200/12592 loss=-10.524141
batch 11250/12592 loss=-14.447535
batch 11300/12592 loss=-16.970741
batch 11350/12592 loss=-10.477531
batch 11400/12592 loss=-10.969916
batch 11450/12592 loss=-21.170380
batch 11500/12592 loss=-10.418991
batch 11550/12592 loss=-12.512984
batch 11600/12592 loss=-6.913177
batch 11650/12592 loss=-8.030057
batch 11700/12592 loss=-3.123657
batch 11750/12592 loss=-24.800713
batch 11800/12592 loss=-10.842830
batch 11850/12592 loss=-8.769316
batch 11900/12592 loss=0.518802
batch 11950/12592 loss=-20.081076
batch 12000/12592 loss=-17.828510
batch 12050/12592 loss=-6.693666
batch 12100/12592 loss=-18.491776
batch 12150/12592 loss=-10.995607
batch 12200/12592 loss=-10.060352
batch 12250/12592 loss=-18.270142
batch 12300/12592 loss=-14.275072
batch 12350/12592 loss=-18.474531
batch 12400/12592 loss=-15.576960
batch 12450/12592 loss=-13.625205
batch 12500/12592 loss=-14.100744
batch 12550/12592 loss=-14.438686
epoch=67 train_loss=-14.079223 val_loss=-15.606312 minADE=0.710999 minFDE=0.815843 best=-19.057267 patience=45/50
batch 0/12592 loss=-7.729177
batch 50/12592 loss=-12.192939
batch 100/12592 loss=-11.090467
batch 150/12592 loss=-22.201237
batch 200/12592 loss=-23.752945
batch 250/12592 loss=-10.291359
batch 300/12592 loss=-9.607925
batch 350/12592 loss=-14.515981
batch 400/12592 loss=-5.764082
batch 450/12592 loss=-10.798054
batch 500/12592 loss=-4.601429
batch 550/12592 loss=-0.968819
batch 600/12592 loss=-9.612991
batch 650/12592 loss=-21.794094
batch 700/12592 loss=-16.812973
batch 750/12592 loss=-18.413403
batch 800/12592 loss=-17.460571
batch 850/12592 loss=-20.161213
batch 900/12592 loss=-25.751566
batch 950/12592 loss=-14.542345
batch 1000/12592 loss=-15.160078
batch 1050/12592 loss=-17.163696
batch 1100/12592 loss=-12.712532
batch 1150/12592 loss=-18.755352
batch 1200/12592 loss=-14.230982
batch 1250/12592 loss=-11.210890
batch 1300/12592 loss=-17.521017
batch 1350/12592 loss=-15.896626
batch 1400/12592 loss=-16.957844
batch 1450/12592 loss=-15.930553
batch 1500/12592 loss=-8.820770
batch 1550/12592 loss=-19.113075
batch 1600/12592 loss=-15.220900
batch 1650/12592 loss=-10.088996
batch 1700/12592 loss=-21.928482
batch 1750/12592 loss=-11.486135
batch 1800/12592 loss=-7.022791
batch 1850/12592 loss=-18.201767
batch 1900/12592 loss=-4.587850
batch 1950/12592 loss=-22.098280
batch 2000/12592 loss=-21.763588
batch 2050/12592 loss=-16.443066
batch 2100/12592 loss=-11.130568
batch 2150/12592 loss=-15.282298
batch 2200/12592 loss=-9.701704
batch 2250/12592 loss=-15.713267
batch 2300/12592 loss=-18.468704
batch 2350/12592 loss=-16.676258
batch 2400/12592 loss=-16.796583
batch 2450/12592 loss=-3.529846
batch 2500/12592 loss=-13.595614
batch 2550/12592 loss=-15.389439
batch 2600/12592 loss=-7.316138
batch 2650/12592 loss=-17.776371
batch 2700/12592 loss=-10.809311
batch 2750/12592 loss=-30.928919
batch 2800/12592 loss=-25.226158
batch 2850/12592 loss=-12.418484
batch 2900/12592 loss=3.216099
batch 2950/12592 loss=-8.348665
batch 3000/12592 loss=-11.147260
batch 3050/12592 loss=-12.270410
batch 3100/12592 loss=-16.971855
batch 3150/12592 loss=-11.473606
batch 3200/12592 loss=-23.167423
batch 3250/12592 loss=-8.559396
batch 3300/12592 loss=-14.600376
batch 3350/12592 loss=-12.413986
batch 3400/12592 loss=-11.999535
batch 3450/12592 loss=-13.315660
batch 3500/12592 loss=-10.925089
batch 3550/12592 loss=-7.687980
batch 3600/12592 loss=-15.427006
batch 3650/12592 loss=-8.518377
batch 3700/12592 loss=-6.279918
batch 3750/12592 loss=-7.976354
batch 3800/12592 loss=-16.019135
batch 3850/12592 loss=-5.508393
batch 3900/12592 loss=-21.474062
batch 3950/12592 loss=-15.409204
batch 4000/12592 loss=-16.206566
batch 4050/12592 loss=-5.830492
batch 4100/12592 loss=-18.735943
batch 4150/12592 loss=-3.217788
batch 4200/12592 loss=-25.249268
batch 4250/12592 loss=-18.907681
batch 4300/12592 loss=-20.173786
batch 4350/12592 loss=-8.505424
batch 4400/12592 loss=-27.006462
batch 4450/12592 loss=-11.995838
batch 4500/12592 loss=-10.263662
batch 4550/12592 loss=-8.800925
batch 4600/12592 loss=-16.458778
batch 4650/12592 loss=-5.550312
batch 4700/12592 loss=-16.200130
batch 4750/12592 loss=-10.526800
batch 4800/12592 loss=-3.403531
batch 4850/12592 loss=-8.721661
batch 4900/12592 loss=-4.849578
batch 4950/12592 loss=-10.736454
batch 5000/12592 loss=-17.321465
batch 5050/12592 loss=-22.274300
batch 5100/12592 loss=-8.611923
batch 5150/12592 loss=-19.550812
batch 5200/12592 loss=-13.182950
batch 5250/12592 loss=-17.061375
batch 5300/12592 loss=-11.124589
batch 5350/12592 loss=-3.544484
batch 5400/12592 loss=-13.271835
batch 5450/12592 loss=-15.378718
batch 5500/12592 loss=-19.491106
batch 5550/12592 loss=-8.405086
batch 5600/12592 loss=-23.060389
batch 5650/12592 loss=1.005154
batch 5700/12592 loss=-26.735081
batch 5750/12592 loss=-18.040262
batch 5800/12592 loss=-7.974809
batch 5850/12592 loss=-9.205921
batch 5900/12592 loss=-8.324465
batch 5950/12592 loss=-10.678477
batch 6000/12592 loss=-14.836269
batch 6050/12592 loss=-16.392595
batch 6100/12592 loss=-5.139070
batch 6150/12592 loss=-20.953911
batch 6200/12592 loss=-23.425531
batch 6250/12592 loss=-9.600349
batch 6300/12592 loss=-11.022434
batch 6350/12592 loss=-24.360395
batch 6400/12592 loss=-12.281622
batch 6450/12592 loss=-15.233671
batch 6500/12592 loss=-16.630901
batch 6550/12592 loss=-9.357840
batch 6600/12592 loss=-17.938374
batch 6650/12592 loss=-14.559580
batch 6700/12592 loss=-13.346046
batch 6750/12592 loss=-20.350653
batch 6800/12592 loss=-14.677142
batch 6850/12592 loss=-9.634914
batch 6900/12592 loss=-11.696806
batch 6950/12592 loss=-18.021822
batch 7000/12592 loss=-23.179064
batch 7050/12592 loss=-18.307299
batch 7100/12592 loss=-18.154768
batch 7150/12592 loss=-16.649689
batch 7200/12592 loss=-13.441338
batch 7250/12592 loss=-11.113735
batch 7300/12592 loss=-22.690989
batch 7350/12592 loss=-20.680569
batch 7400/12592 loss=-19.042885
batch 7450/12592 loss=-14.446014
batch 7500/12592 loss=-17.867802
batch 7550/12592 loss=-12.466047
batch 7600/12592 loss=-15.733501
batch 7650/12592 loss=-14.280107
batch 7700/12592 loss=-11.495252
batch 7750/12592 loss=-18.287264
batch 7800/12592 loss=-8.602316
batch 7850/12592 loss=-7.537244
batch 7900/12592 loss=-11.246922
batch 7950/12592 loss=-9.360182
batch 8000/12592 loss=-8.644816
batch 8050/12592 loss=-25.787174
batch 8100/12592 loss=-25.146355
batch 8150/12592 loss=-8.001751
batch 8200/12592 loss=-6.110591
batch 8250/12592 loss=-8.748859
batch 8300/12592 loss=-12.410176
batch 8350/12592 loss=-17.360098
batch 8400/12592 loss=-16.347830
batch 8450/12592 loss=-14.082534
batch 8500/12592 loss=-15.004765
batch 8550/12592 loss=-9.231623
batch 8600/12592 loss=-17.254566
batch 8650/12592 loss=-28.436295
batch 8700/12592 loss=-8.916092
batch 8750/12592 loss=-13.635134
batch 8800/12592 loss=-14.971132
batch 8850/12592 loss=-15.985477
batch 8900/12592 loss=-12.582525
batch 8950/12592 loss=-14.833351
batch 9000/12592 loss=-25.275009
batch 9050/12592 loss=-16.762184
batch 9100/12592 loss=-12.484346
batch 9150/12592 loss=-21.641590
batch 9200/12592 loss=-16.186489
batch 9250/12592 loss=-20.810343
batch 9300/12592 loss=-16.874313
batch 9350/12592 loss=-18.320782
batch 9400/12592 loss=-17.069881
batch 9450/12592 loss=-22.231306
batch 9500/12592 loss=-10.863617
batch 9550/12592 loss=-16.852707
batch 9600/12592 loss=-11.141689
batch 9650/12592 loss=-14.112173
batch 9700/12592 loss=-8.027210
batch 9750/12592 loss=-4.986180
batch 9800/12592 loss=-14.557209
batch 9850/12592 loss=-12.726252
batch 9900/12592 loss=-12.482403
batch 9950/12592 loss=-5.037854
batch 10000/12592 loss=-5.851021
batch 10050/12592 loss=-5.628858
batch 10100/12592 loss=-20.426428
batch 10150/12592 loss=-19.675209
batch 10200/12592 loss=-8.947742
batch 10250/12592 loss=-16.813969
batch 10300/12592 loss=-16.353077
batch 10350/12592 loss=-12.583829
batch 10400/12592 loss=-12.429754
batch 10450/12592 loss=-8.652652
batch 10500/12592 loss=-9.505957
batch 10550/12592 loss=-20.199774
batch 10600/12592 loss=-12.911643
batch 10650/12592 loss=-18.792217
batch 10700/12592 loss=-16.630444
batch 10750/12592 loss=-12.931601
batch 10800/12592 loss=-12.362216
batch 10850/12592 loss=-17.416187
batch 10900/12592 loss=-17.537268
batch 10950/12592 loss=-13.126995
batch 11000/12592 loss=-12.010461
batch 11050/12592 loss=-14.915898
batch 11100/12592 loss=-18.020535
batch 11150/12592 loss=-12.592733
batch 11200/12592 loss=-19.329346
batch 11250/12592 loss=-18.549480
batch 11300/12592 loss=-11.503626
batch 11350/12592 loss=-13.506285
batch 11400/12592 loss=-11.596416
batch 11450/12592 loss=-9.274456
batch 11500/12592 loss=-18.467627
batch 11550/12592 loss=-15.110571
batch 11600/12592 loss=-5.282957
batch 11650/12592 loss=-22.762094
batch 11700/12592 loss=-19.423088
batch 11750/12592 loss=-12.556099
batch 11800/12592 loss=-20.852924
batch 11850/12592 loss=-17.977791
batch 11900/12592 loss=-12.662766
batch 11950/12592 loss=-19.606659
batch 12000/12592 loss=-22.852421
batch 12050/12592 loss=-12.050158
batch 12100/12592 loss=-13.227230
batch 12150/12592 loss=-11.500353
batch 12200/12592 loss=-8.564939
batch 12250/12592 loss=-8.358047
batch 12300/12592 loss=-22.074402
batch 12350/12592 loss=-21.386810
batch 12400/12592 loss=-14.032307
batch 12450/12592 loss=-9.496471
batch 12500/12592 loss=-17.584026
batch 12550/12592 loss=-15.878047
epoch=68 train_loss=-13.742194 val_loss=-14.524495 minADE=0.712195 minFDE=0.829053 best=-19.057267 patience=46/50
batch 0/12592 loss=-10.418643
batch 50/12592 loss=-11.396492
batch 100/12592 loss=-4.888145
batch 150/12592 loss=-11.729355
batch 200/12592 loss=-22.413437
batch 250/12592 loss=-14.446547
batch 300/12592 loss=-10.040555
batch 350/12592 loss=-22.574087
batch 400/12592 loss=-20.837091
batch 450/12592 loss=-21.420521
batch 500/12592 loss=-19.388039
batch 550/12592 loss=-8.471513
batch 600/12592 loss=-14.753674
batch 650/12592 loss=-11.884733
batch 700/12592 loss=-26.495350
batch 750/12592 loss=-16.470417
batch 800/12592 loss=-21.157013
batch 850/12592 loss=-25.062653
batch 900/12592 loss=-10.319435
batch 950/12592 loss=-11.123005
batch 1000/12592 loss=-24.016342
batch 1050/12592 loss=-13.802130
batch 1100/12592 loss=-21.065054
batch 1150/12592 loss=-18.120066
batch 1200/12592 loss=-12.599393
batch 1250/12592 loss=-9.141356
batch 1300/12592 loss=-14.017118
batch 1350/12592 loss=-26.315260
batch 1400/12592 loss=-12.736927
batch 1450/12592 loss=-16.720232
batch 1500/12592 loss=-22.381710
batch 1550/12592 loss=-14.643293
batch 1600/12592 loss=-18.894176
batch 1650/12592 loss=-13.390368
batch 1700/12592 loss=-13.730151
batch 1750/12592 loss=-13.626047
batch 1800/12592 loss=-21.313492
batch 1850/12592 loss=-13.233916
batch 1900/12592 loss=-15.093035
batch 1950/12592 loss=-19.281891
batch 2000/12592 loss=-9.866497
batch 2050/12592 loss=-7.768898
batch 2100/12592 loss=-2.670792
batch 2150/12592 loss=1.287266
batch 2200/12592 loss=-9.044762
batch 2250/12592 loss=-4.676775
batch 2300/12592 loss=-17.257980
batch 2350/12592 loss=-16.355782
batch 2400/12592 loss=-8.413719
batch 2450/12592 loss=-21.533035
batch 2500/12592 loss=-11.935743
batch 2550/12592 loss=-30.070589
batch 2600/12592 loss=-18.977949
batch 2650/12592 loss=0.374635
batch 2700/12592 loss=-19.804852
batch 2750/12592 loss=-11.683030
batch 2800/12592 loss=-21.530367
batch 2850/12592 loss=-22.123440
batch 2900/12592 loss=-15.155939
batch 2950/12592 loss=-9.013681
batch 3000/12592 loss=-11.317078
batch 3050/12592 loss=-7.686981
batch 3100/12592 loss=-14.132868
batch 3150/12592 loss=-14.771030
batch 3200/12592 loss=-12.980973
batch 3250/12592 loss=-2.140069
batch 3300/12592 loss=-8.664343
batch 3350/12592 loss=-2.897610
batch 3400/12592 loss=-18.491524
batch 3450/12592 loss=-13.833424
batch 3500/12592 loss=-10.763464
batch 3550/12592 loss=-3.499745
batch 3600/12592 loss=-12.153545
batch 3650/12592 loss=-2.598323
batch 3700/12592 loss=-17.617815
batch 3750/12592 loss=-8.227694
batch 3800/12592 loss=-18.304623
batch 3850/12592 loss=-21.697193
batch 3900/12592 loss=-15.379764
batch 3950/12592 loss=-8.764326
batch 4000/12592 loss=-20.416107
batch 4050/12592 loss=-12.007669
batch 4100/12592 loss=-23.269722
batch 4150/12592 loss=-13.707531
batch 4200/12592 loss=-4.801812
batch 4250/12592 loss=-17.952040
batch 4300/12592 loss=-13.546159
batch 4350/12592 loss=-16.446192
batch 4400/12592 loss=-14.231873
batch 4450/12592 loss=-12.295575
batch 4500/12592 loss=-19.217789
batch 4550/12592 loss=-18.742058
batch 4600/12592 loss=-7.906386
batch 4650/12592 loss=-15.252012
batch 4700/12592 loss=-15.528317
batch 4750/12592 loss=-15.783522
batch 4800/12592 loss=-21.619930
batch 4850/12592 loss=-14.504783
batch 4900/12592 loss=-20.764404
batch 4950/12592 loss=-18.617847
batch 5000/12592 loss=-12.779499
batch 5050/12592 loss=-14.957329
batch 5100/12592 loss=-16.560495
batch 5150/12592 loss=-14.037427
batch 5200/12592 loss=-18.756784
batch 5250/12592 loss=-11.565125
batch 5300/12592 loss=-13.730183
batch 5350/12592 loss=-5.678782
batch 5400/12592 loss=-21.209484
batch 5450/12592 loss=-12.280584
batch 5500/12592 loss=-17.657146
batch 5550/12592 loss=-18.061035
batch 5600/12592 loss=-12.719145
batch 5650/12592 loss=-20.487011
batch 5700/12592 loss=-11.632199
batch 5750/12592 loss=-15.324583
batch 5800/12592 loss=-8.986825
batch 5850/12592 loss=-19.102724
batch 5900/12592 loss=-13.107452
batch 5950/12592 loss=-17.697851
batch 6000/12592 loss=-26.126381
batch 6050/12592 loss=-7.547467
batch 6100/12592 loss=-14.626869
batch 6150/12592 loss=-19.869289
batch 6200/12592 loss=-17.407299
batch 6250/12592 loss=-7.424461
batch 6300/12592 loss=-10.884323
batch 6350/12592 loss=-24.656561
batch 6400/12592 loss=-18.825689
batch 6450/12592 loss=-24.441624
batch 6500/12592 loss=-15.315767
batch 6550/12592 loss=-14.771177
batch 6600/12592 loss=-17.088657
batch 6650/12592 loss=-7.814023
batch 6700/12592 loss=-21.509081
batch 6750/12592 loss=-4.242719
batch 6800/12592 loss=-2.835068
batch 6850/12592 loss=-15.807407
batch 6900/12592 loss=-12.232977
batch 6950/12592 loss=-11.845207
batch 7000/12592 loss=-15.019280
batch 7050/12592 loss=-11.976267
batch 7100/12592 loss=-22.232117
batch 7150/12592 loss=-17.206972
batch 7200/12592 loss=-7.018574
batch 7250/12592 loss=-10.926693
batch 7300/12592 loss=-18.278454
batch 7350/12592 loss=-1.994019
batch 7400/12592 loss=-15.656592
batch 7450/12592 loss=-24.825573
batch 7500/12592 loss=-14.630709
batch 7550/12592 loss=-12.457981
batch 7600/12592 loss=-18.470394
batch 7650/12592 loss=-11.792864
batch 7700/12592 loss=-11.019913
batch 7750/12592 loss=-9.708978
batch 7800/12592 loss=-10.309137
batch 7850/12592 loss=-14.027869
batch 7900/12592 loss=-19.836100
batch 7950/12592 loss=-14.307413
batch 8000/12592 loss=-15.549452
batch 8050/12592 loss=-10.337107
batch 8100/12592 loss=-10.676401
batch 8150/12592 loss=-13.302513
batch 8200/12592 loss=-14.763142
batch 8250/12592 loss=-12.379832
batch 8300/12592 loss=-12.289429
batch 8350/12592 loss=-9.630264
batch 8400/12592 loss=-18.363094
batch 8450/12592 loss=-13.262982
batch 8500/12592 loss=-13.511122
batch 8550/12592 loss=-11.353065
batch 8600/12592 loss=-14.736429
batch 8650/12592 loss=-3.697696
batch 8700/12592 loss=-16.458881
batch 8750/12592 loss=-13.873625
batch 8800/12592 loss=-3.613496
batch 8850/12592 loss=-9.227985
batch 8900/12592 loss=-14.716904
batch 8950/12592 loss=-7.934759
batch 9000/12592 loss=-15.831219
batch 9050/12592 loss=-16.357386
batch 9100/12592 loss=-22.149582
batch 9150/12592 loss=-20.527613
batch 9200/12592 loss=-11.856284
batch 9250/12592 loss=-16.193657
batch 9300/12592 loss=-11.859840
batch 9350/12592 loss=-15.147241
batch 9400/12592 loss=-4.095335
batch 9450/12592 loss=-18.888037
batch 9500/12592 loss=-13.612768
batch 9550/12592 loss=-12.644960
batch 9600/12592 loss=-12.807676
batch 9650/12592 loss=-18.065483
batch 9700/12592 loss=-14.599037
batch 9750/12592 loss=-15.408425
batch 9800/12592 loss=-6.489985
batch 9850/12592 loss=-14.962598
batch 9900/12592 loss=-14.217670
batch 9950/12592 loss=-1.724906
batch 10000/12592 loss=-16.390676
batch 10050/12592 loss=-17.398041
batch 10100/12592 loss=-7.458569
batch 10150/12592 loss=-18.819725
batch 10200/12592 loss=-3.918906
batch 10250/12592 loss=-18.074020
batch 10300/12592 loss=-3.717235
batch 10350/12592 loss=-17.659672
batch 10400/12592 loss=-22.679089
batch 10450/12592 loss=-23.087856
batch 10500/12592 loss=-4.462543
batch 10550/12592 loss=-9.940149
batch 10600/12592 loss=-15.728537
batch 10650/12592 loss=-14.090609
batch 10700/12592 loss=-13.402102
batch 10750/12592 loss=-13.722487
batch 10800/12592 loss=-13.889356
batch 10850/12592 loss=-11.292312
batch 10900/12592 loss=-13.500335
batch 10950/12592 loss=-12.501974
batch 11000/12592 loss=-17.239086
batch 11050/12592 loss=-15.089212
batch 11100/12592 loss=-8.789694
batch 11150/12592 loss=-13.920026
batch 11200/12592 loss=-6.657221
batch 11250/12592 loss=-5.404809
batch 11300/12592 loss=-3.957638
batch 11350/12592 loss=-12.250320
batch 11400/12592 loss=-17.664534
batch 11450/12592 loss=-19.620518
batch 11500/12592 loss=-17.742819
batch 11550/12592 loss=-8.127026
batch 11600/12592 loss=-9.024650
batch 11650/12592 loss=-11.703903
batch 11700/12592 loss=-10.769924
batch 11750/12592 loss=-16.398369
batch 11800/12592 loss=-6.652034
batch 11850/12592 loss=-15.592388
batch 11900/12592 loss=-16.803455
batch 11950/12592 loss=-8.934875
batch 12000/12592 loss=-22.349785
batch 12050/12592 loss=-19.324772
batch 12100/12592 loss=-6.186708
batch 12150/12592 loss=-11.863214
batch 12200/12592 loss=-12.406294
batch 12250/12592 loss=-12.829492
batch 12300/12592 loss=-21.311798
batch 12350/12592 loss=-13.875101
batch 12400/12592 loss=-16.216600
batch 12450/12592 loss=-19.803558
batch 12500/12592 loss=-18.834007
batch 12550/12592 loss=-19.091675
epoch=69 train_loss=-13.292077 val_loss=-14.530517 minADE=0.689753 minFDE=0.822741 best=-19.057267 patience=47/50
batch 0/12592 loss=-13.193624
batch 50/12592 loss=-16.116201
batch 100/12592 loss=-12.392525
batch 150/12592 loss=-6.881131
batch 200/12592 loss=-16.031982
batch 250/12592 loss=-12.997465
batch 300/12592 loss=-17.624779
batch 350/12592 loss=-14.798187
batch 400/12592 loss=-9.138042
batch 450/12592 loss=-16.633501
batch 500/12592 loss=-6.282102
batch 550/12592 loss=-18.847710
batch 600/12592 loss=-10.491395
batch 650/12592 loss=-8.474459
batch 700/12592 loss=-20.695507
batch 750/12592 loss=-5.910003
batch 800/12592 loss=-29.327652
batch 850/12592 loss=-20.563606
batch 900/12592 loss=-13.757272
batch 950/12592 loss=-5.009719
batch 1000/12592 loss=-7.789438
batch 1050/12592 loss=-9.668399
batch 1100/12592 loss=-15.055223
batch 1150/12592 loss=-16.163414
batch 1200/12592 loss=-12.842533
batch 1250/12592 loss=-12.103747
batch 1300/12592 loss=-18.011959
batch 1350/12592 loss=-13.085716
batch 1400/12592 loss=-10.446152
batch 1450/12592 loss=-16.973047
batch 1500/12592 loss=-21.175919
batch 1550/12592 loss=-14.165904
batch 1600/12592 loss=-25.750298
batch 1650/12592 loss=-18.227654
batch 1700/12592 loss=-14.489155
batch 1750/12592 loss=-9.245249
batch 1800/12592 loss=-17.885231
batch 1850/12592 loss=-9.019311
batch 1900/12592 loss=-14.267800
batch 1950/12592 loss=-20.427259
batch 2000/12592 loss=-11.261664
batch 2050/12592 loss=-4.383193
batch 2100/12592 loss=-18.869854
batch 2150/12592 loss=-7.804361
batch 2200/12592 loss=-16.492405
batch 2250/12592 loss=-18.137711
batch 2300/12592 loss=-3.090891
batch 2350/12592 loss=-19.702427
batch 2400/12592 loss=-13.769053
batch 2450/12592 loss=-8.620421
batch 2500/12592 loss=-15.814449
batch 2550/12592 loss=-16.298206
batch 2600/12592 loss=-17.975340
batch 2650/12592 loss=-14.620434
batch 2700/12592 loss=-19.753357
batch 2750/12592 loss=-15.641607
batch 2800/12592 loss=-13.418104
batch 2850/12592 loss=-32.219742
batch 2900/12592 loss=-12.815178
batch 2950/12592 loss=-5.751968
batch 3000/12592 loss=-14.886248
batch 3050/12592 loss=-21.634426
batch 3100/12592 loss=-18.629759
batch 3150/12592 loss=-13.438522
batch 3200/12592 loss=-16.716167
batch 3250/12592 loss=-15.862269
batch 3300/12592 loss=-10.398994
batch 3350/12592 loss=-12.741803
batch 3400/12592 loss=-17.950039
batch 3450/12592 loss=-17.117418
batch 3500/12592 loss=-21.596340
batch 3550/12592 loss=-15.880153
batch 3600/12592 loss=-8.260337
batch 3650/12592 loss=-16.505701
batch 3700/12592 loss=-6.494602
batch 3750/12592 loss=-11.389485
batch 3800/12592 loss=-10.357037
batch 3850/12592 loss=-24.993437
batch 3900/12592 loss=-20.747124
batch 3950/12592 loss=-10.158445
batch 4000/12592 loss=-18.546635
batch 4050/12592 loss=-13.750048
batch 4100/12592 loss=-18.161221
batch 4150/12592 loss=-26.983402
batch 4200/12592 loss=-19.793736
batch 4250/12592 loss=-17.573341
batch 4300/12592 loss=-11.084693
batch 4350/12592 loss=-11.700901
batch 4400/12592 loss=-17.872818
batch 4450/12592 loss=-14.071335
batch 4500/12592 loss=-23.728699
batch 4550/12592 loss=-6.433522
batch 4600/12592 loss=-16.714451
batch 4650/12592 loss=1.231233
batch 4700/12592 loss=-17.564909
batch 4750/12592 loss=-15.175303
batch 4800/12592 loss=-22.634487
batch 4850/12592 loss=-19.074087
batch 4900/12592 loss=-13.443464
batch 4950/12592 loss=-12.617204
batch 5000/12592 loss=-3.034545
batch 5050/12592 loss=-12.925815
batch 5100/12592 loss=-19.054695
batch 5150/12592 loss=-21.106020
batch 5200/12592 loss=-16.978031
batch 5250/12592 loss=-11.111403
batch 5300/12592 loss=-19.553177
batch 5350/12592 loss=-12.770957
batch 5400/12592 loss=-16.355928
batch 5450/12592 loss=-13.388283
batch 5500/12592 loss=-22.080666
batch 5550/12592 loss=-11.441559
batch 5600/12592 loss=-7.286889
batch 5650/12592 loss=-14.823694
batch 5700/12592 loss=-15.351707
batch 5750/12592 loss=-23.529169
batch 5800/12592 loss=0.362068
batch 5850/12592 loss=-8.286729
batch 5900/12592 loss=-11.566841
batch 5950/12592 loss=-5.321756
batch 6000/12592 loss=-9.042995
batch 6050/12592 loss=-19.000706
batch 6100/12592 loss=-17.979004
batch 6150/12592 loss=-16.994072
batch 6200/12592 loss=-15.946409
batch 6250/12592 loss=-20.014519
batch 6300/12592 loss=-13.402878
batch 6350/12592 loss=-15.301938
batch 6400/12592 loss=-17.777721
batch 6450/12592 loss=-25.816978
batch 6500/12592 loss=-10.826031
batch 6550/12592 loss=-9.644866
batch 6600/12592 loss=-18.550371
batch 6650/12592 loss=-11.062634
batch 6700/12592 loss=-17.013895
batch 6750/12592 loss=-15.087517
batch 6800/12592 loss=-20.592571
batch 6850/12592 loss=-15.642204
batch 6900/12592 loss=-23.089024
batch 6950/12592 loss=-18.268932
batch 7000/12592 loss=-15.494823
batch 7050/12592 loss=-16.647301
batch 7100/12592 loss=-10.169920
batch 7150/12592 loss=-14.543947
batch 7200/12592 loss=-14.116243
batch 7250/12592 loss=-11.333235
batch 7300/12592 loss=-13.285255
batch 7350/12592 loss=-16.489090
batch 7400/12592 loss=-16.245838
batch 7450/12592 loss=-14.372520
batch 7500/12592 loss=-12.293962
batch 7550/12592 loss=-13.882037
batch 7600/12592 loss=-17.322174
batch 7650/12592 loss=-21.050468
batch 7700/12592 loss=-7.009008
batch 7750/12592 loss=-12.269219
batch 7800/12592 loss=-18.540749
batch 7850/12592 loss=-19.848309
batch 7900/12592 loss=-16.954376
batch 7950/12592 loss=-3.684931
batch 8000/12592 loss=-11.210052
batch 8050/12592 loss=-15.884821
batch 8100/12592 loss=-14.844687
batch 8150/12592 loss=-20.569626
batch 8200/12592 loss=-12.732521
batch 8250/12592 loss=-16.897837
batch 8300/12592 loss=-14.970319
batch 8350/12592 loss=-13.317012
batch 8400/12592 loss=-12.003289
batch 8450/12592 loss=-13.132309
batch 8500/12592 loss=-10.804751
batch 8550/12592 loss=-9.847902
batch 8600/12592 loss=-20.736292
batch 8650/12592 loss=-22.491367
batch 8700/12592 loss=-16.338821
batch 8750/12592 loss=-17.184086
batch 8800/12592 loss=-20.571344
batch 8850/12592 loss=-6.962636
batch 8900/12592 loss=-14.536724
batch 8950/12592 loss=-11.883351
batch 9000/12592 loss=-13.083746
batch 9050/12592 loss=-14.640012
batch 9100/12592 loss=-14.345535
batch 9150/12592 loss=-12.215515
batch 9200/12592 loss=-21.253941
batch 9250/12592 loss=-12.842503
batch 9300/12592 loss=-9.832989
batch 9350/12592 loss=-9.831289
batch 9400/12592 loss=-10.758801
batch 9450/12592 loss=-21.055573
batch 9500/12592 loss=-17.901136
batch 9550/12592 loss=-13.741444
batch 9600/12592 loss=-9.123735
batch 9650/12592 loss=-12.553106
batch 9700/12592 loss=-17.544050
batch 9750/12592 loss=-8.378577
batch 9800/12592 loss=-9.420252
batch 9850/12592 loss=-23.251474
batch 9900/12592 loss=-23.403664
batch 9950/12592 loss=-11.787088
batch 10000/12592 loss=-26.245274
batch 10050/12592 loss=-17.915443
batch 10100/12592 loss=-21.756491
batch 10150/12592 loss=-12.808182
batch 10200/12592 loss=-17.715218
batch 10250/12592 loss=-21.165304
batch 10300/12592 loss=-16.580200
batch 10350/12592 loss=-11.331106
batch 10400/12592 loss=-7.204229
batch 10450/12592 loss=-17.474514
batch 10500/12592 loss=-10.639482
batch 10550/12592 loss=-7.706544
batch 10600/12592 loss=-18.390713
batch 10650/12592 loss=3.666074
batch 10700/12592 loss=-15.805110
batch 10750/12592 loss=-11.940894
batch 10800/12592 loss=-11.559420
batch 10850/12592 loss=-21.809849
batch 10900/12592 loss=-9.113426
batch 10950/12592 loss=-16.195307
batch 11000/12592 loss=-16.422838
batch 11050/12592 loss=-17.887501
batch 11100/12592 loss=-14.518244
batch 11150/12592 loss=-20.213022
batch 11200/12592 loss=-15.072991
batch 11250/12592 loss=-22.194832
batch 11300/12592 loss=-7.361364
batch 11350/12592 loss=-13.275406
batch 11400/12592 loss=-25.712643
batch 11450/12592 loss=-7.518921
batch 11500/12592 loss=-22.522039
batch 11550/12592 loss=-16.183855
batch 11600/12592 loss=-18.164940
batch 11650/12592 loss=-22.052998
batch 11700/12592 loss=-19.568535
batch 11750/12592 loss=-15.021845
batch 11800/12592 loss=-11.934982
batch 11850/12592 loss=-20.756241
batch 11900/12592 loss=-29.435953
batch 11950/12592 loss=-22.962246
batch 12000/12592 loss=-10.865002
batch 12050/12592 loss=-7.096835
batch 12100/12592 loss=-15.639392
batch 12150/12592 loss=-14.827164
batch 12200/12592 loss=-10.509137
batch 12250/12592 loss=-12.578369
batch 12300/12592 loss=-14.357562
batch 12350/12592 loss=-14.713777
batch 12400/12592 loss=-18.651962
batch 12450/12592 loss=-22.127630
batch 12500/12592 loss=-15.669767
batch 12550/12592 loss=-15.899755
epoch=70 train_loss=-13.510709 val_loss=-8.472327 minADE=0.721616 minFDE=0.836037 best=-19.057267 patience=48/50
batch 0/12592 loss=-3.530043
batch 50/12592 loss=-16.204742
batch 100/12592 loss=-10.334689
batch 150/12592 loss=-15.346464
batch 200/12592 loss=-13.610798
batch 250/12592 loss=-22.515722
batch 300/12592 loss=-21.973951
batch 350/12592 loss=-22.351341
batch 400/12592 loss=-8.127769
batch 450/12592 loss=-9.765031
batch 500/12592 loss=-12.657501
batch 550/12592 loss=-11.269997
batch 600/12592 loss=-22.147900
batch 650/12592 loss=-6.732496
batch 700/12592 loss=-17.164127
batch 750/12592 loss=-15.009007
batch 800/12592 loss=-11.504258
batch 850/12592 loss=-14.230450
batch 900/12592 loss=-16.018881
batch 950/12592 loss=-16.665886
batch 1000/12592 loss=-13.486200
batch 1050/12592 loss=-6.163989
batch 1100/12592 loss=-12.393255
batch 1150/12592 loss=-14.910447
batch 1200/12592 loss=-12.363425
batch 1250/12592 loss=-9.262089
batch 1300/12592 loss=-9.400586
batch 1350/12592 loss=-18.043045
batch 1400/12592 loss=-12.504179
batch 1450/12592 loss=-19.567547
batch 1500/12592 loss=-14.384149
batch 1550/12592 loss=-20.922058
batch 1600/12592 loss=-14.847069
batch 1650/12592 loss=-21.346405
batch 1700/12592 loss=-9.513114
batch 1750/12592 loss=-10.993954
batch 1800/12592 loss=-12.819667
batch 1850/12592 loss=-11.981628
batch 1900/12592 loss=-13.573418
batch 1950/12592 loss=-4.918753
batch 2000/12592 loss=-8.690746
batch 2050/12592 loss=-21.587082
batch 2100/12592 loss=-23.550327
batch 2150/12592 loss=-19.828192
batch 2200/12592 loss=-24.262501
batch 2250/12592 loss=-8.204130
batch 2300/12592 loss=-13.380949
batch 2350/12592 loss=-15.547903
batch 2400/12592 loss=-13.383036
batch 2450/12592 loss=-9.694240
batch 2500/12592 loss=-8.763985
batch 2550/12592 loss=-10.225751
batch 2600/12592 loss=-14.614643
batch 2650/12592 loss=-14.513815
batch 2700/12592 loss=-18.013058
batch 2750/12592 loss=-26.184830
batch 2800/12592 loss=-9.092016
batch 2850/12592 loss=-9.409837
batch 2900/12592 loss=-10.770671
batch 2950/12592 loss=-15.839897
batch 3000/12592 loss=-8.833723
batch 3050/12592 loss=-10.077720
batch 3100/12592 loss=-13.865337
batch 3150/12592 loss=-18.128187
batch 3200/12592 loss=-14.445889
batch 3250/12592 loss=-15.001796
batch 3300/12592 loss=-13.337091
batch 3350/12592 loss=-12.443257
batch 3400/12592 loss=-13.152670
batch 3450/12592 loss=-8.436028
batch 3500/12592 loss=-8.500347
batch 3550/12592 loss=-12.414265
batch 3600/12592 loss=-20.663528
batch 3650/12592 loss=-14.905203
batch 3700/12592 loss=-22.968035
batch 3750/12592 loss=-20.511215
batch 3800/12592 loss=-13.537819
batch 3850/12592 loss=-9.099114
batch 3900/12592 loss=-20.138359
batch 3950/12592 loss=-15.836275
batch 4000/12592 loss=-20.709776
batch 4050/12592 loss=-24.168552
batch 4100/12592 loss=-25.035593
batch 4150/12592 loss=-17.775154
batch 4200/12592 loss=-18.232931
batch 4250/12592 loss=-16.887562
batch 4300/12592 loss=-10.172123
batch 4350/12592 loss=-16.744747
batch 4400/12592 loss=-11.235361
batch 4450/12592 loss=-5.865539
batch 4500/12592 loss=-10.616611
batch 4550/12592 loss=-10.882380
batch 4600/12592 loss=-24.271532
batch 4650/12592 loss=-2.118117
batch 4700/12592 loss=-18.566929
batch 4750/12592 loss=-16.454351
batch 4800/12592 loss=-21.814594
batch 4850/12592 loss=-26.475056
batch 4900/12592 loss=-18.443029
batch 4950/12592 loss=-11.575758
batch 5000/12592 loss=-15.856132
batch 5050/12592 loss=-10.031698
batch 5100/12592 loss=-16.699461
batch 5150/12592 loss=-14.029421
batch 5200/12592 loss=-1.844448
batch 5250/12592 loss=-17.281788
batch 5300/12592 loss=-19.810919
batch 5350/12592 loss=-20.499550
batch 5400/12592 loss=-5.531576
batch 5450/12592 loss=-11.964978
batch 5500/12592 loss=-26.192608
batch 5550/12592 loss=-14.394924
batch 5600/12592 loss=-10.703015
batch 5650/12592 loss=-15.478207
batch 5700/12592 loss=-6.459867
batch 5750/12592 loss=-18.048378
batch 5800/12592 loss=-11.011078
batch 5850/12592 loss=-9.557570
batch 5900/12592 loss=-16.106098
batch 5950/12592 loss=-16.346262
batch 6000/12592 loss=-10.574924
batch 6050/12592 loss=-14.258080
batch 6100/12592 loss=-12.360875
batch 6150/12592 loss=-11.956886
batch 6200/12592 loss=-15.544165
batch 6250/12592 loss=-13.107358
batch 6300/12592 loss=-14.170467
batch 6350/12592 loss=-12.732723
batch 6400/12592 loss=-25.805939
batch 6450/12592 loss=-7.844934
batch 6500/12592 loss=-16.087328
batch 6550/12592 loss=-15.230722
batch 6600/12592 loss=-2.313002
batch 6650/12592 loss=-11.601341
batch 6700/12592 loss=-17.722492
batch 6750/12592 loss=-14.571964
batch 6800/12592 loss=-17.638136
batch 6850/12592 loss=-13.523911
batch 6900/12592 loss=-12.535749
batch 6950/12592 loss=-21.098751
batch 7000/12592 loss=-8.423741
batch 7050/12592 loss=-15.343966
batch 7100/12592 loss=-15.170268
batch 7150/12592 loss=-8.500751
batch 7200/12592 loss=-17.968498
batch 7250/12592 loss=-9.038912
batch 7300/12592 loss=-19.725666
batch 7350/12592 loss=-18.936577
batch 7400/12592 loss=-14.708391
batch 7450/12592 loss=-13.455854
batch 7500/12592 loss=-12.490105
batch 7550/12592 loss=-9.126707
batch 7600/12592 loss=-20.138374
batch 7650/12592 loss=-17.369385
batch 7700/12592 loss=-12.097538
batch 7750/12592 loss=-6.444188
batch 7800/12592 loss=-16.820923
batch 7850/12592 loss=-10.570491
batch 7900/12592 loss=-9.402526
batch 7950/12592 loss=-19.099226
batch 8000/12592 loss=-18.866154
batch 8050/12592 loss=-18.818104
batch 8100/12592 loss=-22.122341
batch 8150/12592 loss=-15.008348
batch 8200/12592 loss=-12.744823
batch 8250/12592 loss=-12.455051
batch 8300/12592 loss=-2.428458
batch 8350/12592 loss=-12.482046
batch 8400/12592 loss=-15.534698
batch 8450/12592 loss=-2.271857
batch 8500/12592 loss=-20.836437
batch 8550/12592 loss=-19.973766
batch 8600/12592 loss=-13.586102
batch 8650/12592 loss=-14.087562
batch 8700/12592 loss=-9.694330
batch 8750/12592 loss=-10.804692
batch 8800/12592 loss=-9.255091
batch 8850/12592 loss=-9.167202
batch 8900/12592 loss=-18.773998
batch 8950/12592 loss=-21.426243
batch 9000/12592 loss=-20.957479
batch 9050/12592 loss=-14.894855
batch 9100/12592 loss=-6.313635
batch 9150/12592 loss=-22.459187
batch 9200/12592 loss=-12.080574
batch 9250/12592 loss=-12.421737
batch 9300/12592 loss=-8.873461
batch 9350/12592 loss=-15.965798
batch 9400/12592 loss=-9.931434
batch 9450/12592 loss=-21.997252
batch 9500/12592 loss=-7.013017
batch 9550/12592 loss=-21.079401
batch 9600/12592 loss=-16.313671
batch 9650/12592 loss=-7.970288
batch 9700/12592 loss=-13.760183
batch 9750/12592 loss=-21.913010
batch 9800/12592 loss=-12.846945
batch 9850/12592 loss=-13.592437
batch 9900/12592 loss=-19.459549
batch 9950/12592 loss=-19.531288
batch 10000/12592 loss=-8.928531
batch 10050/12592 loss=-7.768414
batch 10100/12592 loss=-8.951399
batch 10150/12592 loss=-13.088705
batch 10200/12592 loss=-16.225727
batch 10250/12592 loss=-14.178185
batch 10300/12592 loss=-11.709478
batch 10350/12592 loss=-11.980350
batch 10400/12592 loss=-19.132675
batch 10450/12592 loss=-13.793193
batch 10500/12592 loss=-16.887463
batch 10550/12592 loss=-11.918110
batch 10600/12592 loss=-7.854327
batch 10650/12592 loss=-13.366753
batch 10700/12592 loss=-14.792315
batch 10750/12592 loss=-7.086601
batch 10800/12592 loss=-11.785476
batch 10850/12592 loss=-12.097982
batch 10900/12592 loss=-15.540295
batch 10950/12592 loss=-13.843847
batch 11000/12592 loss=-7.142743
batch 11050/12592 loss=-20.219151
batch 11100/12592 loss=-12.211145
batch 11150/12592 loss=-10.952314
batch 11200/12592 loss=-11.224316
batch 11250/12592 loss=-14.618322
batch 11300/12592 loss=-23.323978
batch 11350/12592 loss=-21.861446
batch 11400/12592 loss=-19.587957
batch 11450/12592 loss=-15.739544
batch 11500/12592 loss=-17.769306
batch 11550/12592 loss=-18.289539
batch 11600/12592 loss=-10.172742
batch 11650/12592 loss=-19.448107
batch 11700/12592 loss=-21.944016
batch 11750/12592 loss=-23.921959
batch 11800/12592 loss=-22.574017
batch 11850/12592 loss=-15.404854
batch 11900/12592 loss=-9.408159
batch 11950/12592 loss=-5.677279
batch 12000/12592 loss=-21.071129
batch 12050/12592 loss=-15.113983
batch 12100/12592 loss=-23.905899
batch 12150/12592 loss=-17.057339
batch 12200/12592 loss=-16.211502
batch 12250/12592 loss=-4.532245
batch 12300/12592 loss=-13.598595
batch 12350/12592 loss=-16.362225
batch 12400/12592 loss=-19.451576
batch 12450/12592 loss=-25.306292
batch 12500/12592 loss=-13.045906
batch 12550/12592 loss=-19.476786
epoch=71 train_loss=-13.613893 val_loss=-8.359608 minADE=0.736871 minFDE=0.857839 best=-19.057267 patience=49/50
batch 0/12592 loss=-12.462877
batch 50/12592 loss=-12.951423
batch 100/12592 loss=-19.195572
batch 150/12592 loss=-23.125546
batch 200/12592 loss=-22.689381
batch 250/12592 loss=-17.195118
batch 300/12592 loss=-17.899992
batch 350/12592 loss=-17.425814
batch 400/12592 loss=-1.295415
batch 450/12592 loss=-13.640577
batch 500/12592 loss=-20.117714
batch 550/12592 loss=-8.949560
batch 600/12592 loss=-9.793175
batch 650/12592 loss=-14.268368
batch 700/12592 loss=-18.322254
batch 750/12592 loss=-25.859127
batch 800/12592 loss=-22.202381
batch 850/12592 loss=-10.642889
batch 900/12592 loss=-6.200372
batch 950/12592 loss=-8.515223
batch 1000/12592 loss=-15.516535
batch 1050/12592 loss=-12.107140
batch 1100/12592 loss=-15.854094
batch 1150/12592 loss=-16.215961
batch 1200/12592 loss=-16.054020
batch 1250/12592 loss=-17.691469
batch 1300/12592 loss=-8.697426
batch 1350/12592 loss=-13.757965
batch 1400/12592 loss=-7.107116
batch 1450/12592 loss=-17.584761
batch 1500/12592 loss=-22.619148
batch 1550/12592 loss=-19.816235
batch 1600/12592 loss=-20.425261
batch 1650/12592 loss=-13.015873
batch 1700/12592 loss=-18.684071
batch 1750/12592 loss=-8.354664
batch 1800/12592 loss=-10.990372
batch 1850/12592 loss=-16.466015
batch 1900/12592 loss=-18.535927
batch 1950/12592 loss=-13.386218
batch 2000/12592 loss=-15.614691
batch 2050/12592 loss=-12.238706
batch 2100/12592 loss=-14.774239
batch 2150/12592 loss=-12.898617
batch 2200/12592 loss=-14.022584
batch 2250/12592 loss=-12.100872
batch 2300/12592 loss=-10.967044
batch 2350/12592 loss=-12.562612
batch 2400/12592 loss=-10.704133
batch 2450/12592 loss=-22.937435
batch 2500/12592 loss=-2.163704
batch 2550/12592 loss=-8.350863
batch 2600/12592 loss=-23.109272
batch 2650/12592 loss=-25.173923
batch 2700/12592 loss=-16.953482
batch 2750/12592 loss=-22.690166
batch 2800/12592 loss=-9.461636
batch 2850/12592 loss=-19.406883
batch 2900/12592 loss=-12.511028
batch 2950/12592 loss=-23.596453
batch 3000/12592 loss=-11.740417
batch 3050/12592 loss=-16.615883
batch 3100/12592 loss=-18.133186
batch 3150/12592 loss=-10.450773
batch 3200/12592 loss=-14.306773
batch 3250/12592 loss=-17.280281
batch 3300/12592 loss=-18.176500
batch 3350/12592 loss=-11.554798
batch 3400/12592 loss=-12.773623
batch 3450/12592 loss=-18.603268
batch 3500/12592 loss=-16.752247
batch 3550/12592 loss=-21.287415
batch 3600/12592 loss=-23.265095
batch 3650/12592 loss=-1.712997
batch 3700/12592 loss=-21.579845
batch 3750/12592 loss=-12.565310
batch 3800/12592 loss=-15.836117
batch 3850/12592 loss=-17.243158
batch 3900/12592 loss=-19.202961
batch 3950/12592 loss=-7.744996
batch 4000/12592 loss=-15.690379
batch 4050/12592 loss=-12.715215
batch 4100/12592 loss=-13.525494
batch 4150/12592 loss=-24.900105
batch 4200/12592 loss=-11.686839
batch 4250/12592 loss=-7.665573
batch 4300/12592 loss=-19.589464
batch 4350/12592 loss=-14.016329
batch 4400/12592 loss=-12.966879
batch 4450/12592 loss=-20.567345
batch 4500/12592 loss=-18.146349
batch 4550/12592 loss=-24.901051
batch 4600/12592 loss=-9.164426
batch 4650/12592 loss=-7.348869
batch 4700/12592 loss=-14.356400
batch 4750/12592 loss=-13.031931
batch 4800/12592 loss=-11.261447
batch 4850/12592 loss=-11.077956
batch 4900/12592 loss=-14.176159
batch 4950/12592 loss=-9.043093
batch 5000/12592 loss=-17.853508
batch 5050/12592 loss=-17.827448
batch 5100/12592 loss=-12.810364
batch 5150/12592 loss=-13.349387
batch 5200/12592 loss=-6.727611
batch 5250/12592 loss=-17.895737
batch 5300/12592 loss=-20.438911
batch 5350/12592 loss=-8.439209
batch 5400/12592 loss=-2.886949
batch 5450/12592 loss=-22.101528
batch 5500/12592 loss=-22.114002
batch 5550/12592 loss=-7.887653
batch 5600/12592 loss=-19.299343
batch 5650/12592 loss=-6.726564
batch 5700/12592 loss=-16.281347
batch 5750/12592 loss=-11.174950
batch 5800/12592 loss=-20.562878
batch 5850/12592 loss=-24.315290
batch 5900/12592 loss=-14.354128
batch 5950/12592 loss=-12.329023
batch 6000/12592 loss=-13.361683
batch 6050/12592 loss=-2.971890
batch 6100/12592 loss=-12.578096
batch 6150/12592 loss=-13.572642
batch 6200/12592 loss=-17.511480
batch 6250/12592 loss=-18.553188
batch 6300/12592 loss=-10.062271
batch 6350/12592 loss=-16.184856
batch 6400/12592 loss=-17.703396
batch 6450/12592 loss=-18.190754
batch 6500/12592 loss=-21.100988
batch 6550/12592 loss=-14.617985
batch 6600/12592 loss=-8.162542
batch 6650/12592 loss=0.488286
batch 6700/12592 loss=-18.251459
batch 6750/12592 loss=-22.649216
batch 6800/12592 loss=-8.808790
batch 6850/12592 loss=-14.399799
batch 6900/12592 loss=-15.626561
batch 6950/12592 loss=-5.764299
batch 7000/12592 loss=-11.681230
batch 7050/12592 loss=-15.920573
batch 7100/12592 loss=-17.777843
batch 7150/12592 loss=-18.557426
batch 7200/12592 loss=-6.837490
batch 7250/12592 loss=-12.096085
batch 7300/12592 loss=-17.802402
batch 7350/12592 loss=-20.551460
batch 7400/12592 loss=-7.788374
batch 7450/12592 loss=-13.419896
batch 7500/12592 loss=-18.760315
batch 7550/12592 loss=-20.292652
batch 7600/12592 loss=-12.856203
batch 7650/12592 loss=-7.092240
batch 7700/12592 loss=-14.313628
batch 7750/12592 loss=-17.056175
batch 7800/12592 loss=-7.444215
batch 7850/12592 loss=-15.065287
batch 7900/12592 loss=-15.914974
batch 7950/12592 loss=-12.903234
batch 8000/12592 loss=-21.237185
batch 8050/12592 loss=-8.080654
batch 8100/12592 loss=-18.018148
batch 8150/12592 loss=-11.139374
batch 8200/12592 loss=-17.115171
batch 8250/12592 loss=-15.318808
batch 8300/12592 loss=-18.517719
batch 8350/12592 loss=-13.469091
batch 8400/12592 loss=-18.813248
batch 8450/12592 loss=-18.060711
batch 8500/12592 loss=-15.369353
batch 8550/12592 loss=-10.163225
batch 8600/12592 loss=-9.729065
batch 8650/12592 loss=-19.975327
batch 8700/12592 loss=-12.349072
batch 8750/12592 loss=-20.824371
batch 8800/12592 loss=-20.878307
batch 8850/12592 loss=-14.178296
batch 8900/12592 loss=-19.190895
batch 8950/12592 loss=-16.600475
batch 9000/12592 loss=-13.004871
batch 9050/12592 loss=-17.130163
batch 9100/12592 loss=-15.050838
batch 9150/12592 loss=-13.680462
batch 9200/12592 loss=-15.950507
batch 9250/12592 loss=-0.431443
batch 9300/12592 loss=0.924218
batch 9350/12592 loss=-9.672977
batch 9400/12592 loss=-18.649197
batch 9450/12592 loss=-25.073486
batch 9500/12592 loss=-10.134287
batch 9550/12592 loss=-17.786777
batch 9600/12592 loss=-11.778400
batch 9650/12592 loss=-17.240414
batch 9700/12592 loss=-11.571222
batch 9750/12592 loss=-14.497854
batch 9800/12592 loss=-11.883461
batch 9850/12592 loss=-22.339722
batch 9900/12592 loss=-1.484910
batch 9950/12592 loss=-15.062963
batch 10000/12592 loss=-15.209502
batch 10050/12592 loss=-9.414254
batch 10100/12592 loss=-8.640666
batch 10150/12592 loss=-14.555397
batch 10200/12592 loss=-7.852611
batch 10250/12592 loss=-14.601398
batch 10300/12592 loss=-11.402987
batch 10350/12592 loss=-11.162333
batch 10400/12592 loss=-12.562304
batch 10450/12592 loss=-19.253639
batch 10500/12592 loss=-18.573872
batch 10550/12592 loss=-14.544275
batch 10600/12592 loss=-24.287586
batch 10650/12592 loss=-22.015072
batch 10700/12592 loss=-10.890330
batch 10750/12592 loss=-19.554066
batch 10800/12592 loss=-19.978477
batch 10850/12592 loss=-12.827339
batch 10900/12592 loss=-9.396473
batch 10950/12592 loss=-10.341619
batch 11000/12592 loss=-15.902438
batch 11050/12592 loss=-10.569921
batch 11100/12592 loss=-16.123531
batch 11150/12592 loss=-14.218498
batch 11200/12592 loss=-24.413948
batch 11250/12592 loss=-14.686650
batch 11300/12592 loss=-15.784326
batch 11350/12592 loss=-16.477478
batch 11400/12592 loss=-2.712965
batch 11450/12592 loss=-9.925383
batch 11500/12592 loss=-15.716664
batch 11550/12592 loss=-23.622684
batch 11600/12592 loss=-25.139759
batch 11650/12592 loss=-14.393801
batch 11700/12592 loss=-21.696129
batch 11750/12592 loss=-11.812614
batch 11800/12592 loss=-16.084465
batch 11850/12592 loss=-11.173150
batch 11900/12592 loss=-13.254289
batch 11950/12592 loss=-11.620907
batch 12000/12592 loss=-22.243675
batch 12050/12592 loss=-3.851904
batch 12100/12592 loss=-16.585476
batch 12150/12592 loss=-20.037971
batch 12200/12592 loss=-20.012127
batch 12250/12592 loss=-15.248530
batch 12300/12592 loss=-12.417618
batch 12350/12592 loss=-20.148624
batch 12400/12592 loss=-19.816730
batch 12450/12592 loss=-10.978468
batch 12500/12592 loss=-14.949163
batch 12550/12592 loss=-12.220968
epoch=72 train_loss=-13.080396 val_loss=-12.652195 minADE=0.750555 minFDE=0.902792 best=-19.057267 patience=50/50

======================================================================
GMM TRAINING COMPLETE
======================================================================
BEST EPOCH: 22
BEST METRICS: {'loss': -19.05726719856068, 'minADE': 0.49449088145338777, 'minFDE': 0.6394788801403989}
CHECKPOINT: checkpoints/stage4_auto_cuda/ALL_gmm_h128_l1_d0.0_lr0.001_b32_k5.pt
REPORT: reports/stage4_auto_cuda/gmm_real_training_result.json
