============================================================
STAGE 6 — BLOCK 6.8 PART 2/2
EXACT ORACLE / FULL-BOX / ROAD-ROI BINDING EXTRACTION
READ-ONLY — NO DEVELOPMENT METRICS
============================================================

===== A. FROZEN EVIDENCE =====
metric reconciliation     = EXACT PASS
metric protocol           = EXACT PASS
metric runtime            = EXACT PASS
metric interface          = EXACT PASS
I_final binding             = EXACT PASS
oracle/ROI broad discovery = PASS

===== B. EXACT FULL-BOX / OCCUPANCY APIs =====

build_deterministic_future_full_boxes
  object type = function
  signature = (prediction: 'DeterministicSharedMeanPrediction', actor_box) -> 'tuple[DeterministicFutureProjectedBox, DeterministicFutureProjectedBox, DeterministicFutureProjectedBox, DeterministicFutureProjectedBox]'

StochasticFullBoxForecast
  object type = type
  signature = (prediction_id: 'str', sample_count: 'int', seed: 'int', absolute_mean_H0_m: 'np.ndarray', trajectory_samples_H0_m: 'np.ndarray', heading_samples_rad: 'np.ndarray', heading_fallback_mask: 'np.ndarray', future: 'tuple[tuple[StochasticFutureProjectedBox, StochasticFutureProjectedBox, StochasticFutureProjectedBox, StochasticFutureProjectedBox], ...]', joint_sampling_semantics: 'str' = 'product_of_frozen_calibrated_per_horizon_Gaussian_marginals') -> None

estimate_actor_occupancy_probability
  object type = function
  signature = (forecast: 'StochasticFullBoxForecast', grid: 'OccupancyGrid') -> 'ActorOccupancyProbability'

------------------------------------------------------------
EXACT SOURCE: build_deterministic_future_full_boxes
signature = (prediction: 'DeterministicSharedMeanPrediction', actor_box) -> 'tuple[DeterministicFutureProjectedBox, DeterministicFutureProjectedBox, DeterministicFutureProjectedBox, DeterministicFutureProjectedBox]'
------------------------------------------------------------
def build_deterministic_future_full_boxes(
    prediction:
        DeterministicSharedMeanPrediction,
    actor_box,
) -> tuple[
    DeterministicFutureProjectedBox,
    DeterministicFutureProjectedBox,
    DeterministicFutureProjectedBox,
    DeterministicFutureProjectedBox,
]:
    """
    Build the deterministic predictive ADB geometry for one
    associated actor.

    State:
      shared calibrated-Gaussian mean trajectory only.

    Center:
      predictor causal anchor + metric-H0 mean displacement.

    Dimensions:
      current causal l/w/h held explicit across horizons.

    Orientation:
      frozen Stage5 trajectory tangent rule, with current causal
      actor-box yaw used only as the low-speed carry-forward seed.

    Projection:
      full 3D Box3D -> all eight physical corners.

    Deliberately absent:
      predictive covariance,
      probabilistic occupancy,
      future GT,
      class-specific margin/floor,
      communication codebook.
    """

    _validate_causal_actor_box(
        actor_box
    )

    centers = np.asarray(
        prediction.future_centers_H0_m(),
        dtype=np.float64,
    )

    heading_samples = centers[
        None,
        :,
        :,
    ]

    headings, fallback = (
        resolve_samplewise_headings(
            trajectory_samples_h0_m=(
                heading_samples
            ),

            current_position_h0_m=(
                prediction.latest_position_H0_m
            ),

            current_heading_h0_rad=float(
                actor_box.box.yaw_rad
            ),
        )
    )

    if headings.shape != (
        1,
        4,
    ):
        raise RuntimeError(
            "Unexpected frozen Stage5 heading shape."
        )

    if fallback.shape != (
        1,
        4,
    ):
        raise RuntimeError(
            "Unexpected frozen Stage5 fallback shape."
        )

    result = []

    for horizon_index, horizon_s in enumerate(
        HORIZONS_S
    ):

        center = tuple(
            float(value)
            for value
            in centers[
                horizon_index
            ]
        )

        yaw = float(
            headings[
                0,
                horizon_index,
            ]
        )

        box = Box3D(
            center_xyz=center,

            length_m=float(
                actor_box.box.length_m
            ),

            width_m=float(
                actor_box.box.width_m
            ),

            height_m=float(
                actor_box.box.height_m
            ),

            yaw_rad=yaw,
        )

        projection = (
            project_box_to_headlamp(
                box,

                state_source=(
                    PREDICTED_STATE_SOURCE
                ),

                orientation_source=(
                    PREDICTED_ORIENTATION_SOURCE
                ),

                controller_path=True,
            )
        )

        if projection.corners.xyz.shape != (
            8,
            3,
        ):
            raise RuntimeError(
                "Future predictive box did not "
                "produce exactly eight physical corners."
            )

        result.append(
            DeterministicFutureProjectedBox(
                horizon_s=float(
                    horizon_s
                ),

                center_H0_m=center,

                yaw_H0_rad=yaw,

                heading_fallback_used=bool(

------------------------------------------------------------
EXACT SOURCE: StochasticFullBoxForecast
signature = (prediction_id: 'str', sample_count: 'int', seed: 'int', absolute_mean_H0_m: 'np.ndarray', trajectory_samples_H0_m: 'np.ndarray', heading_samples_rad: 'np.ndarray', heading_fallback_mask: 'np.ndarray', future: 'tuple[tuple[StochasticFutureProjectedBox, StochasticFutureProjectedBox, StochasticFutureProjectedBox, StochasticFutureProjectedBox], ...]', joint_sampling_semantics: 'str' = 'product_of_frozen_calibrated_per_horizon_Gaussian_marginals') -> None
------------------------------------------------------------
@dataclass(frozen=True)
class StochasticFullBoxForecast:
    prediction_id: str

    sample_count: int

    seed: int

    absolute_mean_H0_m: np.ndarray

    trajectory_samples_H0_m: np.ndarray

    heading_samples_rad: np.ndarray

    heading_fallback_mask: np.ndarray

    future: tuple[
        tuple[
            StochasticFutureProjectedBox,
            StochasticFutureProjectedBox,
            StochasticFutureProjectedBox,
            StochasticFutureProjectedBox,
        ],
        ...,
    ]

    joint_sampling_semantics: str = (
        TRAJECTORY_JOINT_SAMPLING_SEMANTICS
    )

    @property
    def projected_box_count(
        self,
    ) -> int:
        return int(
            self.sample_count
            *
            len(
                HORIZONS_S
            )
        )

    @property
    def projected_corner_count(
        self,
    ) -> int:
        return int(
            self.projected_box_count
            *
            8
        )

------------------------------------------------------------
EXACT SOURCE: estimate_actor_occupancy_probability
signature = (forecast: 'StochasticFullBoxForecast', grid: 'OccupancyGrid') -> 'ActorOccupancyProbability'
------------------------------------------------------------
def estimate_actor_occupancy_probability(
    forecast: StochasticFullBoxForecast,
    grid: OccupancyGrid,
) -> ActorOccupancyProbability:
    """
    Monte-Carlo estimate of one actor's

        P_occ(theta, r, tau).

    For every sample and horizon, the indicator is obtained
    from the convex hull of all eight physical projected box
    corners.

    Probability is exactly:
        occupancy_count / forecast.sample_count

    No gamma threshold is applied here.
    """

    count = int(
        forecast.sample_count
    )

    if count <= 0:
        raise ValueError(
            "forecast.sample_count must be positive."
        )

    if len(
        forecast.future
    ) != count:
        raise ValueError(
            "forecast.future/sample_count mismatch."
        )

    theta_count, range_count = (
        grid.shape
    )

    occupancy_counts = np.zeros(
        (
            4,
            theta_count,
            range_count,
        ),
        dtype=np.uint32,
    )

    for sample_index, sequence in enumerate(
        forecast.future
    ):
        if len(
            sequence
        ) != 4:
            raise ValueError(
                "Every trajectory sample must "
                "contain four future horizons."
            )

        for horizon_index, item in enumerate(
            sequence
        ):
            if int(
                item.sample_index
            ) != sample_index:
                raise ValueError(
                    "Forecast sample index mismatch."
                )

            if int(
                item.horizon_index
            ) != horizon_index:
                raise ValueError(
                    "Forecast horizon index mismatch."
                )

            mask = rasterize_projected_full_box(
                item,
                grid,
            )

            occupancy_counts[
                horizon_index
            ] += mask.astype(
                np.uint32
            )

    probability = (
        occupancy_counts.astype(
            np.float64
        )
        /
        float(
            count
        )
    )

    if np.any(
        probability
        <
        0.0
    ) or np.any(
        probability
        >
        1.0
    ):
        raise RuntimeError(
            "Occupancy probability left [0,1]."
        )

    return ActorOccupancyProbability(
        prediction_id=str(
            forecast.prediction_id
        ),
        sample_count=count,
        horizons_s=tuple(
            float(value)
            for value in HORIZONS_S
        ),
        occupancy_counts=(
            _readonly(
                occupancy_counts,
                dtype=np.uint32,
            )
        ),
        occupancy_probability=(
            _readonly(
                probability,
                dtype=np.float64,
            )
        ),
    )

===== C. MODULE-LEVEL EXACT CANDIDATES =====

MODULE = deterministic_predictive
  class    DeterministicFutureProjectedBox (horizon_s: 'float', center_H0_m: 'Vec3', yaw_H0_rad: 'float', heading_fallback_used: 'bool', box: 'Box3D', projection: 'ProjectedBox') -> None
  function _validate_causal_actor_box (actor_box) -> 'None'
  function build_deterministic_future_full_boxes (prediction: 'DeterministicSharedMeanPrediction', actor_box) -> 'tuple[DeterministicFutureProjectedBox, DeterministicFutureProjectedBox, DeterministicFutureProjectedBox, DeterministicFutureProjectedBox]'

MODULE = probabilistic_full_box
  class    CalibratedGaussianFullBoxPrediction (prediction_id: 'str', latest_position_H0_m: 'Vec3', mean_displacement_H0_m: 'tuple[Vec3, Vec3, Vec3, Vec3]', calibrated_predictive_covariance_H0_m2: 'tuple[tuple[tuple[float, float, float], tuple[float, float, float], tuple[float, float, float]], tuple[tuple[float, float, float], tuple[float, float, float], tuple[float, float, float]], tuple[tuple[float, float, float], tuple[float, float, float], tuple[float, float, float]], tuple[tuple[float, float, float], tuple[float, float, float], tuple[float, float, float]]]') -> None
  class    StochasticFullBoxForecast (prediction_id: 'str', sample_count: 'int', seed: 'int', absolute_mean_H0_m: 'np.ndarray', trajectory_samples_H0_m: 'np.ndarray', heading_samples_rad: 'np.ndarray', heading_fallback_mask: 'np.ndarray', future: 'tuple[tuple[StochasticFutureProjectedBox, StochasticFutureProjectedBox, StochasticFutureProjectedBox, StochasticFutureProjectedBox], ...]', joint_sampling_semantics: 'str' = 'product_of_frozen_calibrated_per_horizon_Gaussian_marginals') -> None
  class    StochasticFutureProjectedBox (sample_index: 'int', horizon_index: 'int', horizon_s: 'float', box: 'Box3D', projection: 'Any', heading_fallback_used: 'bool', state_source: 'str' = 'predicted_sample', orientation_source: 'str' = 'predicted_tangent') -> None
  function _require_causal_actor_box (actor_box) -> 'None'
  function build_stochastic_future_full_boxes (prediction: 'CalibratedGaussianFullBoxPrediction', actor_box, *, sample_count: 'int', seed: 'int') -> 'StochasticFullBoxForecast'
  function sample_calibrated_future_positions_H0_m (prediction: 'CalibratedGaussianFullBoxPrediction', *, sample_count: 'int', seed: 'int') -> 'np.ndarray'

MODULE = probabilistic_occupancy
  class    OccupancyGrid (theta_centers_rad: 'tuple[float, ...]', range_centers_m: 'tuple[float, ...]') -> None
  function _projected_theta_range_points (future_item) -> 'np.ndarray'
  function rasterize_projected_full_box (future_item, grid: 'OccupancyGrid') -> 'np.ndarray'

MODULE = part_a_reactive
  class    PartAReferenceGrid ()
  function part_a_current_vehicle_centers_from_causal_boxes (actor_boxes: 'Iterable') -> 'tuple[tuple[float, float, float], ...]'
  function part_a_region_from_h0_center (center_H0_m) -> 'ReactiveShadowRegion'

===== D. EXACT ROAD-ROI SOURCE OCCURRENCES =====

FILE = src/iscai_stage6/adb/baseline_metric_contract.py
  occurrence @L 192 tokens= ['road_roi']
    L0188:     requires_pedestrian_truth_region: bool
    L0189: 
    L0190:     requires_cyclist_truth_region: bool
    L0191: 
    L0192:     requires_road_ROI: bool
    L0193: 
    L0194:     requires_temporal_sequence: bool
    L0195: 
    L0196:     requires_intensity_map: bool
  occurrence @L 416 tokens= ['road_roi']
    L0412:             requires_constructed_oracle=True,
    L0413:             requires_vehicle_truth_region=False,
    L0414:             requires_pedestrian_truth_region=False,
    L0415:             requires_cyclist_truth_region=False,
    L0416:             requires_road_ROI=False,
    L0417:             requires_temporal_sequence=False,
    L0418:             requires_intensity_map=False,
    L0419:         ),
    L0420: 
  occurrence @L 429 tokens= ['road_roi']
    L0425:             requires_constructed_oracle=False,
    L0426:             requires_vehicle_truth_region=True,
    L0427:             requires_pedestrian_truth_region=False,
    L0428:             requires_cyclist_truth_region=False,
    L0429:             requires_road_ROI=False,
    L0430:             requires_temporal_sequence=False,
    L0431:             requires_intensity_map=True,
    L0432:         ),
    L0433: 
  occurrence @L 440 tokens= ['road_roi']
    L0436:             requires_constructed_oracle=False,
    L0437:             requires_vehicle_truth_region=True,
    L0438:             requires_pedestrian_truth_region=False,
    L0439:             requires_cyclist_truth_region=False,
    L0440:             requires_road_ROI=False,
    L0441:             requires_temporal_sequence=False,
    L0442:             requires_intensity_map=True,
    L0443:         ),
    L0444: 
  occurrence @L 451 tokens= ['road_roi']
    L0447:             requires_constructed_oracle=True,
    L0448:             requires_vehicle_truth_region=False,
    L0449:             requires_pedestrian_truth_region=False,
    L0450:             requires_cyclist_truth_region=False,
    L0451:             requires_road_ROI=False,
    L0452:             requires_temporal_sequence=False,
    L0453:             requires_intensity_map=False,
    L0454:         ),
    L0455: 
  occurrence @L 464 tokens= ['road_roi']
    L0460:             requires_constructed_oracle=False,
    L0461:             requires_vehicle_truth_region=False,
    L0462:             requires_pedestrian_truth_region=False,
    L0463:             requires_cyclist_truth_region=False,
    L0464:             requires_road_ROI=True,
    L0465:             requires_temporal_sequence=False,
    L0466:             requires_intensity_map=True,
    L0467:         ),
    L0468: 
  occurrence @L 477 tokens= ['road_roi']
    L0473:             requires_constructed_oracle=False,
    L0474:             requires_vehicle_truth_region=False,
    L0475:             requires_pedestrian_truth_region=True,
    L0476:             requires_cyclist_truth_region=False,
    L0477:             requires_road_ROI=False,
    L0478:             requires_temporal_sequence=False,
    L0479:             requires_intensity_map=True,
    L0480:         ),
    L0481: 
  occurrence @L 490 tokens= ['road_roi']
    L0486:             requires_constructed_oracle=False,
    L0487:             requires_vehicle_truth_region=False,
    L0488:             requires_pedestrian_truth_region=False,
    L0489:             requires_cyclist_truth_region=True,
    L0490:             requires_road_ROI=False,
    L0491:             requires_temporal_sequence=False,
    L0492:             requires_intensity_map=True,
    L0493:         ),
    L0494: 
  occurrence @L 501 tokens= ['road_roi']
    L0497:             requires_constructed_oracle=True,
    L0498:             requires_vehicle_truth_region=False,
    L0499:             requires_pedestrian_truth_region=False,
    L0500:             requires_cyclist_truth_region=False,
    L0501:             requires_road_ROI=False,
    L0502:             requires_temporal_sequence=False,
    L0503:             requires_intensity_map=True,
    L0504:         ),
    L0505: 
  occurrence @L 512 tokens= ['road_roi']
    L0508:             requires_constructed_oracle=False,
    L0509:             requires_vehicle_truth_region=False,
    L0510:             requires_pedestrian_truth_region=False,
    L0511:             requires_cyclist_truth_region=False,
    L0512:             requires_road_ROI=False,
    L0513:             requires_temporal_sequence=True,
    L0514:             requires_intensity_map=True,
    L0515:         ),
    L0516: 
  occurrence @L 523 tokens= ['road_roi']
    L0519:             requires_constructed_oracle=False,
    L0520:             requires_vehicle_truth_region=False,
    L0521:             requires_pedestrian_truth_region=False,
    L0522:             requires_cyclist_truth_region=False,
    L0523:             requires_road_ROI=False,
    L0524:             requires_temporal_sequence=True,
    L0525:             requires_intensity_map=True,
    L0526:         ),
    L0527: 
  occurrence @L 534 tokens= ['road_roi']
    L0530:             requires_constructed_oracle=False,
    L0531:             requires_vehicle_truth_region=False,
    L0532:             requires_pedestrian_truth_region=False,
    L0533:             requires_cyclist_truth_region=False,
    L0534:             requires_road_ROI=False,
    L0535:             requires_temporal_sequence=True,
    L0536:             requires_intensity_map=True,
    L0537:         ),
    L0538: 
  occurrence @L 545 tokens= ['road_roi']
    L0541:             requires_constructed_oracle=False,
    L0542:             requires_vehicle_truth_region=False,
    L0543:             requires_pedestrian_truth_region=False,
    L0544:             requires_cyclist_truth_region=False,
    L0545:             requires_road_ROI=False,
    L0546:             requires_temporal_sequence=True,
    L0547:             requires_intensity_map=False,
    L0548:         ),
    L0549:     )

FILE = src/iscai_stage6/adb/metric_semantics.py
  occurrence @L 355 tokens= ['road_roi']
    L0351: # ============================================================
    L0352: 
    L0353: def road_illumination_retention(
    L0354:     intensity,
    L0355:     road_roi,
    L0356: ) -> float:
    L0357:     """
    L0358:     Frozen Block6.6 definition:
    L0359: 
  occurrence @L 360 tokens= ['road roi']
    L0356: ) -> float:
    L0357:     """
    L0358:     Frozen Block6.6 definition:
    L0359: 
    L0360:         mean(I_final over frozen road ROI)
    L0361: 
    L0362:     Higher is better.
    L0363:     """
    L0364: 
  occurrence @L 371 tokens= ['road_roi']
    L0367:         name="intensity",
    L0368:     )
    L0369: 
    L0370:     road = _bool_array(
    L0371:         road_roi,
    L0372:         name="road_roi",
    L0373:     )
    L0374: 
    L0375:     _same_shape(
  occurrence @L 372 tokens= ['road_roi']
    L0368:     )
    L0369: 
    L0370:     road = _bool_array(
    L0371:         road_roi,
    L0372:         name="road_roi",
    L0373:     )
    L0374: 
    L0375:     _same_shape(
    L0376:         light,
  occurrence @L 384 tokens= ['road_roi']
    L0380:     if not np.any(
    L0381:         road
    L0382:     ):
    L0383:         raise ValueError(
    L0384:             "road_roi must contain at least one cell"
    L0385:         )
    L0386: 
    L0387:     return float(
    L0388:         np.mean(

FILE = scripts/run_block60_part1_handoff_contract.py
  occurrence @L 1267 tokens= ['road_roi']
    L1263: 
    L1264:             "oracle_semantics":
    L1265:                 "CONSTRUCTED_REFERENCE_NOT_MEASURED_GT",
    L1266: 
    L1267:             "road_ROI_definition_frozen_before_formal":
    L1268:                 True,
    L1269: 
    L1270:             "visibility_proxy_definitions_frozen_before_formal":
    L1271:                 True,

FILE = scripts/run_block66_part3b_preregistration.py
  occurrence @L 1707 tokens= ['road_roi']
    L1703:                     "raised-cosine transition"
    L1704:                 ),
    L1705:         },
    L1706: 
    L1707:         "road_ROI": {
    L1708:             "metric_name":
    L1709:                 "road_illumination_retention",
    L1710: 
    L1711:             "reference_type":
  occurrence @L 1790 tokens= ['road roi']
    L1786:             },
    L1787: 
    L1788:             "road_illumination_retention": {
    L1789:                 "formula":
    L1790:                     "mean(I_final over frozen road ROI)",
    L1791: 
    L1792:                 "direction":
    L1793:                     "higher_is_better",
    L1794:             },
  occurrence @L 2442 tokens= ['road_roi']
    L2438: 
    L2439:             "metric_formulas_frozen":
    L2440:                 True,
    L2441: 
    L2442:             "road_ROI_definition_frozen":
    L2443:                 True,
    L2444: 
    L2445:             "class_overlap_semantics_frozen":
    L2446:                 True,
  occurrence @L 2809 tokens= ['road roi']
    L2805:         "ADB metric formulas          = FROZEN BEFORE SWEEP"
    L2806:     )
    L2807: 
    L2808:     print(
    L2809:         "road ROI proxy               = FROZEN BEFORE SWEEP"
    L2810:     )
    L2811: 
    L2812:     print(
    L2813:         "seven baseline factorization = FROZEN"

FILE = scripts/run_block68_oracle_roi_route_discovery.py
  occurrence @L 479 tokens= ['road_roi']
    L0475:         "project",
    L0476:         "raster",
    L0477:     ),
    L0478: 
    L0479:     "road_roi": (
    L0480:         "road",
    L0481:         "roi",
    L0482:         "illumination",
    L0483:         "grid",
  occurrence @L 1212 tokens= ['road_roi']
    L1208:                 ]
    L1209:                 for category in (
    L1210:                     "constructed_oracle",
    L1211:                     "future_full_box",
    L1212:                     "road_roi",
    L1213:                     "future_truth_access",
    L1214:                 )
    L1215:             ):
    L1216:                 continue
  occurrence @L 1586 tokens= ['road_roi']
    L1582:                     ),
    L1583:                 )
    L1584:             ),
    L1585: 
    L1586:         "road_roi":
    L1587:             (
    L1588:                 "road"
    L1589:                 in combined
    L1590:                 and
  occurrence @L 1635 tokens= ['road_roi']
    L1631: 
    L1632:     for category in (
    L1633:         "constructed_oracle",
    L1634:         "future_full_box",
    L1635:         "road_roi",
    L1636:         "future_truth_access",
    L1637:         "reactive_reference",
    L1638:     ):
    L1639: 
  occurrence @L 2121 tokens= ['road roi']
    L2117:         ),
    L2118:     )
    L2119: 
    L2120:     print(
    L2121:         "road ROI route             =",
    L2122:         (
    L2123:             "FOUND"
    L2124:             if readiness[
    L2125:                 "road_roi"
  occurrence @L 2125 tokens= ['road_roi']
    L2121:         "road ROI route             =",
    L2122:         (
    L2123:             "FOUND"
    L2124:             if readiness[
    L2125:                 "road_roi"
    L2126:             ]
    L2127:             else "NOT PROVEN"
    L2128:         ),
    L2129:     )

FILE = scripts/run_block68_part2_exact_evaluator_runtime_bind.py
  occurrence @L 1537 tokens= ['road_roi']
    L1533:             {
    L1534:                 "I_final":
    L1535:                     illumination_route_proven,
    L1536: 
    L1537:                 "road_ROI":
    L1538:                     True,
    L1539:             },
    L1540: 
    L1541:         "pedestrian_visibility_proxy":

FILE = scripts/run_block68_preoutcome_metric_reconciliation.py
  occurrence @L 706 tokens= ['road_roi']
    L0702: # ============================================================
    L0703: 
    L0704: def road_illumination_retention(
    L0705:     intensity,
    L0706:     road_roi,
    L0707: ) -> float:
    L0708:     """
    L0709:     Frozen Block6.6 definition:
    L0710: 
  occurrence @L 711 tokens= ['road roi']
    L0707: ) -> float:
    L0708:     """
    L0709:     Frozen Block6.6 definition:
    L0710: 
    L0711:         mean(I_final over frozen road ROI)
    L0712: 
    L0713:     Higher is better.
    L0714:     """
    L0715: 
  occurrence @L 722 tokens= ['road_roi']
    L0718:         name="intensity",
    L0719:     )
    L0720: 
    L0721:     road = _bool_array(
    L0722:         road_roi,
    L0723:         name="road_roi",
    L0724:     )
    L0725: 
    L0726:     _same_shape(
  occurrence @L 723 tokens= ['road_roi']
    L0719:     )
    L0720: 
    L0721:     road = _bool_array(
    L0722:         road_roi,
    L0723:         name="road_roi",
    L0724:     )
    L0725: 
    L0726:     _same_shape(
    L0727:         light,
  occurrence @L 735 tokens= ['road_roi']
    L0731:     if not np.any(
    L0732:         road
    L0733:     ):
    L0734:         raise ValueError(
    L0735:             "road_roi must contain at least one cell"
    L0736:         )
    L0737: 
    L0738:     return float(
    L0739:         np.mean(
  occurrence @L 1771 tokens= ['road_roi']
    L1767:             "delta_threshold",
    L1768:             flicker,
    L1769:         )
    L1770: 
    L1771:     def test_04_overmask_not_road_roi_normalized(
    L1772:         self,
    L1773:     ):
    L1774: 
    L1775:         interfaces = {
  occurrence @L 1786 tokens= ['road_roi']
    L1782: 
    L1783:         self.assertFalse(
    L1784:             interfaces[
    L1785:                 ADBMetric.OVER_MASKING_AREA
    L1786:             ].requires_road_ROI
    L1787:         )
    L1788: 
    L1789:     def test_05_false_dimming_not_road_roi_normalized(
    L1790:         self,
  occurrence @L 1789 tokens= ['road_roi']
    L1785:                 ADBMetric.OVER_MASKING_AREA
    L1786:             ].requires_road_ROI
    L1787:         )
    L1788: 
    L1789:     def test_05_false_dimming_not_road_roi_normalized(
    L1790:         self,
    L1791:     ):
    L1792: 
    L1793:         interfaces = {
  occurrence @L 1804 tokens= ['road_roi']
    L1800: 
    L1801:         self.assertFalse(
    L1802:             interfaces[
    L1803:                 ADBMetric.FALSE_DIMMING
    L1804:             ].requires_road_ROI
    L1805:         )
    L1806: 
    L1807:     def test_06_energy_not_road_roi_normalized(
    L1808:         self,
  occurrence @L 1807 tokens= ['road_roi']
    L1803:                 ADBMetric.FALSE_DIMMING
    L1804:             ].requires_road_ROI
    L1805:         )
    L1806: 
    L1807:     def test_06_energy_not_road_roi_normalized(
    L1808:         self,
    L1809:     ):
    L1810: 
    L1811:         interfaces = {
  occurrence @L 1822 tokens= ['road_roi']
    L1818: 
    L1819:         self.assertFalse(
    L1820:             interfaces[
    L1821:                 ADBMetric.ENERGY_CONSUMPTION
    L1822:             ].requires_road_ROI
    L1823:         )
    L1824: 
    L1825: 
    L1826: if __name__ == "__main__":
  occurrence @L 1967 tokens= ['road roi']
    L1963:                 "direction":
    L1964:                     "higher_is_better",
    L1965: 
    L1966:                 "formula":
    L1967:                     "mean(I_final over frozen road ROI)",
    L1968:             },
    L1969: 
    L1970:             "pedestrian_visibility_proxy": {
    L1971:                 "direction":
  occurrence @L 2093 tokens= ['road_roi']
    L2089:             },
    L2090:         },
    L2091: 
    L2092:         "roi_contract": {
    L2093:             "road_roi": {
    L2094:                 "used_by":
    L2095:                     [
    L2096:                         "road_illumination_retention"
    L2097:                     ],
  occurrence @L 2301 tokens= ['road_roi']
    L2297:         if (
    L2298:             current_target
    L2299:             is not None
    L2300:             and
    L2301:             "requires_road_ROI=True"
    L2302:             in line
    L2303:         ):
    L2304: 
    L2305:             line = line.replace(
  occurrence @L 2306 tokens= ['road_roi']
    L2302:             in line
    L2303:         ):
    L2304: 
    L2305:             line = line.replace(
    L2306:                 "requires_road_ROI=True",
    L2307:                 "requires_road_ROI=False",
    L2308:                 1,
    L2309:             )
    L2310: 
  occurrence @L 2307 tokens= ['road_roi']
    L2303:         ):
    L2304: 
    L2305:             line = line.replace(
    L2306:                 "requires_road_ROI=True",
    L2307:                 "requires_road_ROI=False",
    L2308:                 1,
    L2309:             )
    L2310: 
    L2311:             patched.add(
  occurrence @L 3602 tokens= ['road_roi']
    L3598: 
    L3599:                     "amended_flags": [
    L3600:                         (
    L3601:                             "over_masking_area."
    L3602:                             "requires_road_ROI=false"
    L3603:                         ),
    L3604:                         (
    L3605:                             "false_dimming."
    L3606:                             "requires_road_ROI=false"
  occurrence @L 3606 tokens= ['road_roi']
    L3602:                             "requires_road_ROI=false"
    L3603:                         ),
    L3604:                         (
    L3605:                             "false_dimming."
    L3606:                             "requires_road_ROI=false"
    L3607:                         ),
    L3608:                         (
    L3609:                             "energy_consumption."
    L3610:                             "requires_road_ROI=false"
  occurrence @L 3610 tokens= ['road_roi']
    L3606:                             "requires_road_ROI=false"
    L3607:                         ),
    L3608:                         (
    L3609:                             "energy_consumption."
    L3610:                             "requires_road_ROI=false"
    L3611:                         )
    L3612:                     ],
    L3613:                 },
    L3614:             },

road-ROI source files = 7

===== E. ORACLE / FUTURE-TRUTH SOURCE OCCURRENCES =====

FILE = src/iscai_stage6/adb/baseline_metric_contract.py
  occurrence @L 36 tokens= ['oracle_future']
    L0032:     CLASS_AWARE_PREDICTIVE_ADB = (
    L0033:         "class_aware_predictive_ADB"
    L0034:     )
    L0035: 
    L0036:     ORACLE_FUTURE_ADB = (
    L0037:         "oracle_future_ADB"
    L0038:     )
    L0039: 
    L0040: 
  occurrence @L 37 tokens= ['oracle_future']
    L0033:         "class_aware_predictive_ADB"
    L0034:     )
    L0035: 
    L0036:     ORACLE_FUTURE_ADB = (
    L0037:         "oracle_future_ADB"
    L0038:     )
    L0039: 
    L0040: 
    L0041: # ============================================================
  occurrence @L 50 tokens= ['oracle_future', 'constructed_oracle']
    L0046: # ============================================================
    L0047: 
    L0048: class ADBMetric(str, Enum):
    L0049:     MASK_IOU = (
    L0050:         "mask_IoU_with_constructed_oracle_future_mask"
    L0051:     )
    L0052: 
    L0053:     VEHICLE_SHADOW_VIOLATION = (
    L0054:         "vehicle_shadow_zone_violation"
  occurrence @L 128 tokens= ['constructed_oracle']
    L0124:     evaluator_future_truth: bool
    L0125: 
    L0126:     future_truth_controller_input: bool
    L0127: 
    L0128:     constructed_oracle_only: bool
    L0129: 
    L0130:     runtime_configuration_id: str
    L0131: 
    L0132:     interpretation: str
  occurrence @L 184 tokens= ['constructed_oracle']
    L0180:     """
    L0181: 
    L0182:     name: ADBMetric
    L0183: 
    L0184:     requires_constructed_oracle: bool
    L0185: 
    L0186:     requires_vehicle_truth_region: bool
    L0187: 
    L0188:     requires_pedestrian_truth_region: bool
  occurrence @L 236 tokens= ['constructed_oracle']
    L0232:             current_reactive_geometry=False,
    L0233:             static_controller=True,
    L0234:             evaluator_future_truth=False,
    L0235:             future_truth_controller_input=False,
    L0236:             constructed_oracle_only=False,
    L0237: 
    L0238:             runtime_configuration_id=(
    L0239:                 "static_part_a_grid_v1"
    L0240:             ),
  occurrence @L 261 tokens= ['constructed_oracle']
    L0257:             current_reactive_geometry=True,
    L0258:             static_controller=False,
    L0259:             evaluator_future_truth=False,
    L0260:             future_truth_controller_input=False,
    L0261:             constructed_oracle_only=False,
    L0262: 
    L0263:             runtime_configuration_id=(
    L0264:                 "part_a_current_reactive_v1"
    L0265:             ),
  occurrence @L 286 tokens= ['constructed_oracle']
    L0282:             current_reactive_geometry=False,
    L0283:             static_controller=False,
    L0284:             evaluator_future_truth=False,
    L0285:             future_truth_controller_input=False,
    L0286:             constructed_oracle_only=False,
    L0287: 
    L0288:             runtime_configuration_id=(
    L0289:                 "predictive_mean_common_policy_v1"
    L0290:             ),
  occurrence @L 311 tokens= ['constructed_oracle']
    L0307:             current_reactive_geometry=False,
    L0308:             static_controller=False,
    L0309:             evaluator_future_truth=False,
    L0310:             future_truth_controller_input=False,
    L0311:             constructed_oracle_only=False,
    L0312: 
    L0313:             runtime_configuration_id=(
    L0314:                 shared_uncertainty_configuration
    L0315:             ),
  occurrence @L 337 tokens= ['constructed_oracle']
    L0333:             current_reactive_geometry=False,
    L0334:             static_controller=False,
    L0335:             evaluator_future_truth=False,
    L0336:             future_truth_controller_input=False,
    L0337:             constructed_oracle_only=False,
    L0338: 
    L0339:             runtime_configuration_id=(
    L0340:                 shared_uncertainty_configuration
    L0341:             ),
  occurrence @L 363 tokens= ['constructed_oracle']
    L0359:             current_reactive_geometry=False,
    L0360:             static_controller=False,
    L0361:             evaluator_future_truth=False,
    L0362:             future_truth_controller_input=False,
    L0363:             constructed_oracle_only=False,
    L0364: 
    L0365:             runtime_configuration_id=(
    L0366:                 "predictive_uncertainty_class_aware_v1"
    L0367:             ),
  occurrence @L 378 tokens= ['oracle_future']
    L0374:         ),
    L0375: 
    L0376:         ADBBaselineSpec(
    L0377:             label=(
    L0378:                 ADBBaseline.ORACLE_FUTURE_ADB
    L0379:             ),
    L0380: 
    L0381:             predictive=False,
    L0382:             future_mean=False,
  occurrence @L 389 tokens= ['constructed_oracle']
    L0385:             current_reactive_geometry=False,
    L0386:             static_controller=False,
    L0387:             evaluator_future_truth=True,
    L0388:             future_truth_controller_input=False,
    L0389:             constructed_oracle_only=True,
    L0390: 
    L0391:             runtime_configuration_id=(
    L0392:                 "constructed_future_oracle_v1"
    L0393:             ),
  occurrence @L 396 tokens= ['constructed future']
    L0392:                 "constructed_future_oracle_v1"
    L0393:             ),
    L0394: 
    L0395:             interpretation=(
    L0396:                 "Evaluator-only constructed future "
    L0397:                 "reference; never a controller."
    L0398:             ),
    L0399:         ),
    L0400:     )
  occurrence @L 412 tokens= ['constructed_oracle']
    L0408: 
    L0409:     return (
    L0410:         ADBMetricInterface(
    L0411:             name=ADBMetric.MASK_IOU,
    L0412:             requires_constructed_oracle=True,
    L0413:             requires_vehicle_truth_region=False,
    L0414:             requires_pedestrian_truth_region=False,
    L0415:             requires_cyclist_truth_region=False,
    L0416:             requires_road_ROI=False,
  occurrence @L 425 tokens= ['constructed_oracle']
    L0421:         ADBMetricInterface(
    L0422:             name=(
    L0423:                 ADBMetric.VEHICLE_SHADOW_VIOLATION
    L0424:             ),
    L0425:             requires_constructed_oracle=False,
    L0426:             requires_vehicle_truth_region=True,
    L0427:             requires_pedestrian_truth_region=False,
    L0428:             requires_cyclist_truth_region=False,
    L0429:             requires_road_ROI=False,
  occurrence @L 436 tokens= ['constructed_oracle']
    L0432:         ),
    L0433: 
    L0434:         ADBMetricInterface(
    L0435:             name=ADBMetric.GLARE_RISK_EXPOSURE,
    L0436:             requires_constructed_oracle=False,
    L0437:             requires_vehicle_truth_region=True,
    L0438:             requires_pedestrian_truth_region=False,
    L0439:             requires_cyclist_truth_region=False,
    L0440:             requires_road_ROI=False,
  occurrence @L 447 tokens= ['constructed_oracle']
    L0443:         ),
    L0444: 
    L0445:         ADBMetricInterface(
    L0446:             name=ADBMetric.OVER_MASKING_AREA,
    L0447:             requires_constructed_oracle=True,
    L0448:             requires_vehicle_truth_region=False,
    L0449:             requires_pedestrian_truth_region=False,
    L0450:             requires_cyclist_truth_region=False,
    L0451:             requires_road_ROI=False,
  occurrence @L 460 tokens= ['constructed_oracle']
    L0456:         ADBMetricInterface(
    L0457:             name=(
    L0458:                 ADBMetric.ROAD_ILLUMINATION_RETENTION
    L0459:             ),
    L0460:             requires_constructed_oracle=False,
    L0461:             requires_vehicle_truth_region=False,
    L0462:             requires_pedestrian_truth_region=False,
    L0463:             requires_cyclist_truth_region=False,
    L0464:             requires_road_ROI=True,
  occurrence @L 473 tokens= ['constructed_oracle']
    L0469:         ADBMetricInterface(
    L0470:             name=(
    L0471:                 ADBMetric.PEDESTRIAN_VISIBILITY_PROXY
    L0472:             ),
    L0473:             requires_constructed_oracle=False,
    L0474:             requires_vehicle_truth_region=False,
    L0475:             requires_pedestrian_truth_region=True,
    L0476:             requires_cyclist_truth_region=False,
    L0477:             requires_road_ROI=False,
  occurrence @L 486 tokens= ['constructed_oracle']
    L0482:         ADBMetricInterface(
    L0483:             name=(
    L0484:                 ADBMetric.CYCLIST_VISIBILITY_PROXY
    L0485:             ),
    L0486:             requires_constructed_oracle=False,
    L0487:             requires_vehicle_truth_region=False,
    L0488:             requires_pedestrian_truth_region=False,
    L0489:             requires_cyclist_truth_region=True,
    L0490:             requires_road_ROI=False,
  occurrence @L 497 tokens= ['constructed_oracle']
    L0493:         ),
    L0494: 
    L0495:         ADBMetricInterface(
    L0496:             name=ADBMetric.FALSE_DIMMING,
    L0497:             requires_constructed_oracle=True,
    L0498:             requires_vehicle_truth_region=False,
    L0499:             requires_pedestrian_truth_region=False,
    L0500:             requires_cyclist_truth_region=False,
    L0501:             requires_road_ROI=False,
  occurrence @L 508 tokens= ['constructed_oracle']
    L0504:         ),
    L0505: 
    L0506:         ADBMetricInterface(
    L0507:             name=ADBMetric.TEMPORAL_SMOOTHNESS,
    L0508:             requires_constructed_oracle=False,
    L0509:             requires_vehicle_truth_region=False,
    L0510:             requires_pedestrian_truth_region=False,
    L0511:             requires_cyclist_truth_region=False,
    L0512:             requires_road_ROI=False,
  occurrence @L 519 tokens= ['constructed_oracle']
    L0515:         ),
    L0516: 
    L0517:         ADBMetricInterface(
    L0518:             name=ADBMetric.FLICKER_CHANGE_RATE,
    L0519:             requires_constructed_oracle=False,
    L0520:             requires_vehicle_truth_region=False,
    L0521:             requires_pedestrian_truth_region=False,
    L0522:             requires_cyclist_truth_region=False,
    L0523:             requires_road_ROI=False,
  occurrence @L 530 tokens= ['constructed_oracle']
    L0526:         ),
    L0527: 
    L0528:         ADBMetricInterface(
    L0529:             name=ADBMetric.ENERGY_CONSUMPTION,
    L0530:             requires_constructed_oracle=False,
    L0531:             requires_vehicle_truth_region=False,
    L0532:             requires_pedestrian_truth_region=False,
    L0533:             requires_cyclist_truth_region=False,
    L0534:             requires_road_ROI=False,
  occurrence @L 541 tokens= ['constructed_oracle']
    L0537:         ),
    L0538: 
    L0539:         ADBMetricInterface(
    L0540:             name=ADBMetric.ACTUATION_LATENCY,
    L0541:             requires_constructed_oracle=False,
    L0542:             requires_vehicle_truth_region=False,
    L0543:             requires_pedestrian_truth_region=False,
    L0544:             requires_cyclist_truth_region=False,
    L0545:             requires_road_ROI=False,

FILE = src/iscai_stage6/adb/deterministic_predictive.py
  occurrence @L 347 tokens= ['future_full_box']
    L0343:             "Matched causal box has invalid current yaw."
    L0344:         )
    L0345: 
    L0346: 
    L0347: def build_deterministic_future_full_boxes(
    L0348:     prediction:
    L0349:         DeterministicSharedMeanPrediction,
    L0350:     actor_box,
    L0351: ) -> tuple[
  occurrence @L 575 tokens= ['future_full_box']
    L0571:             match.predictor_index
    L0572:         ]
    L0573: 
    L0574:         future = (
    L0575:             build_deterministic_future_full_boxes(
    L0576:                 prediction,
    L0577:                 actor_box,
    L0578:             )
    L0579:         )

FILE = src/iscai_stage6/adb/geometry.py
  occurrence @L 22 tokens= ['future_gt']
    L0018: )
    L0019: 
    L0020: _FORBIDDEN_CONTROLLER_STATE_SOURCES = frozenset(
    L0021:     {
    L0022:         "future_gt",
    L0023:         "oracle_future",
    L0024:         "future_annotation",
    L0025:     }
    L0026: )
  occurrence @L 23 tokens= ['oracle_future']
    L0019: 
    L0020: _FORBIDDEN_CONTROLLER_STATE_SOURCES = frozenset(
    L0021:     {
    L0022:         "future_gt",
    L0023:         "oracle_future",
    L0024:         "future_annotation",
    L0025:     }
    L0026: )
    L0027: 

FILE = src/iscai_stage6/adb/metric_semantics.py
  occurrence @L 144 tokens= ['oracle_mask']
    L0140: # ============================================================
    L0141: 
    L0142: def mask_iou(
    L0143:     candidate_mask,
    L0144:     oracle_mask,
    L0145: ) -> float:
    L0146:     """
    L0147:     |D ∩ O| / |D ∪ O|
    L0148: 
  occurrence @L 158 tokens= ['oracle_mask']
    L0154:         name="candidate_mask",
    L0155:     )
    L0156: 
    L0157:     oracle = _bool_array(
    L0158:         oracle_mask,
    L0159:         name="oracle_mask",
    L0160:     )
    L0161: 
    L0162:     _same_shape(
  occurrence @L 159 tokens= ['oracle_mask']
    L0155:     )
    L0156: 
    L0157:     oracle = _bool_array(
    L0158:         oracle_mask,
    L0159:         name="oracle_mask",
    L0160:     )
    L0161: 
    L0162:     _same_shape(
    L0163:         candidate,
  occurrence @L 307 tokens= ['oracle_mask']
    L0303: # ============================================================
    L0304: 
    L0305: def over_masking_area(
    L0306:     candidate_mask,
    L0307:     oracle_mask,
    L0308: ) -> float:
    L0309:     """
    L0310:     Frozen Block6.6 definition:
    L0311: 
  occurrence @L 325 tokens= ['oracle_mask']
    L0321:         name="candidate_mask",
    L0322:     )
    L0323: 
    L0324:     oracle = _bool_array(
    L0325:         oracle_mask,
    L0326:         name="oracle_mask",
    L0327:     )
    L0328: 
    L0329:     _same_shape(
  occurrence @L 326 tokens= ['oracle_mask']
    L0322:     )
    L0323: 
    L0324:     oracle = _bool_array(
    L0325:         oracle_mask,
    L0326:         name="oracle_mask",
    L0327:     )
    L0328: 
    L0329:     _same_shape(
    L0330:         candidate,
  occurrence @L 402 tokens= ['future_full_box']
    L0398: # ============================================================
    L0399: 
    L0400: def pedestrian_visibility_proxy(
    L0401:     intensity,
    L0402:     pedestrian_future_full_box_region,
    L0403: ) -> float:
    L0404:     """
    L0405:     Frozen Block6.6 definition:
    L0406: 
  occurrence @L 425 tokens= ['future_full_box']
    L0421:         name="intensity",
    L0422:     )
    L0423: 
    L0424:     region = _bool_array(
    L0425:         pedestrian_future_full_box_region,
    L0426:         name=(
    L0427:             "pedestrian_future_full_box_region"
    L0428:         ),
    L0429:     )
  occurrence @L 427 tokens= ['future_full_box']
    L0423: 
    L0424:     region = _bool_array(
    L0425:         pedestrian_future_full_box_region,
    L0426:         name=(
    L0427:             "pedestrian_future_full_box_region"
    L0428:         ),
    L0429:     )
    L0430: 
    L0431:     _same_shape(
  occurrence @L 458 tokens= ['future_full_box']
    L0454: # ============================================================
    L0455: 
    L0456: def cyclist_visibility_proxy(
    L0457:     intensity,
    L0458:     cyclist_future_full_box_region,
    L0459: ) -> float:
    L0460:     """
    L0461:     Frozen Block6.6 definition:
    L0462: 
  occurrence @L 481 tokens= ['future_full_box']
    L0477:         name="intensity",
    L0478:     )
    L0479: 
    L0480:     region = _bool_array(
    L0481:         cyclist_future_full_box_region,
    L0482:         name=(
    L0483:             "cyclist_future_full_box_region"
    L0484:         ),
    L0485:     )
  occurrence @L 483 tokens= ['future_full_box']
    L0479: 
    L0480:     region = _bool_array(
    L0481:         cyclist_future_full_box_region,
    L0482:         name=(
    L0483:             "cyclist_future_full_box_region"
    L0484:         ),
    L0485:     )
    L0486: 
    L0487:     _same_shape(
  occurrence @L 514 tokens= ['oracle_mask']
    L0510: # ============================================================
    L0511: 
    L0512: def false_dimming(
    L0513:     intensity,
    L0514:     oracle_mask,
    L0515: ) -> float:
    L0516:     """
    L0517:     Frozen Block6.6 definition:
    L0518: 
  occurrence @L 535 tokens= ['oracle_mask']
    L0531:         name="intensity",
    L0532:     )
    L0533: 
    L0534:     oracle = _bool_array(
    L0535:         oracle_mask,
    L0536:         name="oracle_mask",
    L0537:     )
    L0538: 
    L0539:     _same_shape(
  occurrence @L 536 tokens= ['oracle_mask']
    L0532:     )
    L0533: 
    L0534:     oracle = _bool_array(
    L0535:         oracle_mask,
    L0536:         name="oracle_mask",
    L0537:     )
    L0538: 
    L0539:     _same_shape(
    L0540:         light,

FILE = src/iscai_stage6/adb/probabilistic_full_box.py
  occurrence @L 476 tokens= ['future_full_box']
    L0472:         dtype=np.float64,
    L0473:     )
    L0474: 
    L0475: 
    L0476: def build_stochastic_future_full_boxes(
    L0477:     prediction: CalibratedGaussianFullBoxPrediction,
    L0478:     actor_box,
    L0479:     *,
    L0480:     sample_count: int,
  occurrence @L 485 tokens= ['future full-box']
    L0481:     seed: int,
    L0482: ) -> StochasticFullBoxForecast:
    L0483:     """
    L0484:     Propagate calibrated trajectory uncertainty through
    L0485:     physical future full-box geometry.
    L0486: 
    L0487:     For every trajectory sample and every horizon:
    L0488:       sampled position -> Box3D center
    L0489:       sampled tangent  -> box yaw

FILE = scripts/run_block60_part1_handoff_contract.py
  occurrence @L 1066 tokens= ['future_gt']
    L1062:                     "predicted trajectory tangent with "
    L1063:                     "frozen low-speed fallback"
    L1064:                 ),
    L1065: 
    L1066:             "vehicle_closing_speed_from_future_GT":
    L1067:                 False,
    L1068: 
    L1069:             "closing_speed_policy":
    L1070:                 (
  occurrence @L 1225 tokens= ['oracle_future']
    L1221:                 "deterministic_predictive_ADB",
    L1222:                 "uncertainty_aware_predictive_ADB",
    L1223:                 "class_agnostic_predictive_ADB",
    L1224:                 "class_aware_predictive_ADB",
    L1225:                 "oracle_future_ADB",
    L1226:             ],
    L1227: 
    L1228:             "comparison_framework":
    L1229:                 "factorial_and_explicit_mapping",
  occurrence @L 1243 tokens= ['oracle_future', 'constructed_oracle']
    L1239:         },
    L1240: 
    L1241:         "adb_metrics": {
    L1242:             "required": [
    L1243:                 "mask_IoU_with_constructed_oracle_future_mask",
    L1244:                 "vehicle_shadow_zone_violation",
    L1245:                 "glare_risk_exposure",
    L1246:                 "over_masking_area",
    L1247:                 "road_illumination_retention",
  occurrence @L 1665 tokens= ['oracle_future']
    L1661:             "deterministic_predictive_ADB",
    L1662:             "uncertainty_aware_predictive_ADB",
    L1663:             "class_agnostic_predictive_ADB",
    L1664:             "class_aware_predictive_ADB",
    L1665:             "oracle_future_ADB",
    L1666:         }
    L1667: 
    L1668:         self.assertEqual(
    L1669:             actual,
  occurrence @L 1684 tokens= ['oracle_future', 'constructed_oracle']
    L1680:             ]
    L1681:         )
    L1682: 
    L1683:         expected = {
    L1684:             "mask_IoU_with_constructed_oracle_future_mask",
    L1685:             "vehicle_shadow_zone_violation",
    L1686:             "glare_risk_exposure",
    L1687:             "over_masking_area",
    L1688:             "road_illumination_retention",
  occurrence @L 2010 tokens= ['future_gt']
    L2006:                 part_a_sha,
    L2007:         },
    L2008: 
    L2009:         "causality": {
    L2010:             "future_GT_controller_input":
    L2011:                 False,
    L2012: 
    L2013:             "tracks_to_predict_ADB_selector":
    L2014:                 False,

FILE = scripts/run_block60_part2_part_a_adb_audit.py
  occurrence @L 1347 tokens= ['oracle_future']
    L1343:                     "semantics driven by future "
    L1344:                     "occupancy uncertainty"
    L1345:                 ),
    L1346: 
    L1347:             "oracle_future_ADB":
    L1348:                 (
    L1349:                     "constructed future reference; "
    L1350:                     "not measured ADB ground truth"
    L1351:                 ),
  occurrence @L 1349 tokens= ['constructed future']
    L1345:                 ),
    L1346: 
    L1347:             "oracle_future_ADB":
    L1348:                 (
    L1349:                     "constructed future reference; "
    L1350:                     "not measured ADB ground truth"
    L1351:                 ),
    L1352: 
    L1353:             "same_core_illumination_mapping_for_fairness":
  occurrence @L 1591 tokens= ['oracle_future']
    L1587:     def test_oracle_not_measured_gt(self):
    L1588:         oracle = self.adapter[
    L1589:             "fair_baseline_semantics"
    L1590:         ][
    L1591:             "oracle_future_ADB"
    L1592:         ]
    L1593: 
    L1594:         self.assertIn(
    L1595:             "constructed",

FILE = scripts/run_block61_part1_geometry_core.py
  occurrence @L 563 tokens= ['future_gt']
    L0559:                 "NOT_INVENTED",
    L0560:         },
    L0561: 
    L0562:         "causality": {
    L0563:             "controller_future_GT":
    L0564:                 False,
    L0565: 
    L0566:             "allowed_controller_state_sources": [
    L0567:                 "current_causal",
  occurrence @L 572 tokens= ['oracle_future']
    L0568:                 "predicted_sample",
    L0569:                 "predicted_mean",
    L0570:             ],
    L0571: 
    L0572:             "oracle_future_box":
    L0573:                 "EVALUATOR_ONLY",
    L0574: 
    L0575:             "future_GT_heading_controller":
    L0576:                 False,
  occurrence @L 575 tokens= ['future_gt']
    L0571: 
    L0572:             "oracle_future_box":
    L0573:                 "EVALUATOR_ONLY",
    L0574: 
    L0575:             "future_GT_heading_controller":
    L0576:                 False,
    L0577: 
    L0578:             "future_GT_dimensions_controller":
    L0579:                 False,
  occurrence @L 578 tokens= ['future_gt']
    L0574: 
    L0575:             "future_GT_heading_controller":
    L0576:                 False,
    L0577: 
    L0578:             "future_GT_dimensions_controller":
    L0579:                 False,
    L0580:         },
    L0581: 
    L0582:         "illumination_grid": {
  occurrence @L 669 tokens= ['future_gt']
    L0665: )
    L0666: 
    L0667: _FORBIDDEN_CONTROLLER_STATE_SOURCES = frozenset(
    L0668:     {
    L0669:         "future_gt",
    L0670:         "oracle_future",
    L0671:         "future_annotation",
    L0672:     }
    L0673: )
  occurrence @L 670 tokens= ['oracle_future']
    L0666: 
    L0667: _FORBIDDEN_CONTROLLER_STATE_SOURCES = frozenset(
    L0668:     {
    L0669:         "future_gt",
    L0670:         "oracle_future",
    L0671:         "future_annotation",
    L0672:     }
    L0673: )
    L0674: 
  occurrence @L 2506 tokens= ['future_gt']
    L2502:                     0.5,
    L2503:                 ),
    L2504:             )
    L2505: 
    L2506:     def test_future_gt_rejected_on_controller_path(self):
    L2507: 
    L2508:         box = Box3D(
    L2509:             center_xyz=(
    L2510:                 10.0,
  occurrence @L 2525 tokens= ['future_gt']
    L2521:             ValueError
    L2522:         ):
    L2523:             project_box_to_headlamp(
    L2524:                 box,
    L2525:                 state_source="future_gt",
    L2526:                 orientation_source="oracle_evaluator_only",
    L2527:                 controller_path=True,
    L2528:             )
    L2529: 
  occurrence @L 2533 tokens= ['oracle_future']
    L2529: 
    L2530:     def test_oracle_allowed_only_off_controller_path(self):
    L2531: 
    L2532:         validate_controller_provenance(
    L2533:             state_source="oracle_future",
    L2534:             orientation_source="oracle_evaluator_only",
    L2535:             controller_path=False,
    L2536:         )
    L2537: 
  occurrence @L 2553 tokens= ['oracle_future']
    L2549: 
    L2550:         projection = (
    L2551:             project_box_to_headlamp(
    L2552:                 box,
    L2553:                 state_source="oracle_future",
    L2554:                 orientation_source="oracle_evaluator_only",
    L2555:                 controller_path=False,
    L2556:             )
    L2557:         )
  occurrence @L 3222 tokens= ['future_gt']
    L3218:                 False,
    L3219:         },
    L3220: 
    L3221:         "causality": {
    L3222:             "future_GT_controller_path":
    L3223:                 False,
    L3224: 
    L3225:             "oracle_evaluator_path_supported":
    L3226:                 True,

FILE = scripts/run_block61_part2_stage1_integration.py
  occurrence @L 2994 tokens= ['future_gt']
    L2990: 
    L2991:             "future_state_mutation_invariant":
    L2992:                 True,
    L2993: 
    L2994:             "future_GT_controller_use":
    L2995:                 False,
    L2996: 
    L2997:             "causal_actor_geometry_sha256":
    L2998:                 baseline_hash,
  occurrence @L 3457 tokens= ['future_gt']
    L3453: 
    L3454:             "objects_of_interest_as_ADB_selector":
    L3455:                 False,
    L3456: 
    L3457:             "future_GT_controller_use":
    L3458:                 False,
    L3459: 
    L3460:             "communication_codebook_reused":
    L3461:                 False,

FILE = scripts/run_block62_part1_static_reactive_kernel.py
  occurrence @L 1946 tokens= ['future_gt']
    L1942:                 theta_center_rad=0.0,
    L1943:                 theta_span_rad=0.2,
    L1944:                 r_shadow_end_m=20.0,
    L1945:                 r_transition_end_m=40.0,
    L1946:                 source_semantics="future_gt",
    L1947:             )
    L1948: 
    L1949:     def test_reactive_api_has_no_predictive_or_communication_input(self):
    L1950: 
  occurrence @L 1962 tokens= ['future_gt']
    L1958: 
    L1959:         forbidden = {
    L1960:             "posterior",
    L1961:             "covariance",
    L1962:             "future_gt",
    L1963:             "codebook",
    L1964:             "beam_id",
    L1965:             "receiver",
    L1966:         }

FILE = scripts/run_block62_part2_exact_part_a_reactive.py
  occurrence @L 3442 tokens= ['future_gt']
    L3438: 
    L3439:             "selector_mutation_invariant":
    L3440:                 True,
    L3441: 
    L3442:             "future_gt_input":
    L3443:                 False,
    L3444:         },
    L3445: 
    L3446:         "scope": {
  occurrence @L 3906 tokens= ['oracle_future']
    L3902: 
    L3903:             "class_aware_predictive_ADB":
    L3904:                 False,
    L3905: 
    L3906:             "oracle_future_ADB":
    L3907:                 False,
    L3908: 
    L3909:             "predictive_full_box":
    L3910:                 False,
  occurrence @L 3966 tokens= ['future full-box']
    L3962: 
    L3963:         "next":
    L3964:             (
    L3965:                 "Block6.3 deterministic predictive "
    L3966:                 "future full-box projection"
    L3967:             ),
    L3968:     }
    L3969: 
    L3970:     atomic_json(

FILE = scripts/run_block63_actor_identity_boundary_audit.py
  occurrence @L 1649 tokens= ['future_gt']
    L1645: 
    L1646:             "truth_id":
    L1647:                 True,
    L1648: 
    L1649:             "future_GT_assignment":
    L1650:                 True,
    L1651: 
    L1652:             "tracks_to_predict_join":
    L1653:                 True,
  occurrence @L 1727 tokens= ['future_gt']
    L1723:                     "with_low_speed_previous_"
    L1724:                     "heading_carry_forward"
    L1725:                 ),
    L1726: 
    L1727:             "future_GT_heading":
    L1728:                 False,
    L1729: 
    L1730:             "deterministic_mean_application":
    L1731:                 (

FILE = scripts/run_block63_binding_freeze.py
  occurrence @L 197 tokens= ['future full-box']
    L0193:     print(
    L0194:         "STAGE 6 — BLOCK 6.3 BINDING FREEZE"
    L0195:     )
    L0196:     print(
    L0197:         "DETERMINISTIC SHARED-MEAN FUTURE FULL-BOX POLICY"
    L0198:     )
    L0199:     print(
    L0200:         "============================================================"
    L0201:     )
  occurrence @L 500 tokens= ['future_gt']
    L0496: 
    L0497:             "truth_track_index":
    L0498:                 True,
    L0499: 
    L0500:             "future_GT":
    L0501:                 True,
    L0502: 
    L0503:             "future_validity":
    L0504:                 True,
  occurrence @L 706 tokens= ['future full-box']
    L0702:     # ========================================================
    L0703: 
    L0704:     print()
    L0705:     print(
    L0706:         "===== D. FUTURE FULL-BOX BINDING ====="
    L0707:     )
    L0708: 
    L0709:     future_box_policy = {
    L0710:         "box_geometry_source":
  occurrence @L 764 tokens= ['future_gt']
    L0760:                 (
    L0761:                     "LOW_SPEED_CAUSAL_SEED_ONLY"
    L0762:                 ),
    L0763: 
    L0764:             "future_GT_heading":
    L0765:                 False,
    L0766: 
    L0767:             "annotated_future_heading":
    L0768:                 False,
  occurrence @L 1347 tokens= ['future full-box']
    L1343: 
    L1344:         "next":
    L1345:             (
    L1346:                 "Block6.3 Part1 deterministic "
    L1347:                 "future full-box projection"
    L1348:             ),
    L1349:     }
    L1350: 
    L1351:     report_status = write_exact_json(

FILE = scripts/run_block63_causal_association_policy_audit.py
  occurrence @L 1190 tokens= ['future_gt']
    L1186:                 "tangent rule with low-speed "
    L1187:                 "causal/predicted carry-forward"
    L1188:             ),
    L1189: 
    L1190:         "future_GT_heading":
    L1191:             False,
    L1192: 
    L1193:         "box_dimensions":
    L1194:             (

FILE = scripts/run_block63_exact_prediction_route_audit.py
  occurrence @L 1099 tokens= ['future_gt']
    L1095:                     1.0,
    L1096:                 )
    L1097:             ),
    L1098: 
    L1099:         "future_GT_not_required_for_controller":
    L1100:             (
    L1101:                 "future_ground_truth_as_controller_input"
    L1102:                 in
    L1103:                 json.dumps(
  occurrence @L 1140 tokens= ['future_gt']
    L1136:         "predictive_covariance_present",
    L1137:         "scenario_identity_present",
    L1138:         "actor_prediction_identity_present",
    L1139:         "four_required_horizons_supported",
    L1140:         "future_GT_not_required_for_controller",
    L1141:     )
    L1142: 
    L1143:     incomplete = [
    L1144:         key
  occurrence @L 1312 tokens= ['future_gt']
    L1308:                 "AWAIT_EXACT_SOURCE_BINDING",
    L1309:         },
    L1310: 
    L1311:         "scope_guards": {
    L1312:             "future_GT_controller_input":
    L1313:                 False,
    L1314: 
    L1315:             "tracks_to_predict_selector":
    L1316:                 False,

FILE = scripts/run_block63_final_closure.py
  occurrence @L 45 tokens= ['future_full_box']
    L0041: 
    L0042: PART2B2 = (
    L0043:     S6
    L0044:     / "reports"
    L0045:     / "block63_part2b2_real_future_full_box.json"
    L0046: )
    L0047: 
    L0048: PART2B2_ARTIFACT = (
    L0049:     S6
  occurrence @L 52 tokens= ['future_full_box']
    L0048: PART2B2_ARTIFACT = (
    L0049:     S6
    L0050:     / "artifacts"
    L0051:     / "block63"
    L0052:     / "block63_part2b2_real_future_full_box.json"
    L0053: )
    L0054: 
    L0055: POSTERIOR_JSONL = (
    L0056:     S6
  occurrence @L 72 tokens= ['future_full_box']
    L0068: 
    L0069: PART2B2_RUNNER = (
    L0070:     S6
    L0071:     / "scripts"
    L0072:     / "run_block63_part2b2_real_future_full_box.py"
    L0073: )
    L0074: 
    L0075: CLOSURE = (
    L0076:     S6
  occurrence @L 545 tokens= ['future_full_box']
    L0541:             part2b2.get(
    L0542:                 "status"
    L0543:             )
    L0544:             ==
    L0545:             "PASS_REAL_FUTURE_FULL_BOX_EXECUTED",
    L0546:             (
    L0547:                 "Part2B/2 status changed."
    L0548:             ),
    L0549:         )
  occurrence @L 796 tokens= ['future_gt']
    L0792:         )
    L0793: 
    L0794:         require(
    L0795:             provenance[
    L0796:                 "future_GT"
    L0797:             ]
    L0798:             is False,
    L0799:             (
    L0800:                 "Future GT entered controller."
  occurrence @L 1237 tokens= ['future_gt']
    L1233:                 },
    L1234: 
    L1235:             "scope":
    L1236:                 {
    L1237:                     "future_GT":
    L1238:                         False,
    L1239: 
    L1240:                     "tracks_to_predict_controller_input":
    L1241:                         False,
  occurrence @L 1747 tokens= ['future_gt']
    L1743: 
    L1744:                     "predictive_covariance_in_Block63":
    L1745:                         "FORBIDDEN",
    L1746: 
    L1747:                     "future_GT_controller_input":
    L1748:                         "FORBIDDEN",
    L1749: 
    L1750:                     "perfect_identity_controller_input":
    L1751:                         "FORBIDDEN",

FILE = scripts/run_block63_part1_deterministic_future_box.py
  occurrence @L 353 tokens= ['future full-box']
    L0349:     print(
    L0350:         "STAGE 6 — BLOCK 6.3 PART 1/2"
    L0351:     )
    L0352:     print(
    L0353:         "DETERMINISTIC FUTURE FULL-BOX PROJECTION"
    L0354:     )
    L0355:     print(
    L0356:         "============================================================"
    L0357:     )
  occurrence @L 1359 tokens= ['future full-box']
    L1355:         association_status,
    L1356:     )
    L1357: 
    L1358:     # ========================================================
    L1359:     # D. Deterministic future full-box module
    L1360:     # ========================================================
    L1361: 
    L1362:     print()
    L1363:     print(
  occurrence @L 1364 tokens= ['future full-box']
    L1360:     # ========================================================
    L1361: 
    L1362:     print()
    L1363:     print(
    L1364:         "===== D. DETERMINISTIC FUTURE FULL-BOX MODULE ====="
    L1365:     )
    L1366: 
    L1367:     predictive_source = f'''from __future__ import annotations
    L1368: 
  occurrence @L 1713 tokens= ['future_full_box']
    L1709:             "Matched causal box has invalid current yaw."
    L1710:         )
    L1711: 
    L1712: 
    L1713: def build_deterministic_future_full_boxes(
    L1714:     prediction:
    L1715:         DeterministicSharedMeanPrediction,
    L1716:     actor_box,
    L1717: ) -> tuple[
  occurrence @L 1941 tokens= ['future_full_box']
    L1937:             match.predictor_index
    L1938:         ]
    L1939: 
    L1940:         future = (
    L1941:             build_deterministic_future_full_boxes(
    L1942:                 prediction,
    L1943:                 actor_box,
    L1944:             )
    L1945:         )
  occurrence @L 2037 tokens= ['future_full_box']
    L2033: 
    L2034: from iscai_stage6.adb.deterministic_predictive import (
    L2035:     HORIZONS_S,
    L2036:     DeterministicSharedMeanPrediction,
    L2037:     build_deterministic_future_full_boxes,
    L2038:     build_deterministic_predictive_plan,
    L2039: )
    L2040: 
    L2041: from iscai_stage6.adb.geometry import (
  occurrence @L 2568 tokens= ['future_full_box']
    L2564:             ),
    L2565:         )
    L2566: 
    L2567:         future = (
    L2568:             build_deterministic_future_full_boxes(
    L2569:                 prediction,
    L2570:                 box,
    L2571:             )
    L2572:         )
  occurrence @L 2609 tokens= ['future_full_box']
    L2605:             )
    L2606:         )
    L2607: 
    L2608:         future = (
    L2609:             build_deterministic_future_full_boxes(
    L2610:                 prediction,
    L2611:                 box,
    L2612:             )
    L2613:         )
  occurrence @L 2645 tokens= ['future_full_box']
    L2641:             )
    L2642:         )
    L2643: 
    L2644:         future = (
    L2645:             build_deterministic_future_full_boxes(
    L2646:                 prediction,
    L2647:                 box,
    L2648:             )
    L2649:         )
  occurrence @L 2692 tokens= ['future_full_box']
    L2688:             yaw=0.25,
    L2689:         )
    L2690: 
    L2691:         future = (
    L2692:             build_deterministic_future_full_boxes(
    L2693:                 prediction,
    L2694:                 box,
    L2695:             )
    L2696:         )
  occurrence @L 2790 tokens= ['future_full_box']
    L2786:             yaw=current_yaw,
    L2787:         )
    L2788: 
    L2789:         future = (
    L2790:             build_deterministic_future_full_boxes(
    L2791:                 prediction,
    L2792:                 box,
    L2793:             )
    L2794:         )
  occurrence @L 2823 tokens= ['future_full_box']
    L2819: 
    L2820:         with self.assertRaises(
    L2821:             RuntimeError
    L2822:         ):
    L2823:             build_deterministic_future_full_boxes(
    L2824:                 prediction,
    L2825:                 box,
    L2826:             )
    L2827: 
  occurrence @L 2844 tokens= ['future_full_box']
    L2840: 
    L2841:         with self.assertRaises(
    L2842:             RuntimeError
    L2843:         ):
    L2844:             build_deterministic_future_full_boxes(
    L2845:                 prediction,
    L2846:                 box,
    L2847:             )
    L2848: 
  occurrence @L 2865 tokens= ['future_full_box']
    L2861: 
    L2862:         with self.assertRaises(
    L2863:             RuntimeError
    L2864:         ):
    L2865:             build_deterministic_future_full_boxes(
    L2866:                 prediction,
    L2867:                 box,
    L2868:             )
    L2869: 
  occurrence @L 3663 tokens= ['future_full_box']
    L3659: 
    L3660:         "status":
    L3661:             (
    L3662:                 "PASS_DETERMINISTIC_"
    L3663:                 "FUTURE_FULL_BOX"
    L3664:             ),
    L3665: 
    L3666:         "binding": {
    L3667:             "path":
  occurrence @L 3945 tokens= ['future_full_box']
    L3941:         "upstream modified          = NO"
    L3942:     )
    L3943: 
    L3944:     print(
    L3945:         "STATUS = PASS_DETERMINISTIC_FUTURE_FULL_BOX"
    L3946:     )
    L3947: 
    L3948:     print(
    L3949:         "terminal remains open = YES"

FILE = scripts/run_block63_part2_dev_posterior_binding.py
  occurrence @L 732 tokens= ['future_full_box']
    L0728:         )
    L0729:         ==
    L0730:         (
    L0731:             "PASS_DETERMINISTIC_"
    L0732:             "FUTURE_FULL_BOX"
    L0733:         ),
    L0734:         (
    L0735:             "Block6.3 Part1 is not complete."
    L0736:         ),

FILE = scripts/run_block63_part2_real_causal_association.py
  occurrence @L 2216 tokens= ['future_gt']
    L2212: 
    L2213:             "truth_id_used":
    L2214:                 False,
    L2215: 
    L2216:             "future_GT_used":
    L2217:                 False,
    L2218: 
    L2219:             "match_count":
    L2220:                 len(

FILE = scripts/run_block63_part2_runtime_route_binding_audit.py
  occurrence @L 723 tokens= ['future_gt']
    L0719: 
    L0720:             "tracks_to_predict_selection":
    L0721:                 True,
    L0722: 
    L0723:             "future_GT_selection":
    L0724:                 True,
    L0725:         },
    L0726:     }
    L0727: 

FILE = scripts/run_block63_part2b1_frozen_gaussian_forward.py
  occurrence @L 1290 tokens= ['future_gt']
    L1286:             list(
    L1287:                 class_id_placeholder.shape
    L1288:             ),
    L1289: 
    L1290:         "placeholder_future_GT":
    L1291:             False,
    L1292: 
    L1293:         "placeholder_truth_class":
    L1294:             False,
  occurrence @L 3128 tokens= ['future_gt']
    L3124: 
    L3125:                 "deterministic_Block63_signal":
    L3126:                     "MEAN_ONLY",
    L3127: 
    L3128:                 "future_GT_used":
    L3129:                     False,
    L3130: 
    L3131:                 "truth_id_used":
    L3132:                     False,
  occurrence @L 3470 tokens= ['future_gt']
    L3466: 
    L3467:             "annotation_recentering":
    L3468:                 False,
    L3469: 
    L3470:             "future_GT_used":
    L3471:                 False,
    L3472:         },
    L3473: 
    L3474:         "identity_safe_posterior": {
  occurrence @L 3534 tokens= ['future_gt']
    L3530: 
    L3531:             "formal_N120_evaluation":
    L3532:                 False,
    L3533: 
    L3534:             "future_GT_controller_use":
    L3535:                 False,
    L3536: 
    L3537:             "upstream_modified":
    L3538:                 False,
  occurrence @L 3744 tokens= ['future_gt']
    L3740: 
    L3741:                 "truth_identity_fallback":
    L3742:                     False,
    L3743: 
    L3744:                 "future_GT_controller_use":
    L3745:                     False,
    L3746: 
    L3747:                 "arbitrary_map_context":
    L3748:                     False,
  occurrence @L 3905 tokens= ['future full-box']
    L3901:         )
    L3902: 
    L3903:         print(
    L3904:             "NEXT = BLOCK6.3 PART2B/2 "
    L3905:             "REAL FUTURE FULL-BOX EXECUTION"
    L3906:         )
    L3907: 
    L3908:     else:
    L3909:         print(

FILE = scripts/run_block63_part2b2_real_future_full_box.py
  occurrence @L 62 tokens= ['future_full_box']
    L0058: 
    L0059: REPORT = (
    L0060:     S6
    L0061:     / "reports"
    L0062:     / "block63_part2b2_real_future_full_box.json"
    L0063: )
    L0064: 
    L0065: ARTIFACT = (
    L0066:     S6
  occurrence @L 69 tokens= ['future_full_box']
    L0065: ARTIFACT = (
    L0066:     S6
    L0067:     / "artifacts"
    L0068:     / "block63"
    L0069:     / "block63_part2b2_real_future_full_box.json"
    L0070: )
    L0071: 
    L0072: 
    L0073: EXPECTED = {
  occurrence @L 813 tokens= ['future full-box']
    L0809:     print(
    L0810:         "=" * 72
    L0811:     )
    L0812:     print(
    L0813:         "BLOCK 6.3 PART 2B/2 — REAL FUTURE FULL-BOX EXECUTION"
    L0814:     )
    L0815:     print(
    L0816:         "=" * 72
    L0817:     )
  occurrence @L 1683 tokens= ['future full-box']
    L1679:                 float(
    L1680:                     projection.ground_range_min_m
    L1681:                 ),
    L1682:                 (
    L1683:                     "Future full-box ground-range "
    L1684:                     "extent collapsed."
    L1685:                 ),
    L1686:             )
    L1687: 
  occurrence @L 1932 tokens= ['future_full_box']
    L1928:         "block":
    L1929:             "6.3-Part2B/2",
    L1930: 
    L1931:         "status":
    L1932:             "PASS_REAL_FUTURE_FULL_BOX_EXECUTED",
    L1933: 
    L1934:         "scenario_id":
    L1935:             SCENARIO_ID,
    L1936: 
  occurrence @L 2048 tokens= ['future_gt']
    L2044:                 matched_summaries,
    L2045:         },
    L2046: 
    L2047:         "scope": {
    L2048:             "future_GT":
    L2049:                 False,
    L2050: 
    L2051:             "tracks_to_predict":
    L2052:                 False,
  occurrence @L 2197 tokens= ['future_full_box']
    L2193:         "block":
    L2194:             "6.3-Part2B/2",
    L2195: 
    L2196:         "status":
    L2197:             "PASS_REAL_FUTURE_FULL_BOX_EXECUTED",
    L2198: 
    L2199:         "scenario_id":
    L2200:             SCENARIO_ID,
    L2201: 
  occurrence @L 2302 tokens= ['future_gt']
    L2298: 
    L2299:             "persisted_predicted_tangent":
    L2300:                 persisted_predicted_tangent,
    L2301: 
    L2302:             "future_GT":
    L2303:                 False,
    L2304: 
    L2305:             "perfect_actor_identity":
    L2306:                 False,
  occurrence @L 2400 tokens= ['future_full_box']
    L2396:     )
    L2397: 
    L2398:     print(
    L2399:         "status                   = "
    L2400:         "PASS_REAL_FUTURE_FULL_BOX_EXECUTED"
    L2401:     )
    L2402: 
    L2403:     print(
    L2404:         "scenario                 =",

FILE = scripts/run_block63_predictor_interface_audit.py
  occurrence @L 749 tokens= ['future_gt']
    L0745:                 "MUST BE NONE for deterministic masking; "
    L0746:                 "covariance retained for later uncertainty-aware block"
    L0747:             ),
    L0748: 
    L0749:         "future_GT_controller_use":
    L0750:             False,
    L0751: 
    L0752:         "tracks_to_predict_controller_use":
    L0753:             False,

FILE = scripts/run_block64_part1_resume_after_test_repair.py
  occurrence @L 397 tokens= ['future_gt']
    L0393:                     "frozen_Stage5_previous_causal_or_"
    L0394:                     "predicted_heading_carry_forward"
    L0395:                 ),
    L0396: 
    L0397:             "future_GT_heading":
    L0398:                 False,
    L0399:         },
    L0400: 
    L0401:         "full_box_geometry": {
  occurrence @L 618 tokens= ['future_gt']
    L0614: 
    L0615:             "samplewise_tangent_heading":
    L0616:                 True,
    L0617: 
    L0618:             "future_GT":
    L0619:                 False,
    L0620: 
    L0621:             "perfect_identity":
    L0622:                 False,

FILE = scripts/run_block64_part1_stochastic_full_box_kernel.py
  occurrence @L 560 tokens= ['future_full_box']
    L0556:         dtype=np.float64,
    L0557:     )
    L0558: 
    L0559: 
    L0560: def build_stochastic_future_full_boxes(
    L0561:     prediction: CalibratedGaussianFullBoxPrediction,
    L0562:     actor_box,
    L0563:     *,
    L0564:     sample_count: int,
  occurrence @L 569 tokens= ['future full-box']
    L0565:     seed: int,
    L0566: ) -> StochasticFullBoxForecast:
    L0567:     """
    L0568:     Propagate calibrated trajectory uncertainty through
    L0569:     physical future full-box geometry.
    L0570: 
    L0571:     For every trajectory sample and every horizon:
    L0572:       sampled position -> Box3D center
    L0573:       sampled tangent  -> box yaw
  occurrence @L 827 tokens= ['future_full_box']
    L0823:     ORIENTATION_SOURCE,
    L0824:     STATE_SOURCE,
    L0825:     CalibratedGaussianFullBoxPrediction,
    L0826:     absolute_mean_positions_H0_m,
    L0827:     build_stochastic_future_full_boxes,
    L0828:     sample_calibrated_future_positions_H0_m,
    L0829: )
    L0830: 
    L0831: 
  occurrence @L 1043 tokens= ['future_full_box']
    L1039:     def test_05_forecast_shape_and_counts(
    L1040:         self,
    L1041:     ):
    L1042:         forecast = (
    L1043:             build_stochastic_future_full_boxes(
    L1044:                 prediction(),
    L1045:                 actor_box(),
    L1046:                 sample_count=5,
    L1047:                 seed=123,
  occurrence @L 1101 tokens= ['future_full_box']
    L1097:     def test_06_every_future_box_has_eight_corners(
    L1098:         self,
    L1099:     ):
    L1100:         forecast = (
    L1101:             build_stochastic_future_full_boxes(
    L1102:                 prediction(),
    L1103:                 actor_box(),
    L1104:                 sample_count=3,
    L1105:                 seed=123,
  occurrence @L 1135 tokens= ['future_full_box']
    L1131:     ):
    L1132:         current = actor_box()
    L1133: 
    L1134:         forecast = (
    L1135:             build_stochastic_future_full_boxes(
    L1136:                 prediction(),
    L1137:                 current,
    L1138:                 sample_count=3,
    L1139:                 seed=123,
  occurrence @L 1174 tokens= ['future_full_box']
    L1170:             )
    L1171:         )
    L1172: 
    L1173:         forecast = (
    L1174:             build_stochastic_future_full_boxes(
    L1175:                 prediction(),
    L1176:                 current,
    L1177:                 sample_count=4,
    L1178:                 seed=123,
  occurrence @L 1203 tokens= ['future_full_box']
    L1199:     def test_09_controller_provenance_is_exact(
    L1200:         self,
    L1201:     ):
    L1202:         forecast = (
    L1203:             build_stochastic_future_full_boxes(
    L1204:                 prediction(),
    L1205:                 actor_box(),
    L1206:                 sample_count=2,
    L1207:                 seed=123,
  occurrence @L 1248 tokens= ['future_full_box']
    L1244:             yaw=current_heading
    L1245:         )
    L1246: 
    L1247:         forecast = (
    L1248:             build_stochastic_future_full_boxes(
    L1249:                 prediction(
    L1250:                     zero_motion=True,
    L1251:                     variance=0.0,
    L1252:                 ),
  occurrence @L 1336 tokens= ['future_full_box']
    L1332:     ):
    L1333:         with self.assertRaises(
    L1334:             ValueError
    L1335:         ):
    L1336:             build_stochastic_future_full_boxes(
    L1337:                 prediction(),
    L1338:                 actor_box(
    L1339:                     future_state_used=True
    L1340:                 ),
  occurrence @L 1667 tokens= ['future_gt']
    L1663:             records
    L1664:         ):
    L1665:             require(
    L1666:                 record.get(
    L1667:                     "future_GT_used"
    L1668:                 )
    L1669:                 is False,
    L1670:                 (
    L1671:                     f"future GT entered record {index}."
  occurrence @L 2035 tokens= ['future_gt']
    L2031:                             "causal_or_predicted_heading_"
    L2032:                             "carry_forward"
    L2033:                         ),
    L2034: 
    L2035:                     "future_GT_heading":
    L2036:                         False,
    L2037:                 },
    L2038: 
    L2039:             "full_box_geometry":
  occurrence @L 2257 tokens= ['future_gt']
    L2253: 
    L2254:                     "samplewise_tangent_heading":
    L2255:                         True,
    L2256: 
    L2257:                     "future_GT":
    L2258:                         False,
    L2259: 
    L2260:                     "perfect_identity":
    L2261:                         False,

FILE = scripts/run_block64_part2a_probabilistic_occupancy_kernel.py
  occurrence @L 967 tokens= ['future_full_box']
    L0963: )
    L0964: 
    L0965: from iscai_stage6.adb.probabilistic_full_box import (
    L0966:     CalibratedGaussianFullBoxPrediction,
    L0967:     build_stochastic_future_full_boxes,
    L0968: )
    L0969: 
    L0970: from iscai_stage6.adb.probabilistic_occupancy import (
    L0971:     OccupancyGrid,
  occurrence @L 1155 tokens= ['future_full_box']
    L1151:     def test_05_one_box_raster_is_boolean(
    L1152:         self,
    L1153:     ):
    L1154:         forecast = (
    L1155:             build_stochastic_future_full_boxes(
    L1156:                 prediction(),
    L1157:                 actor_box(),
    L1158:                 sample_count=1,
    L1159:                 seed=11,
  occurrence @L 1198 tokens= ['future_full_box']
    L1194:     def test_06_zero_uncertainty_is_binary_probability(
    L1195:         self,
    L1196:     ):
    L1197:         forecast = (
    L1198:             build_stochastic_future_full_boxes(
    L1199:                 prediction(
    L1200:                     variance=0.0
    L1201:                 ),
    L1202:                 actor_box(),
  occurrence @L 1234 tokens= ['future_full_box']
    L1230:     def test_07_probability_equals_counts_over_n(
    L1231:         self,
    L1232:     ):
    L1233:         forecast = (
    L1234:             build_stochastic_future_full_boxes(
    L1235:                 prediction(
    L1236:                     variance=0.05
    L1237:                 ),
    L1238:                 actor_box(),
  occurrence @L 1268 tokens= ['future_full_box']
    L1264:     def test_08_probability_bounds(
    L1265:         self,
    L1266:     ):
    L1267:         forecast = (
    L1268:             build_stochastic_future_full_boxes(
    L1269:                 prediction(
    L1270:                     variance=0.05
    L1271:                 ),
    L1272:                 actor_box(),
  occurrence @L 1308 tokens= ['future_full_box']
    L1304:     def test_09_same_seed_exact_occupancy_repeat(
    L1305:         self,
    L1306:     ):
    L1307:         first_forecast = (
    L1308:             build_stochastic_future_full_boxes(
    L1309:                 prediction(
    L1310:                     variance=0.05
    L1311:                 ),
    L1312:                 actor_box(),
  occurrence @L 1319 tokens= ['future_full_box']
    L1315:             )
    L1316:         )
    L1317: 
    L1318:         second_forecast = (
    L1319:             build_stochastic_future_full_boxes(
    L1320:                 prediction(
    L1321:                     variance=0.05
    L1322:                 ),
    L1323:                 actor_box(),
  occurrence @L 1357 tokens= ['future_full_box']
    L1353:     def test_10_uncertainty_produces_nonbinary_cells(
    L1354:         self,
    L1355:     ):
    L1356:         forecast = (
    L1357:             build_stochastic_future_full_boxes(
    L1358:                 prediction(
    L1359:                     variance=0.08
    L1360:                 ),
    L1361:                 actor_box(),
  occurrence @L 1401 tokens= ['future_full_box']
    L1397:     def test_11_output_shape_is_horizon_theta_range(
    L1398:         self,
    L1399:     ):
    L1400:         forecast = (
    L1401:             build_stochastic_future_full_boxes(
    L1402:                 prediction(
    L1403:                     variance=0.04
    L1404:                 ),
    L1405:                 actor_box(),
  occurrence @L 1498 tokens= ['future_full_box']
    L1494:             source,
    L1495:         )
    L1496: 
    L1497:         forecast = (
    L1498:             build_stochastic_future_full_boxes(
    L1499:                 prediction(),
    L1500:                 actor_box(),
    L1501:                 sample_count=1,
    L1502:                 seed=11,
  occurrence @L 2004 tokens= ['future_full_box']
    L2000:             },
    L2001: 
    L2002:             "geometry": {
    L2003:                 "source":
    L2004:                     "sampled_future_full_Box3D",
    L2005: 
    L2006:                 "physical_corners_per_box":
    L2007:                     8,
    L2008: 

FILE = scripts/run_block65_part1_parameterized_mask_kernel.py
  occurrence @L 1818 tokens= ['future_gt']
    L1814: 
    L1815:     forbidden = {
    L1816:         "posterior",
    L1817:         "covariance",
    L1818:         "future_gt",
    L1819:         "codebook",
    L1820:         "beam_id",
    L1821:         "receiver",
    L1822:     }

FILE = scripts/run_block66_part1b_development_cohort_freeze.py
  occurrence @L 1601 tokens= ['future_gt']
    L1597:             ),
    L1598:         ],
    L1599: 
    L1600:         "forbidden_next": [
    L1601:             "future_GT_controller_input",
    L1602:             "tracks_to_predict_actor_selection",
    L1603:             "objects_of_interest_actor_selection",
    L1604:             "perfect_track_ID_association",
    L1605:             "formal_outcome_read",

FILE = scripts/run_block66_part2b_cohort_posterior_association.py
  occurrence @L 2188 tokens= ['future_gt']
    L2184: 
    L2185:                         "posterior_family":
    L2186:                             "calibrated_Gaussian_GRU",
    L2187: 
    L2188:                         "future_GT_used":
    L2189:                             False,
    L2190: 
    L2191:                         "truth_id_used":
    L2192:                             False,
  occurrence @L 2535 tokens= ['future_gt']
    L2531: 
    L2532:                     "truth_id_used":
    L2533:                         False,
    L2534: 
    L2535:                     "future_GT_used":
    L2536:                         False,
    L2537:                 }
    L2538:             )
    L2539: 
  occurrence @L 2595 tokens= ['future_gt']
    L2591: 
    L2592:                     "perfect_ID_used":
    L2593:                         False,
    L2594: 
    L2595:                     "future_GT_used":
    L2596:                         False,
    L2597:                 }
    L2598:             )
    L2599: 
  occurrence @L 2733 tokens= ['future_gt']
    L2729:                     len(
    L2730:                         posterior_records
    L2731:                     ),
    L2732: 
    L2733:                 "future_GT_used":
    L2734:                     False,
    L2735: 
    L2736:                 "truth_id_used":
    L2737:                     False,
  occurrence @L 3670 tokens= ['future_gt']
    L3666: 
    L3667:             "anonymous_row_selection":
    L3668:                 False,
    L3669: 
    L3670:             "future_GT_used":
    L3671:                 False,
    L3672: 
    L3673:             "truth_id_used":
    L3674:                 False,

FILE = scripts/run_block66_part2c1_headlamp_eligibility_join.py
  occurrence @L 2429 tokens= ['future_gt']
    L2425:         "forbidden_next": [
    L2426:             "formal_outcome_read",
    L2427:             "gamma_reoptimization",
    L2428:             "perfect_ID_association",
    L2429:             "future_GT_controller_input",
    L2430:             "class_policy_numeric_tuning_before_P_occ_evidence",
    L2431:         ],
    L2432: 
    L2433:         "upstream_freeze": {

FILE = scripts/run_block66_part2c2b_resumable_pocc.py
  occurrence @L 1416 tokens= ['future_full_box']
    L1412:     )
    L1413: 
    L1414:     from iscai_stage6.adb.probabilistic_full_box import (
    L1415:         CalibratedGaussianFullBoxPrediction,
    L1416:         build_stochastic_future_full_boxes,
    L1417:     )
    L1418: 
    L1419:     from iscai_stage6.adb.probabilistic_occupancy import (
    L1420:         OccupancyGrid,
  occurrence @L 1514 tokens= ['future_full_box']
    L1510:     )
    L1511: 
    L1512:     print(
    L1513:         "full-box kernel = "
    L1514:         "build_stochastic_future_full_boxes"
    L1515:     )
    L1516: 
    L1517:     print(
    L1518:         "occupancy kernel = "
  occurrence @L 1854 tokens= ['future_gt']
    L1850:         ]
    L1851: 
    L1852:         require(
    L1853:             posterior_row[
    L1854:                 "future_GT_used"
    L1855:             ]
    L1856:             is False,
    L1857:             (
    L1858:                 "Posterior future_GT flag "
  occurrence @L 1858 tokens= ['future_gt']
    L1854:                 "future_GT_used"
    L1855:             ]
    L1856:             is False,
    L1857:             (
    L1858:                 "Posterior future_GT flag "
    L1859:                 "changed."
    L1860:             ),
    L1861:         )
    L1862: 
  occurrence @L 1922 tokens= ['future_full_box']
    L1918:         # E3. Frozen stochastic full-box + public P_occ kernel
    L1919:         # ----------------------------------------------------
    L1920: 
    L1921:         forecast = (
    L1922:             build_stochastic_future_full_boxes(
    L1923:                 prediction,
    L1924:                 actor_box,
    L1925:                 sample_count=N_MC,
    L1926:                 seed=MC_SEED,
  occurrence @L 2175 tokens= ['future_gt']
    L2171:                     persistence_sha,
    L2172:             },
    L2173: 
    L2174:             "causality": {
    L2175:                 "future_GT":
    L2176:                     False,
    L2177: 
    L2178:                 "truth_ID":
    L2179:                     False,
  occurrence @L 2963 tokens= ['future_gt']
    L2959:                 global_manifest_digest.hexdigest(),
    L2960:         },
    L2961: 
    L2962:         "causality": {
    L2963:             "future_GT_controller_input":
    L2964:                 False,
    L2965: 
    L2966:             "truth_ID":
    L2967:                 False,
  occurrence @L 3314 tokens= ['future_gt']
    L3310:         ],
    L3311: 
    L3312:         "forbidden_next": [
    L3313:             "formal_outcome_read_before_policy_freeze",
    L3314:             "future_GT_controller_input",
    L3315:             "perfect_ID_association",
    L3316:             "posthoc_formal_tuning",
    L3317:             "reuse_communication_beam_actuator_as_ADB",
    L3318:         ],

FILE = scripts/run_block66_part3b_preregistration.py
  occurrence @L 1668 tokens= ['constructed_oracle']
    L1664:                     "where hard VRU floor overrides I_rate"
    L1665:                 ),
    L1666:         },
    L1667: 
    L1668:         "constructed_oracle_reference": {
    L1669:             "ground_truth_type":
    L1670:                 (
    L1671:                     "constructed evaluator-only reference; "
    L1672:                     "NOT measured ADB ground truth"
  occurrence @L 2223 tokens= ['oracle_future']
    L2219:                 "actuation_rate_limit":
    L2220:                     True,
    L2221:             },
    L2222: 
    L2223:             "7_oracle_future_ADB": {
    L2224:                 "future_prediction":
    L2225:                     "future GT evaluator-only",
    L2226: 
    L2227:                 "controller_input_in_nonoracle_methods":
  occurrence @L 2253 tokens= ['future_gt']
    L2249:                 False,
    L2250:         },
    L2251: 
    L2252:         "causality": {
    L2253:             "future_GT_controller_input":
    L2254:                 False,
    L2255: 
    L2256:             "future_GT_heading_controller_input":
    L2257:                 False,
  occurrence @L 2256 tokens= ['future_gt']
    L2252:         "causality": {
    L2253:             "future_GT_controller_input":
    L2254:                 False,
    L2255: 
    L2256:             "future_GT_heading_controller_input":
    L2257:                 False,
    L2258: 
    L2259:             "truth_track_index_controller_input":
    L2260:                 False,
  occurrence @L 2277 tokens= ['future_gt']
    L2273: 
    L2274:             "formal_outcome_tuning":
    L2275:                 False,
    L2276: 
    L2277:             "future_GT_evaluator_after_decision":
    L2278:                 True,
    L2279:         },
    L2280: 
    L2281:         "required_runtime_components_to_implement_next": [

FILE = scripts/run_block66_part3c2a_surrogate_route_audit.py
  occurrence @L 548 tokens= ['future_full_box']
    L0544: 
    L0545:     from iscai_stage6.adb.probabilistic_full_box import (
    L0546:         CalibratedGaussianFullBoxPrediction,
    L0547:         StochasticFullBoxForecast,
    L0548:         build_stochastic_future_full_boxes,
    L0549:     )
    L0550: 
    L0551:     print(
    L0552:         "Box3D =",
  occurrence @L 581 tokens= ['future_full_box']
    L0577:         ),
    L0578:     )
    L0579: 
    L0580:     print(
    L0581:         "build_stochastic_future_full_boxes =",
    L0582:         inspect.signature(
    L0583:             build_stochastic_future_full_boxes
    L0584:         ),
    L0585:     )
  occurrence @L 583 tokens= ['future_full_box']
    L0579: 
    L0580:     print(
    L0581:         "build_stochastic_future_full_boxes =",
    L0582:         inspect.signature(
    L0583:             build_stochastic_future_full_boxes
    L0584:         ),
    L0585:     )
    L0586: 
    L0587:     oncoming = FractionalBoxRegion(
  occurrence @L 1156 tokens= ['future_full_box']
    L1152:                         StochasticFullBoxForecast
    L1153:                     )
    L1154:                 ),
    L1155: 
    L1156:             "build_stochastic_future_full_boxes":
    L1157:                 str(
    L1158:                     inspect.signature(
    L1159:                         build_stochastic_future_full_boxes
    L1160:                     )
  occurrence @L 1159 tokens= ['future_full_box']
    L1155: 
    L1156:             "build_stochastic_future_full_boxes":
    L1157:                 str(
    L1158:                     inspect.signature(
    L1159:                         build_stochastic_future_full_boxes
    L1160:                     )
    L1161:                 ),
    L1162:         },
    L1163: 

FILE = scripts/run_block66_part3c2b0_persistence_sufficiency_audit.py
  occurrence @L 346 tokens= ['future_full_box']
    L0342: 
    L0343:     tree = ast.parse(source)
    L0344: 
    L0345:     wanted = {
    L0346:         "build_stochastic_future_full_boxes",
    L0347:         "estimate_actor_occupancy_probability",
    L0348:         "save",
    L0349:         "savez",
    L0350:         "write_text",
  occurrence @L 793 tokens= ['future_full_box']
    L0789:             item["source"]
    L0790:         )
    L0791: 
    L0792:     source_markers = {
    L0793:         "build_stochastic_future_full_boxes":
    L0794:             (
    L0795:                 "build_stochastic_future_full_boxes"
    L0796:                 in runner_source
    L0797:             ),
  occurrence @L 795 tokens= ['future_full_box']
    L0791: 
    L0792:     source_markers = {
    L0793:         "build_stochastic_future_full_boxes":
    L0794:             (
    L0795:                 "build_stochastic_future_full_boxes"
    L0796:                 in runner_source
    L0797:             ),
    L0798: 
    L0799:         "estimate_actor_occupancy_probability":

FILE = scripts/run_block66_part3c_part2of2_final.py
  occurrence @L 1644 tokens= ['future_gt']
    L1640: 
    L1641:             "formal_outcomes_read":
    L1642:                 False,
    L1643: 
    L1644:             "future_GT_controller_input":
    L1645:                 False,
    L1646:         },
    L1647: 
    L1648:         "upstream":
  occurrence @L 1685 tokens= ['future_full_box']
    L1681:     )
    L1682: 
    L1683:     from iscai_stage6.adb.probabilistic_full_box import (
    L1684:         CalibratedGaussianFullBoxPrediction,
    L1685:         build_stochastic_future_full_boxes,
    L1686:     )
    L1687: 
    L1688:     from iscai_stage6.adb.probabilistic_occupancy import (
    L1689:         OccupancyGrid,
  occurrence @L 1834 tokens= ['future_full_box']
    L1830:                 name
    L1831:             )
    L1832: 
    L1833: 
    L1834:     _frozen_build_stochastic_future_full_boxes = (
    L1835:         build_stochastic_future_full_boxes
    L1836:     )
    L1837: 
    L1838: 
  occurrence @L 1835 tokens= ['future_full_box']
    L1831:             )
    L1832: 
    L1833: 
    L1834:     _frozen_build_stochastic_future_full_boxes = (
    L1835:         build_stochastic_future_full_boxes
    L1836:     )
    L1837: 
    L1838: 
    L1839:     def build_stochastic_future_full_boxes(
  occurrence @L 1839 tokens= ['future_full_box']
    L1835:         build_stochastic_future_full_boxes
    L1836:     )
    L1837: 
    L1838: 
    L1839:     def build_stochastic_future_full_boxes(
    L1840:         prediction,
    L1841:         actor_box,
    L1842:         *,
    L1843:         sample_count,
  occurrence @L 1863 tokens= ['future_full_box']
    L1859:                 )
    L1860:             )
    L1861: 
    L1862:         return (
    L1863:             _frozen_build_stochastic_future_full_boxes(
    L1864:                 prediction,
    L1865:                 actor_box,
    L1866:                 sample_count=sample_count,
    L1867:                 seed=seed,
  occurrence @L 2482 tokens= ['future_full_box']
    L2478:                 )
    L2479:             )
    L2480: 
    L2481:             forecast = (
    L2482:                 build_stochastic_future_full_boxes(
    L2483:                     prediction,
    L2484:                     actor_box,
    L2485:                     sample_count=N_MC,
    L2486:                     seed=MC_SEED,
  occurrence @L 2759 tokens= ['future_gt']
    L2755:                     **surrogate,
    L2756:                 },
    L2757: 
    L2758:                 "causality": {
    L2759:                     "future_GT":
    L2760:                         False,
    L2761: 
    L2762:                     "truth_ID":
    L2763:                         False,
  occurrence @L 3786 tokens= ['future_gt']
    L3782: 
    L3783:             "development_objective_evaluated":
    L3784:                 False,
    L3785: 
    L3786:             "future_GT_used":
    L3787:                 False,
    L3788: 
    L3789:             "formal_outcomes_read":
    L3790:                 False,
  occurrence @L 3829 tokens= ['future_gt']
    L3825: 
    L3826:             "recalibration":
    L3827:                 False,
    L3828: 
    L3829:             "future_GT_controller_input":
    L3830:                 False,
    L3831: 
    L3832:             "perfect_ID_controller_input":
    L3833:                 False,

FILE = scripts/run_block67_part1_margin_binding_gate.py
  occurrence @L 900 tokens= ['future_gt']
    L0896:                 True,
    L0897:         },
    L0898: 
    L0899:         "causality": {
    L0900:             "future_GT_read":
    L0901:                 False,
    L0902: 
    L0903:             "formal_outcomes_read":
    L0904:                 False,

FILE = scripts/run_block67_part2_baseline_metric_gate.py
  occurrence @L 542 tokens= ['future truth']
    L0538:             spec.future_truth_controller_input
    L0539:             is False,
    L0540:             (
    L0541:                 f"{spec.label.value} incorrectly "
    L0542:                 "uses future truth as controller input."
    L0543:             ),
    L0544:         )
    L0545: 
    L0546:         if (
  occurrence @L 549 tokens= ['oracle_future']
    L0545: 
    L0546:         if (
    L0547:             spec.label
    L0548:             !=
    L0549:             ADBBaseline.ORACLE_FUTURE_ADB
    L0550:         ):
    L0551:             require(
    L0552:                 spec.evaluator_future_truth
    L0553:                 is False,
  occurrence @L 796 tokens= ['constructed_oracle']
    L0792: 
    L0793:     oracle_metric_names = {
    L0794:         metric.name.value
    L0795:         for metric in metrics
    L0796:         if metric.requires_constructed_oracle
    L0797:     }
    L0798: 
    L0799:     require(
    L0800:         {
  occurrence @L 801 tokens= ['oracle_future', 'constructed_oracle']
    L0797:     }
    L0798: 
    L0799:     require(
    L0800:         {
    L0801:             "mask_IoU_with_constructed_oracle_future_mask",
    L0802:             "over_masking_area",
    L0803:             "false_dimming",
    L0804:         }.issubset(
    L0805:             oracle_metric_names
  occurrence @L 846 tokens= ['future_gt']
    L0842:     require(
    L0843:         part1[
    L0844:             "causality"
    L0845:         ][
    L0846:             "future_GT_read"
    L0847:         ]
    L0848:         is False,
    L0849:         "Part1 read future GT.",
    L0850:     )
  occurrence @L 1153 tokens= ['constructed_oracle']
    L1149:             "fabricated_label_only_algorithm_difference":
    L1150:                 False,
    L1151:         },
    L1152: 
    L1153:         "constructed_oracle": {
    L1154:             "measured_ADB_ground_truth":
    L1155:                 False,
    L1156: 
    L1157:             "controller_access":
  occurrence @L 1213 tokens= ['future_gt']
    L1209: 
    L1210:             "formal_outcomes_read":
    L1211:                 False,
    L1212: 
    L1213:             "future_GT_controller_read":
    L1214:                 False,
    L1215: 
    L1216:             "policy_sweep":
    L1217:                 False,

FILE = scripts/run_block68_oracle_roi_route_discovery.py
  occurrence @L 463 tokens= ['constructed_oracle']
    L0459: # Source discovery
    L0460: # ============================================================
    L0461: 
    L0462: CATEGORY_RULES = {
    L0463:     "constructed_oracle": (
    L0464:         "oracle",
    L0465:         "constructed",
    L0466:         "future",
    L0467:         "truth",
  occurrence @L 470 tokens= ['future_full_box']
    L0466:         "future",
    L0467:         "truth",
    L0468:     ),
    L0469: 
    L0470:     "future_full_box": (
    L0471:         "future",
    L0472:         "box",
    L0473:         "corner",
    L0474:         "footprint",
  occurrence @L 487 tokens= ['future_gt']
    L0483:         "grid",
    L0484:     ),
    L0485: 
    L0486:     "future_truth_access": (
    L0487:         "future_gt",
    L0488:         "future truth",
    L0489:         "future_state",
    L0490:         "future",
    L0491:         "truth",
  occurrence @L 488 tokens= ['future truth']
    L0484:     ),
    L0485: 
    L0486:     "future_truth_access": (
    L0487:         "future_gt",
    L0488:         "future truth",
    L0489:         "future_state",
    L0490:         "future",
    L0491:         "truth",
    L0492:     ),
  occurrence @L 1210 tokens= ['constructed_oracle']
    L1206:                 category in item[
    L1207:                     "categories"
    L1208:                 ]
    L1209:                 for category in (
    L1210:                     "constructed_oracle",
    L1211:                     "future_full_box",
    L1212:                     "road_roi",
    L1213:                     "future_truth_access",
    L1214:                 )
  occurrence @L 1211 tokens= ['future_full_box']
    L1207:                     "categories"
    L1208:                 ]
    L1209:                 for category in (
    L1210:                     "constructed_oracle",
    L1211:                     "future_full_box",
    L1212:                     "road_roi",
    L1213:                     "future_truth_access",
    L1214:                 )
    L1215:             ):
  occurrence @L 1481 tokens= ['constructed_oracle']
    L1477:         schema_text
    L1478:     ).lower()
    L1479: 
    L1480:     readiness = {
    L1481:         "constructed_oracle_semantics":
    L1482:             contains_any(
    L1483:                 combined,
    L1484:                 (
    L1485:                     "oracle",
  occurrence @L 1487 tokens= ['constructed future']
    L1483:                 combined,
    L1484:                 (
    L1485:                     "oracle",
    L1486:                     "constructed_future",
    L1487:                     "constructed future",
    L1488:                 ),
    L1489:             ),
    L1490: 
    L1491:         "future_truth_evaluator_route":
  occurrence @L 1496 tokens= ['future_gt']
    L1492:             (
    L1493:                 contains_any(
    L1494:                     combined,
    L1495:                     (
    L1496:                         "future_gt",
    L1497:                         "future truth",
    L1498:                         "future_state",
    L1499:                     ),
    L1500:                 )
  occurrence @L 1497 tokens= ['future truth']
    L1493:                 contains_any(
    L1494:                     combined,
    L1495:                     (
    L1496:                         "future_gt",
    L1497:                         "future truth",
    L1498:                         "future_state",
    L1499:                     ),
    L1500:                 )
    L1501:                 and
  occurrence @L 1633 tokens= ['constructed_oracle']
    L1629: 
    L1630:     strongest = {}
    L1631: 
    L1632:     for category in (
    L1633:         "constructed_oracle",
    L1634:         "future_full_box",
    L1635:         "road_roi",
    L1636:         "future_truth_access",
    L1637:         "reactive_reference",
  occurrence @L 1634 tokens= ['future_full_box']
    L1630:     strongest = {}
    L1631: 
    L1632:     for category in (
    L1633:         "constructed_oracle",
    L1634:         "future_full_box",
    L1635:         "road_roi",
    L1636:         "future_truth_access",
    L1637:         "reactive_reference",
    L1638:     ):
  occurrence @L 2018 tokens= ['future full-box']
    L2014:         "next":
    L2015:             (
    L2016:                 "Use strongest evidence-supported routes "
    L2017:                 "to freeze exact constructed-oracle, "
    L2018:                 "future full-box and road-ROI evaluator "
    L2019:                 "bindings before development metric execution."
    L2020:             ),
    L2021:     }
    L2022: 
  occurrence @L 2048 tokens= ['constructed_oracle']
    L2044:         "constructed oracle route   =",
    L2045:         (
    L2046:             "FOUND"
    L2047:             if readiness[
    L2048:                 "constructed_oracle_semantics"
    L2049:             ]
    L2050:             else "NOT PROVEN"
    L2051:         ),
    L2052:     )
  occurrence @L 2055 tokens= ['future truth']
    L2051:         ),
    L2052:     )
    L2053: 
    L2054:     print(
    L2055:         "future truth evaluator     =",
    L2056:         (
    L2057:             "FOUND"
    L2058:             if readiness[
    L2059:                 "future_truth_evaluator_route"
  occurrence @L 2066 tokens= ['future full-box']
    L2062:         ),
    L2063:     )
    L2064: 
    L2065:     print(
    L2066:         "future full-box geometry   =",
    L2067:         (
    L2068:             "FOUND"
    L2069:             if readiness[
    L2070:                 "full_box_geometry"

FILE = scripts/run_block68_part2_exact_evaluator_runtime_bind.py
  occurrence @L 1546 tokens= ['future_full_box']
    L1542:             {
    L1543:                 "I_final":
    L1544:                     illumination_route_proven,
    L1545: 
    L1546:                 "future_full_box":
    L1547:                     True,
    L1548:             },
    L1549: 
    L1550:         "cyclist_visibility_proxy":
  occurrence @L 1555 tokens= ['future_full_box']
    L1551:             {
    L1552:                 "I_final":
    L1553:                     illumination_route_proven,
    L1554: 
    L1555:                 "future_full_box":
    L1556:                     True,
    L1557:             },
    L1558: 
    L1559:         "false_dimming":

FILE = scripts/run_block68_part2_metric_authority_audit.py
  occurrence @L 294 tokens= ['oracle_future', 'constructed_oracle']
    L0290: # ============================================================
    L0291: 
    L0292: PREREG_TO_BLOCK68 = {
    L0293:     "mask_IoU":
    L0294:         "mask_IoU_with_constructed_oracle_future_mask",
    L0295: 
    L0296:     "vehicle_shadow_zone_violation":
    L0297:         "vehicle_shadow_zone_violation",
    L0298: 

FILE = scripts/run_block68_preoutcome_metric_reconciliation.py
  occurrence @L 495 tokens= ['oracle_mask']
    L0491: # ============================================================
    L0492: 
    L0493: def mask_iou(
    L0494:     candidate_mask,
    L0495:     oracle_mask,
    L0496: ) -> float:
    L0497:     """
    L0498:     |D ∩ O| / |D ∪ O|
    L0499: 
  occurrence @L 509 tokens= ['oracle_mask']
    L0505:         name="candidate_mask",
    L0506:     )
    L0507: 
    L0508:     oracle = _bool_array(
    L0509:         oracle_mask,
    L0510:         name="oracle_mask",
    L0511:     )
    L0512: 
    L0513:     _same_shape(
  occurrence @L 510 tokens= ['oracle_mask']
    L0506:     )
    L0507: 
    L0508:     oracle = _bool_array(
    L0509:         oracle_mask,
    L0510:         name="oracle_mask",
    L0511:     )
    L0512: 
    L0513:     _same_shape(
    L0514:         candidate,
  occurrence @L 658 tokens= ['oracle_mask']
    L0654: # ============================================================
    L0655: 
    L0656: def over_masking_area(
    L0657:     candidate_mask,
    L0658:     oracle_mask,
    L0659: ) -> float:
    L0660:     """
    L0661:     Frozen Block6.6 definition:
    L0662: 
  occurrence @L 676 tokens= ['oracle_mask']
    L0672:         name="candidate_mask",
    L0673:     )
    L0674: 
    L0675:     oracle = _bool_array(
    L0676:         oracle_mask,
    L0677:         name="oracle_mask",
    L0678:     )
    L0679: 
    L0680:     _same_shape(
  occurrence @L 677 tokens= ['oracle_mask']
    L0673:     )
    L0674: 
    L0675:     oracle = _bool_array(
    L0676:         oracle_mask,
    L0677:         name="oracle_mask",
    L0678:     )
    L0679: 
    L0680:     _same_shape(
    L0681:         candidate,
  occurrence @L 753 tokens= ['future_full_box']
    L0749: # ============================================================
    L0750: 
    L0751: def pedestrian_visibility_proxy(
    L0752:     intensity,
    L0753:     pedestrian_future_full_box_region,
    L0754: ) -> float:
    L0755:     """
    L0756:     Frozen Block6.6 definition:
    L0757: 
  occurrence @L 776 tokens= ['future_full_box']
    L0772:         name="intensity",
    L0773:     )
    L0774: 
    L0775:     region = _bool_array(
    L0776:         pedestrian_future_full_box_region,
    L0777:         name=(
    L0778:             "pedestrian_future_full_box_region"
    L0779:         ),
    L0780:     )
  occurrence @L 778 tokens= ['future_full_box']
    L0774: 
    L0775:     region = _bool_array(
    L0776:         pedestrian_future_full_box_region,
    L0777:         name=(
    L0778:             "pedestrian_future_full_box_region"
    L0779:         ),
    L0780:     )
    L0781: 
    L0782:     _same_shape(
  occurrence @L 809 tokens= ['future_full_box']
    L0805: # ============================================================
    L0806: 
    L0807: def cyclist_visibility_proxy(
    L0808:     intensity,
    L0809:     cyclist_future_full_box_region,
    L0810: ) -> float:
    L0811:     """
    L0812:     Frozen Block6.6 definition:
    L0813: 
  occurrence @L 832 tokens= ['future_full_box']
    L0828:         name="intensity",
    L0829:     )
    L0830: 
    L0831:     region = _bool_array(
    L0832:         cyclist_future_full_box_region,
    L0833:         name=(
    L0834:             "cyclist_future_full_box_region"
    L0835:         ),
    L0836:     )
  occurrence @L 834 tokens= ['future_full_box']
    L0830: 
    L0831:     region = _bool_array(
    L0832:         cyclist_future_full_box_region,
    L0833:         name=(
    L0834:             "cyclist_future_full_box_region"
    L0835:         ),
    L0836:     )
    L0837: 
    L0838:     _same_shape(
  occurrence @L 865 tokens= ['oracle_mask']
    L0861: # ============================================================
    L0862: 
    L0863: def false_dimming(
    L0864:     intensity,
    L0865:     oracle_mask,
    L0866: ) -> float:
    L0867:     """
    L0868:     Frozen Block6.6 definition:
    L0869: 
  occurrence @L 886 tokens= ['oracle_mask']
    L0882:         name="intensity",
    L0883:     )
    L0884: 
    L0885:     oracle = _bool_array(
    L0886:         oracle_mask,
    L0887:         name="oracle_mask",
    L0888:     )
    L0889: 
    L0890:     _same_shape(
  occurrence @L 887 tokens= ['oracle_mask']
    L0883:     )
    L0884: 
    L0885:     oracle = _bool_array(
    L0886:         oracle_mask,
    L0887:         name="oracle_mask",
    L0888:     )
    L0889: 
    L0890:     _same_shape(
    L0891:         light,
  occurrence @L 1916 tokens= ['oracle_future', 'constructed_oracle']
    L1912:                 False,
    L1913:         },
    L1914: 
    L1915:         "metrics": {
    L1916:             "mask_IoU_with_constructed_oracle_future_mask": {
    L1917:                 "direction":
    L1918:                     "higher_is_better",
    L1919: 
    L1920:                 "formula":
  occurrence @L 2127 tokens= ['oracle_mask']
    L2123:                 "future_truth_controller_input":
    L2124:                     False,
    L2125:             },
    L2126: 
    L2127:             "oracle_mask": {
    L2128:                 "role":
    L2129:                     "constructed_evaluator_reference",
    L2130: 
    L2131:                 "measured_ground_truth":

oracle/future source files = 41

===== F. DEVELOPMENT EVALUATOR ARTIFACT SCHEMAS =====

FILE = artifacts/block66/block66_part3c_vehicle_surrogate_evidence.jsonl
   causality.future_GT
   full_box_parity_exact
   full_box_parity_tolerance
   vehicle_surrogate
   vehicle_surrogate.heading_samples_sha256
   vehicle_surrogate.horizon_summaries
   vehicle_surrogate.horizon_summaries[]
   vehicle_surrogate.horizon_summaries[].angular_span_max_rad
   vehicle_surrogate.horizon_summaries[].angular_span_mean_rad
   vehicle_surrogate.horizon_summaries[].horizon_s
   vehicle_surrogate.horizon_summaries[].oncoming_fraction
   vehicle_surrogate.horizon_summaries[].oncoming_samples
   vehicle_surrogate.horizon_summaries[].preceding_samples
   vehicle_surrogate.horizon_summaries[].range_far_max_m
   vehicle_surrogate.horizon_summaries[].range_far_mean_m
   vehicle_surrogate.horizon_summaries[].range_near_mean_m
   vehicle_surrogate.horizon_summaries[].range_near_min_m
   vehicle_surrogate.horizon_summaries[].sample_count
   vehicle_surrogate.horizon_summaries[].theta_center_mean_rad
   vehicle_surrogate.horizon_summaries[].z_max_mean_m
   vehicle_surrogate.horizon_summaries[].z_min_mean_m
   vehicle_surrogate.oncoming
   vehicle_surrogate.physical_annotation_claim
   vehicle_surrogate.preceding
   vehicle_surrogate.samplewise_projection_sha256
   vehicle_surrogate.trajectory_samples_sha256
   vehicle_surrogate.vertical_actuator_claim

FILE = artifacts/block66/part3c_vehicle_surrogate_replay_cache/vehicle_0000__f72a05a05035feb8__s3trk-000027.json
   causality.future_GT
   full_box_parity_exact
   full_box_parity_tolerance
   vehicle_surrogate
   vehicle_surrogate.heading_samples_sha256
   vehicle_surrogate.horizon_summaries
   vehicle_surrogate.horizon_summaries[]
   vehicle_surrogate.horizon_summaries[].angular_span_max_rad
   vehicle_surrogate.horizon_summaries[].angular_span_mean_rad
   vehicle_surrogate.horizon_summaries[].horizon_s
   vehicle_surrogate.horizon_summaries[].oncoming_fraction
   vehicle_surrogate.horizon_summaries[].oncoming_samples
   vehicle_surrogate.horizon_summaries[].preceding_samples
   vehicle_surrogate.horizon_summaries[].range_far_max_m
   vehicle_surrogate.horizon_summaries[].range_far_mean_m
   vehicle_surrogate.horizon_summaries[].range_near_mean_m
   vehicle_surrogate.horizon_summaries[].range_near_min_m
   vehicle_surrogate.horizon_summaries[].sample_count
   vehicle_surrogate.horizon_summaries[].theta_center_mean_rad
   vehicle_surrogate.horizon_summaries[].z_max_mean_m
   vehicle_surrogate.horizon_summaries[].z_min_mean_m
   vehicle_surrogate.oncoming
   vehicle_surrogate.physical_annotation_claim
   vehicle_surrogate.preceding
   vehicle_surrogate.samplewise_projection_sha256
   vehicle_surrogate.trajectory_samples_sha256
   vehicle_surrogate.vertical_actuator_claim

FILE = artifacts/block66/part3c_vehicle_surrogate_replay_cache/vehicle_0001__f72a05a05035feb8__s3trk-000024.json
   causality.future_GT
   full_box_parity_exact
   full_box_parity_tolerance
   vehicle_surrogate
   vehicle_surrogate.heading_samples_sha256
   vehicle_surrogate.horizon_summaries
   vehicle_surrogate.horizon_summaries[]
   vehicle_surrogate.horizon_summaries[].angular_span_max_rad
   vehicle_surrogate.horizon_summaries[].angular_span_mean_rad
   vehicle_surrogate.horizon_summaries[].horizon_s
   vehicle_surrogate.horizon_summaries[].oncoming_fraction
   vehicle_surrogate.horizon_summaries[].oncoming_samples
   vehicle_surrogate.horizon_summaries[].preceding_samples
   vehicle_surrogate.horizon_summaries[].range_far_max_m
   vehicle_surrogate.horizon_summaries[].range_far_mean_m
   vehicle_surrogate.horizon_summaries[].range_near_mean_m
   vehicle_surrogate.horizon_summaries[].range_near_min_m
   vehicle_surrogate.horizon_summaries[].sample_count
   vehicle_surrogate.horizon_summaries[].theta_center_mean_rad
   vehicle_surrogate.horizon_summaries[].z_max_mean_m
   vehicle_surrogate.horizon_summaries[].z_min_mean_m
   vehicle_surrogate.oncoming
   vehicle_surrogate.physical_annotation_claim
   vehicle_surrogate.preceding
   vehicle_surrogate.samplewise_projection_sha256
   vehicle_surrogate.trajectory_samples_sha256
   vehicle_surrogate.vertical_actuator_claim

FILE = artifacts/block66/part3c_vehicle_surrogate_replay_cache/vehicle_0002__f72a05a05035feb8__s3trk-000005.json
   causality.future_GT
   full_box_parity_exact
   full_box_parity_tolerance
   vehicle_surrogate
   vehicle_surrogate.heading_samples_sha256
   vehicle_surrogate.horizon_summaries
   vehicle_surrogate.horizon_summaries[]
   vehicle_surrogate.horizon_summaries[].angular_span_max_rad
   vehicle_surrogate.horizon_summaries[].angular_span_mean_rad
   vehicle_surrogate.horizon_summaries[].horizon_s
   vehicle_surrogate.horizon_summaries[].oncoming_fraction
   vehicle_surrogate.horizon_summaries[].oncoming_samples
   vehicle_surrogate.horizon_summaries[].preceding_samples
   vehicle_surrogate.horizon_summaries[].range_far_max_m
   vehicle_surrogate.horizon_summaries[].range_far_mean_m
   vehicle_surrogate.horizon_summaries[].range_near_mean_m
   vehicle_surrogate.horizon_summaries[].range_near_min_m
   vehicle_surrogate.horizon_summaries[].sample_count
   vehicle_surrogate.horizon_summaries[].theta_center_mean_rad
   vehicle_surrogate.horizon_summaries[].z_max_mean_m
   vehicle_surrogate.horizon_summaries[].z_min_mean_m
   vehicle_surrogate.oncoming
   vehicle_surrogate.physical_annotation_claim
   vehicle_surrogate.preceding
   vehicle_surrogate.samplewise_projection_sha256
   vehicle_surrogate.trajectory_samples_sha256
   vehicle_surrogate.vertical_actuator_claim

FILE = artifacts/block66/part3c_vehicle_surrogate_replay_cache/vehicle_0004__217d94b9231ed401__s3trk-000059.json
   causality.future_GT
   full_box_parity_exact
   full_box_parity_tolerance
   vehicle_surrogate
   vehicle_surrogate.heading_samples_sha256
   vehicle_surrogate.horizon_summaries
   vehicle_surrogate.horizon_summaries[]
   vehicle_surrogate.horizon_summaries[].angular_span_max_rad
   vehicle_surrogate.horizon_summaries[].angular_span_mean_rad
   vehicle_surrogate.horizon_summaries[].horizon_s
   vehicle_surrogate.horizon_summaries[].oncoming_fraction
   vehicle_surrogate.horizon_summaries[].oncoming_samples
   vehicle_surrogate.horizon_summaries[].preceding_samples
   vehicle_surrogate.horizon_summaries[].range_far_max_m
   vehicle_surrogate.horizon_summaries[].range_far_mean_m
   vehicle_surrogate.horizon_summaries[].range_near_mean_m
   vehicle_surrogate.horizon_summaries[].range_near_min_m
   vehicle_surrogate.horizon_summaries[].sample_count
   vehicle_surrogate.horizon_summaries[].theta_center_mean_rad
   vehicle_surrogate.horizon_summaries[].z_max_mean_m
   vehicle_surrogate.horizon_summaries[].z_min_mean_m
   vehicle_surrogate.oncoming
   vehicle_surrogate.physical_annotation_claim
   vehicle_surrogate.preceding
   vehicle_surrogate.samplewise_projection_sha256
   vehicle_surrogate.trajectory_samples_sha256
   vehicle_surrogate.vertical_actuator_claim

FILE = artifacts/block66/part3c_vehicle_surrogate_replay_cache/vehicle_0005__217d94b9231ed401__s3trk-000049.json
   causality.future_GT
   full_box_parity_exact
   full_box_parity_tolerance
   vehicle_surrogate
   vehicle_surrogate.heading_samples_sha256
   vehicle_surrogate.horizon_summaries
   vehicle_surrogate.horizon_summaries[]
   vehicle_surrogate.horizon_summaries[].angular_span_max_rad
   vehicle_surrogate.horizon_summaries[].angular_span_mean_rad
   vehicle_surrogate.horizon_summaries[].horizon_s
   vehicle_surrogate.horizon_summaries[].oncoming_fraction
   vehicle_surrogate.horizon_summaries[].oncoming_samples
   vehicle_surrogate.horizon_summaries[].preceding_samples
   vehicle_surrogate.horizon_summaries[].range_far_max_m
   vehicle_surrogate.horizon_summaries[].range_far_mean_m
   vehicle_surrogate.horizon_summaries[].range_near_mean_m
   vehicle_surrogate.horizon_summaries[].range_near_min_m
   vehicle_surrogate.horizon_summaries[].sample_count
   vehicle_surrogate.horizon_summaries[].theta_center_mean_rad
   vehicle_surrogate.horizon_summaries[].z_max_mean_m
   vehicle_surrogate.horizon_summaries[].z_min_mean_m
   vehicle_surrogate.oncoming
   vehicle_surrogate.physical_annotation_claim
   vehicle_surrogate.preceding
   vehicle_surrogate.samplewise_projection_sha256
   vehicle_surrogate.trajectory_samples_sha256
   vehicle_surrogate.vertical_actuator_claim

FILE = artifacts/block66/part3c_vehicle_surrogate_replay_cache/vehicle_0006__217d94b9231ed401__s3trk-000039.json
   causality.future_GT
   full_box_parity_exact
   full_box_parity_tolerance
   vehicle_surrogate
   vehicle_surrogate.heading_samples_sha256
   vehicle_surrogate.horizon_summaries
   vehicle_surrogate.horizon_summaries[]
   vehicle_surrogate.horizon_summaries[].angular_span_max_rad
   vehicle_surrogate.horizon_summaries[].angular_span_mean_rad
   vehicle_surrogate.horizon_summaries[].horizon_s
   vehicle_surrogate.horizon_summaries[].oncoming_fraction
   vehicle_surrogate.horizon_summaries[].oncoming_samples
   vehicle_surrogate.horizon_summaries[].preceding_samples
   vehicle_surrogate.horizon_summaries[].range_far_max_m
   vehicle_surrogate.horizon_summaries[].range_far_mean_m
   vehicle_surrogate.horizon_summaries[].range_near_mean_m
   vehicle_surrogate.horizon_summaries[].range_near_min_m
   vehicle_surrogate.horizon_summaries[].sample_count
   vehicle_surrogate.horizon_summaries[].theta_center_mean_rad
   vehicle_surrogate.horizon_summaries[].z_max_mean_m
   vehicle_surrogate.horizon_summaries[].z_min_mean_m
   vehicle_surrogate.oncoming
   vehicle_surrogate.physical_annotation_claim
   vehicle_surrogate.preceding
   vehicle_surrogate.samplewise_projection_sha256
   vehicle_surrogate.trajectory_samples_sha256
   vehicle_surrogate.vertical_actuator_claim

FILE = artifacts/block66/part3c_vehicle_surrogate_replay_cache/vehicle_0010__6ccad5b8230fdfaf__s3trk-000001.json
   causality.future_GT
   full_box_parity_exact
   full_box_parity_tolerance
   vehicle_surrogate
   vehicle_surrogate.heading_samples_sha256
   vehicle_surrogate.horizon_summaries
   vehicle_surrogate.horizon_summaries[]
   vehicle_surrogate.horizon_summaries[].angular_span_max_rad
   vehicle_surrogate.horizon_summaries[].angular_span_mean_rad
   vehicle_surrogate.horizon_summaries[].horizon_s
   vehicle_surrogate.horizon_summaries[].oncoming_fraction
   vehicle_surrogate.horizon_summaries[].oncoming_samples
   vehicle_surrogate.horizon_summaries[].preceding_samples
   vehicle_surrogate.horizon_summaries[].range_far_max_m
   vehicle_surrogate.horizon_summaries[].range_far_mean_m
   vehicle_surrogate.horizon_summaries[].range_near_mean_m
   vehicle_surrogate.horizon_summaries[].range_near_min_m
   vehicle_surrogate.horizon_summaries[].sample_count
   vehicle_surrogate.horizon_summaries[].theta_center_mean_rad
   vehicle_surrogate.horizon_summaries[].z_max_mean_m
   vehicle_surrogate.horizon_summaries[].z_min_mean_m
   vehicle_surrogate.oncoming
   vehicle_surrogate.physical_annotation_claim
   vehicle_surrogate.preceding
   vehicle_surrogate.samplewise_projection_sha256
   vehicle_surrogate.trajectory_samples_sha256
   vehicle_surrogate.vertical_actuator_claim

FILE = artifacts/block66/part3c_vehicle_surrogate_replay_cache/vehicle_0011__6ccad5b8230fdfaf__s3trk-000026.json
   causality.future_GT
   full_box_parity_exact
   full_box_parity_tolerance
   vehicle_surrogate
   vehicle_surrogate.heading_samples_sha256
   vehicle_surrogate.horizon_summaries
   vehicle_surrogate.horizon_summaries[]
   vehicle_surrogate.horizon_summaries[].angular_span_max_rad
   vehicle_surrogate.horizon_summaries[].angular_span_mean_rad
   vehicle_surrogate.horizon_summaries[].horizon_s
   vehicle_surrogate.horizon_summaries[].oncoming_fraction
   vehicle_surrogate.horizon_summaries[].oncoming_samples
   vehicle_surrogate.horizon_summaries[].preceding_samples
   vehicle_surrogate.horizon_summaries[].range_far_max_m
   vehicle_surrogate.horizon_summaries[].range_far_mean_m
   vehicle_surrogate.horizon_summaries[].range_near_mean_m
   vehicle_surrogate.horizon_summaries[].range_near_min_m
   vehicle_surrogate.horizon_summaries[].sample_count
   vehicle_surrogate.horizon_summaries[].theta_center_mean_rad
   vehicle_surrogate.horizon_summaries[].z_max_mean_m
   vehicle_surrogate.horizon_summaries[].z_min_mean_m
   vehicle_surrogate.oncoming
   vehicle_surrogate.physical_annotation_claim
   vehicle_surrogate.preceding
   vehicle_surrogate.samplewise_projection_sha256
   vehicle_surrogate.trajectory_samples_sha256
   vehicle_surrogate.vertical_actuator_claim

FILE = artifacts/block66/part3c_vehicle_surrogate_replay_cache/vehicle_0012__6ccad5b8230fdfaf__s3trk-000008.json
   causality.future_GT
   full_box_parity_exact
   full_box_parity_tolerance
   vehicle_surrogate
   vehicle_surrogate.heading_samples_sha256
   vehicle_surrogate.horizon_summaries
   vehicle_surrogate.horizon_summaries[]
   vehicle_surrogate.horizon_summaries[].angular_span_max_rad
   vehicle_surrogate.horizon_summaries[].angular_span_mean_rad
   vehicle_surrogate.horizon_summaries[].horizon_s
   vehicle_surrogate.horizon_summaries[].oncoming_fraction
   vehicle_surrogate.horizon_summaries[].oncoming_samples
   vehicle_surrogate.horizon_summaries[].preceding_samples
   vehicle_surrogate.horizon_summaries[].range_far_max_m
   vehicle_surrogate.horizon_summaries[].range_far_mean_m
   vehicle_surrogate.horizon_summaries[].range_near_mean_m
   vehicle_surrogate.horizon_summaries[].range_near_min_m
   vehicle_surrogate.horizon_summaries[].sample_count
   vehicle_surrogate.horizon_summaries[].theta_center_mean_rad
   vehicle_surrogate.horizon_summaries[].z_max_mean_m
   vehicle_surrogate.horizon_summaries[].z_min_mean_m
   vehicle_surrogate.oncoming
   vehicle_surrogate.physical_annotation_claim
   vehicle_surrogate.preceding
   vehicle_surrogate.samplewise_projection_sha256
   vehicle_surrogate.trajectory_samples_sha256
   vehicle_surrogate.vertical_actuator_claim

FILE = artifacts/block66/part3c_vehicle_surrogate_replay_cache/vehicle_0013__6ccad5b8230fdfaf__s3trk-000013.json
   causality.future_GT
   full_box_parity_exact
   full_box_parity_tolerance
   vehicle_surrogate
   vehicle_surrogate.heading_samples_sha256
   vehicle_surrogate.horizon_summaries
   vehicle_surrogate.horizon_summaries[]
   vehicle_surrogate.horizon_summaries[].angular_span_max_rad
   vehicle_surrogate.horizon_summaries[].angular_span_mean_rad
   vehicle_surrogate.horizon_summaries[].horizon_s
   vehicle_surrogate.horizon_summaries[].oncoming_fraction
   vehicle_surrogate.horizon_summaries[].oncoming_samples
   vehicle_surrogate.horizon_summaries[].preceding_samples
   vehicle_surrogate.horizon_summaries[].range_far_max_m
   vehicle_surrogate.horizon_summaries[].range_far_mean_m
   vehicle_surrogate.horizon_summaries[].range_near_mean_m
   vehicle_surrogate.horizon_summaries[].range_near_min_m
   vehicle_surrogate.horizon_summaries[].sample_count
   vehicle_surrogate.horizon_summaries[].theta_center_mean_rad
   vehicle_surrogate.horizon_summaries[].z_max_mean_m
   vehicle_surrogate.horizon_summaries[].z_min_mean_m
   vehicle_surrogate.oncoming
   vehicle_surrogate.physical_annotation_claim
   vehicle_surrogate.preceding
   vehicle_surrogate.samplewise_projection_sha256
   vehicle_surrogate.trajectory_samples_sha256
   vehicle_surrogate.vertical_actuator_claim

FILE = artifacts/block66/part3c_vehicle_surrogate_replay_cache/vehicle_0015__78249f8856cb2c57__s3trk-000057.json
   causality.future_GT
   full_box_parity_exact
   full_box_parity_tolerance
   vehicle_surrogate
   vehicle_surrogate.heading_samples_sha256
   vehicle_surrogate.horizon_summaries
   vehicle_surrogate.horizon_summaries[]
   vehicle_surrogate.horizon_summaries[].angular_span_max_rad
   vehicle_surrogate.horizon_summaries[].angular_span_mean_rad
   vehicle_surrogate.horizon_summaries[].horizon_s
   vehicle_surrogate.horizon_summaries[].oncoming_fraction
   vehicle_surrogate.horizon_summaries[].oncoming_samples
   vehicle_surrogate.horizon_summaries[].preceding_samples
   vehicle_surrogate.horizon_summaries[].range_far_max_m
   vehicle_surrogate.horizon_summaries[].range_far_mean_m
   vehicle_surrogate.horizon_summaries[].range_near_mean_m
   vehicle_surrogate.horizon_summaries[].range_near_min_m
   vehicle_surrogate.horizon_summaries[].sample_count
   vehicle_surrogate.horizon_summaries[].theta_center_mean_rad
   vehicle_surrogate.horizon_summaries[].z_max_mean_m
   vehicle_surrogate.horizon_summaries[].z_min_mean_m
   vehicle_surrogate.oncoming
   vehicle_surrogate.physical_annotation_claim
   vehicle_surrogate.preceding
   vehicle_surrogate.samplewise_projection_sha256
   vehicle_surrogate.trajectory_samples_sha256
   vehicle_surrogate.vertical_actuator_claim

FILE = artifacts/block66/part3c_vehicle_surrogate_replay_cache/vehicle_0016__78249f8856cb2c57__s3trk-000049.json
   causality.future_GT
   full_box_parity_exact
   full_box_parity_tolerance
   vehicle_surrogate
   vehicle_surrogate.heading_samples_sha256
   vehicle_surrogate.horizon_summaries
   vehicle_surrogate.horizon_summaries[]
   vehicle_surrogate.horizon_summaries[].angular_span_max_rad
   vehicle_surrogate.horizon_summaries[].angular_span_mean_rad
   vehicle_surrogate.horizon_summaries[].horizon_s
   vehicle_surrogate.horizon_summaries[].oncoming_fraction
   vehicle_surrogate.horizon_summaries[].oncoming_samples
   vehicle_surrogate.horizon_summaries[].preceding_samples
   vehicle_surrogate.horizon_summaries[].range_far_max_m
   vehicle_surrogate.horizon_summaries[].range_far_mean_m
   vehicle_surrogate.horizon_summaries[].range_near_mean_m
   vehicle_surrogate.horizon_summaries[].range_near_min_m
   vehicle_surrogate.horizon_summaries[].sample_count
   vehicle_surrogate.horizon_summaries[].theta_center_mean_rad
   vehicle_surrogate.horizon_summaries[].z_max_mean_m
   vehicle_surrogate.horizon_summaries[].z_min_mean_m
   vehicle_surrogate.oncoming
   vehicle_surrogate.physical_annotation_claim
   vehicle_surrogate.preceding
   vehicle_surrogate.samplewise_projection_sha256
   vehicle_surrogate.trajectory_samples_sha256
   vehicle_surrogate.vertical_actuator_claim

FILE = artifacts/block66/part3c_vehicle_surrogate_replay_cache/vehicle_0017__78249f8856cb2c57__s3trk-000017.json
   causality.future_GT
   full_box_parity_exact
   full_box_parity_tolerance
   vehicle_surrogate
   vehicle_surrogate.heading_samples_sha256
   vehicle_surrogate.horizon_summaries
   vehicle_surrogate.horizon_summaries[]
   vehicle_surrogate.horizon_summaries[].angular_span_max_rad
   vehicle_surrogate.horizon_summaries[].angular_span_mean_rad
   vehicle_surrogate.horizon_summaries[].horizon_s
   vehicle_surrogate.horizon_summaries[].oncoming_fraction
   vehicle_surrogate.horizon_summaries[].oncoming_samples
   vehicle_surrogate.horizon_summaries[].preceding_samples
   vehicle_surrogate.horizon_summaries[].range_far_max_m
   vehicle_surrogate.horizon_summaries[].range_far_mean_m
   vehicle_surrogate.horizon_summaries[].range_near_mean_m
   vehicle_surrogate.horizon_summaries[].range_near_min_m
   vehicle_surrogate.horizon_summaries[].sample_count
   vehicle_surrogate.horizon_summaries[].theta_center_mean_rad
   vehicle_surrogate.horizon_summaries[].z_max_mean_m
   vehicle_surrogate.horizon_summaries[].z_min_mean_m
   vehicle_surrogate.oncoming
   vehicle_surrogate.physical_annotation_claim
   vehicle_surrogate.preceding
   vehicle_surrogate.samplewise_projection_sha256
   vehicle_surrogate.trajectory_samples_sha256
   vehicle_surrogate.vertical_actuator_claim

FILE = artifacts/block66/part3c_vehicle_surrogate_replay_cache/vehicle_0018__78249f8856cb2c57__s3trk-000054.json
   causality.future_GT
   full_box_parity_exact
   full_box_parity_tolerance
   vehicle_surrogate
   vehicle_surrogate.heading_samples_sha256
   vehicle_surrogate.horizon_summaries
   vehicle_surrogate.horizon_summaries[]
   vehicle_surrogate.horizon_summaries[].angular_span_max_rad
   vehicle_surrogate.horizon_summaries[].angular_span_mean_rad
   vehicle_surrogate.horizon_summaries[].horizon_s
   vehicle_surrogate.horizon_summaries[].oncoming_fraction
   vehicle_surrogate.horizon_summaries[].oncoming_samples
   vehicle_surrogate.horizon_summaries[].preceding_samples
   vehicle_surrogate.horizon_summaries[].range_far_max_m
   vehicle_surrogate.horizon_summaries[].range_far_mean_m
   vehicle_surrogate.horizon_summaries[].range_near_mean_m
   vehicle_surrogate.horizon_summaries[].range_near_min_m
   vehicle_surrogate.horizon_summaries[].sample_count
   vehicle_surrogate.horizon_summaries[].theta_center_mean_rad
   vehicle_surrogate.horizon_summaries[].z_max_mean_m
   vehicle_surrogate.horizon_summaries[].z_min_mean_m
   vehicle_surrogate.oncoming
   vehicle_surrogate.physical_annotation_claim
   vehicle_surrogate.preceding
   vehicle_surrogate.samplewise_projection_sha256
   vehicle_surrogate.trajectory_samples_sha256
   vehicle_surrogate.vertical_actuator_claim

FILE = artifacts/block66/part3c_vehicle_surrogate_replay_cache/vehicle_0019__78249f8856cb2c57__s3trk-000036.json
   causality.future_GT
   full_box_parity_exact
   full_box_parity_tolerance
   vehicle_surrogate
   vehicle_surrogate.heading_samples_sha256
   vehicle_surrogate.horizon_summaries
   vehicle_surrogate.horizon_summaries[]
   vehicle_surrogate.horizon_summaries[].angular_span_max_rad
   vehicle_surrogate.horizon_summaries[].angular_span_mean_rad
   vehicle_surrogate.horizon_summaries[].horizon_s
   vehicle_surrogate.horizon_summaries[].oncoming_fraction
   vehicle_surrogate.horizon_summaries[].oncoming_samples
   vehicle_surrogate.horizon_summaries[].preceding_samples
   vehicle_surrogate.horizon_summaries[].range_far_max_m
   vehicle_surrogate.horizon_summaries[].range_far_mean_m
   vehicle_surrogate.horizon_summaries[].range_near_mean_m
   vehicle_surrogate.horizon_summaries[].range_near_min_m
   vehicle_surrogate.horizon_summaries[].sample_count
   vehicle_surrogate.horizon_summaries[].theta_center_mean_rad
   vehicle_surrogate.horizon_summaries[].z_max_mean_m
   vehicle_surrogate.horizon_summaries[].z_min_mean_m
   vehicle_surrogate.oncoming
   vehicle_surrogate.physical_annotation_claim
   vehicle_surrogate.preceding
   vehicle_surrogate.samplewise_projection_sha256
   vehicle_surrogate.trajectory_samples_sha256
   vehicle_surrogate.vertical_actuator_claim

FILE = artifacts/block66/part3c_vehicle_surrogate_replay_cache/vehicle_0021__63e96200cbac4d62__s3trk-000027.json
   causality.future_GT
   full_box_parity_exact
   full_box_parity_tolerance
   vehicle_surrogate
   vehicle_surrogate.heading_samples_sha256
   vehicle_surrogate.horizon_summaries
   vehicle_surrogate.horizon_summaries[]
   vehicle_surrogate.horizon_summaries[].angular_span_max_rad
   vehicle_surrogate.horizon_summaries[].angular_span_mean_rad
   vehicle_surrogate.horizon_summaries[].horizon_s
   vehicle_surrogate.horizon_summaries[].oncoming_fraction
   vehicle_surrogate.horizon_summaries[].oncoming_samples
   vehicle_surrogate.horizon_summaries[].preceding_samples
   vehicle_surrogate.horizon_summaries[].range_far_max_m
   vehicle_surrogate.horizon_summaries[].range_far_mean_m
   vehicle_surrogate.horizon_summaries[].range_near_mean_m
   vehicle_surrogate.horizon_summaries[].range_near_min_m
   vehicle_surrogate.horizon_summaries[].sample_count
   vehicle_surrogate.horizon_summaries[].theta_center_mean_rad
   vehicle_surrogate.horizon_summaries[].z_max_mean_m
   vehicle_surrogate.horizon_summaries[].z_min_mean_m
   vehicle_surrogate.oncoming
   vehicle_surrogate.physical_annotation_claim
   vehicle_surrogate.preceding
   vehicle_surrogate.samplewise_projection_sha256
   vehicle_surrogate.trajectory_samples_sha256
   vehicle_surrogate.vertical_actuator_claim

FILE = artifacts/block66/part3c_vehicle_surrogate_replay_cache/vehicle_0022__63e96200cbac4d62__s3trk-000018.json
   causality.future_GT
   full_box_parity_exact
   full_box_parity_tolerance
   vehicle_surrogate
   vehicle_surrogate.heading_samples_sha256
   vehicle_surrogate.horizon_summaries
   vehicle_surrogate.horizon_summaries[]
   vehicle_surrogate.horizon_summaries[].angular_span_max_rad
   vehicle_surrogate.horizon_summaries[].angular_span_mean_rad
   vehicle_surrogate.horizon_summaries[].horizon_s
   vehicle_surrogate.horizon_summaries[].oncoming_fraction
   vehicle_surrogate.horizon_summaries[].oncoming_samples
   vehicle_surrogate.horizon_summaries[].preceding_samples
   vehicle_surrogate.horizon_summaries[].range_far_max_m
   vehicle_surrogate.horizon_summaries[].range_far_mean_m
   vehicle_surrogate.horizon_summaries[].range_near_mean_m
   vehicle_surrogate.horizon_summaries[].range_near_min_m
   vehicle_surrogate.horizon_summaries[].sample_count
   vehicle_surrogate.horizon_summaries[].theta_center_mean_rad
   vehicle_surrogate.horizon_summaries[].z_max_mean_m
   vehicle_surrogate.horizon_summaries[].z_min_mean_m
   vehicle_surrogate.oncoming
   vehicle_surrogate.physical_annotation_claim
   vehicle_surrogate.preceding
   vehicle_surrogate.samplewise_projection_sha256
   vehicle_surrogate.trajectory_samples_sha256
   vehicle_surrogate.vertical_actuator_claim

FILE = artifacts/block66/part3c_vehicle_surrogate_replay_cache/vehicle_0029__d6a50bc55ce5f19e__s3trk-000037.json
   causality.future_GT
   full_box_parity_exact
   full_box_parity_tolerance
   vehicle_surrogate
   vehicle_surrogate.heading_samples_sha256
   vehicle_surrogate.horizon_summaries
   vehicle_surrogate.horizon_summaries[]
   vehicle_surrogate.horizon_summaries[].angular_span_max_rad
   vehicle_surrogate.horizon_summaries[].angular_span_mean_rad
   vehicle_surrogate.horizon_summaries[].horizon_s
   vehicle_surrogate.horizon_summaries[].oncoming_fraction
   vehicle_surrogate.horizon_summaries[].oncoming_samples
   vehicle_surrogate.horizon_summaries[].preceding_samples
   vehicle_surrogate.horizon_summaries[].range_far_max_m
   vehicle_surrogate.horizon_summaries[].range_far_mean_m
   vehicle_surrogate.horizon_summaries[].range_near_mean_m
   vehicle_surrogate.horizon_summaries[].range_near_min_m
   vehicle_surrogate.horizon_summaries[].sample_count
   vehicle_surrogate.horizon_summaries[].theta_center_mean_rad
   vehicle_surrogate.horizon_summaries[].z_max_mean_m
   vehicle_surrogate.horizon_summaries[].z_min_mean_m
   vehicle_surrogate.oncoming
   vehicle_surrogate.physical_annotation_claim
   vehicle_surrogate.preceding
   vehicle_surrogate.samplewise_projection_sha256
   vehicle_surrogate.trajectory_samples_sha256
   vehicle_surrogate.vertical_actuator_claim

FILE = artifacts/block66/part3c_vehicle_surrogate_replay_cache/vehicle_0030__d6a50bc55ce5f19e__s3trk-000057.json
   causality.future_GT
   full_box_parity_exact
   full_box_parity_tolerance
   vehicle_surrogate
   vehicle_surrogate.heading_samples_sha256
   vehicle_surrogate.horizon_summaries
   vehicle_surrogate.horizon_summaries[]
   vehicle_surrogate.horizon_summaries[].angular_span_max_rad
   vehicle_surrogate.horizon_summaries[].angular_span_mean_rad
   vehicle_surrogate.horizon_summaries[].horizon_s
   vehicle_surrogate.horizon_summaries[].oncoming_fraction
   vehicle_surrogate.horizon_summaries[].oncoming_samples
   vehicle_surrogate.horizon_summaries[].preceding_samples
   vehicle_surrogate.horizon_summaries[].range_far_max_m
   vehicle_surrogate.horizon_summaries[].range_far_mean_m
   vehicle_surrogate.horizon_summaries[].range_near_mean_m
   vehicle_surrogate.horizon_summaries[].range_near_min_m
   vehicle_surrogate.horizon_summaries[].sample_count
   vehicle_surrogate.horizon_summaries[].theta_center_mean_rad
   vehicle_surrogate.horizon_summaries[].z_max_mean_m
   vehicle_surrogate.horizon_summaries[].z_min_mean_m
   vehicle_surrogate.oncoming
   vehicle_surrogate.physical_annotation_claim
   vehicle_surrogate.preceding
   vehicle_surrogate.samplewise_projection_sha256
   vehicle_surrogate.trajectory_samples_sha256
   vehicle_surrogate.vertical_actuator_claim

FILE = artifacts/block66/part3c_vehicle_surrogate_replay_cache/vehicle_0031__d6a50bc55ce5f19e__s3trk-000033.json
   causality.future_GT
   full_box_parity_exact
   full_box_parity_tolerance
   vehicle_surrogate
   vehicle_surrogate.heading_samples_sha256
   vehicle_surrogate.horizon_summaries
   vehicle_surrogate.horizon_summaries[]
   vehicle_surrogate.horizon_summaries[].angular_span_max_rad
   vehicle_surrogate.horizon_summaries[].angular_span_mean_rad
   vehicle_surrogate.horizon_summaries[].horizon_s
   vehicle_surrogate.horizon_summaries[].oncoming_fraction
   vehicle_surrogate.horizon_summaries[].oncoming_samples
   vehicle_surrogate.horizon_summaries[].preceding_samples
   vehicle_surrogate.horizon_summaries[].range_far_max_m
   vehicle_surrogate.horizon_summaries[].range_far_mean_m
   vehicle_surrogate.horizon_summaries[].range_near_mean_m
   vehicle_surrogate.horizon_summaries[].range_near_min_m
   vehicle_surrogate.horizon_summaries[].sample_count
   vehicle_surrogate.horizon_summaries[].theta_center_mean_rad
   vehicle_surrogate.horizon_summaries[].z_max_mean_m
   vehicle_surrogate.horizon_summaries[].z_min_mean_m
   vehicle_surrogate.oncoming
   vehicle_surrogate.physical_annotation_claim
   vehicle_surrogate.preceding
   vehicle_surrogate.samplewise_projection_sha256
   vehicle_surrogate.trajectory_samples_sha256
   vehicle_surrogate.vertical_actuator_claim

FILE = artifacts/block66/part3c_vehicle_surrogate_replay_cache/vehicle_0032__d6a50bc55ce5f19e__s3trk-000050.json
   causality.future_GT
   full_box_parity_exact
   full_box_parity_tolerance
   vehicle_surrogate
   vehicle_surrogate.heading_samples_sha256
   vehicle_surrogate.horizon_summaries
   vehicle_surrogate.horizon_summaries[]
   vehicle_surrogate.horizon_summaries[].angular_span_max_rad
   vehicle_surrogate.horizon_summaries[].angular_span_mean_rad
   vehicle_surrogate.horizon_summaries[].horizon_s
   vehicle_surrogate.horizon_summaries[].oncoming_fraction
   vehicle_surrogate.horizon_summaries[].oncoming_samples
   vehicle_surrogate.horizon_summaries[].preceding_samples
   vehicle_surrogate.horizon_summaries[].range_far_max_m
   vehicle_surrogate.horizon_summaries[].range_far_mean_m
   vehicle_surrogate.horizon_summaries[].range_near_mean_m
   vehicle_surrogate.horizon_summaries[].range_near_min_m
   vehicle_surrogate.horizon_summaries[].sample_count
   vehicle_surrogate.horizon_summaries[].theta_center_mean_rad
   vehicle_surrogate.horizon_summaries[].z_max_mean_m
   vehicle_surrogate.horizon_summaries[].z_min_mean_m
   vehicle_surrogate.oncoming
   vehicle_surrogate.physical_annotation_claim
   vehicle_surrogate.preceding
   vehicle_surrogate.samplewise_projection_sha256
   vehicle_surrogate.trajectory_samples_sha256
   vehicle_surrogate.vertical_actuator_claim

FILE = artifacts/block66/part3c_vehicle_surrogate_replay_cache/vehicle_0033__d6a50bc55ce5f19e__s3trk-000006.json
   causality.future_GT
   full_box_parity_exact
   full_box_parity_tolerance
   vehicle_surrogate
   vehicle_surrogate.heading_samples_sha256
   vehicle_surrogate.horizon_summaries
   vehicle_surrogate.horizon_summaries[]
   vehicle_surrogate.horizon_summaries[].angular_span_max_rad
   vehicle_surrogate.horizon_summaries[].angular_span_mean_rad
   vehicle_surrogate.horizon_summaries[].horizon_s
   vehicle_surrogate.horizon_summaries[].oncoming_fraction
   vehicle_surrogate.horizon_summaries[].oncoming_samples
   vehicle_surrogate.horizon_summaries[].preceding_samples
   vehicle_surrogate.horizon_summaries[].range_far_max_m
   vehicle_surrogate.horizon_summaries[].range_far_mean_m
   vehicle_surrogate.horizon_summaries[].range_near_mean_m
   vehicle_surrogate.horizon_summaries[].range_near_min_m
   vehicle_surrogate.horizon_summaries[].sample_count
   vehicle_surrogate.horizon_summaries[].theta_center_mean_rad
   vehicle_surrogate.horizon_summaries[].z_max_mean_m
   vehicle_surrogate.horizon_summaries[].z_min_mean_m
   vehicle_surrogate.oncoming
   vehicle_surrogate.physical_annotation_claim
   vehicle_surrogate.preceding
   vehicle_surrogate.samplewise_projection_sha256
   vehicle_surrogate.trajectory_samples_sha256
   vehicle_surrogate.vertical_actuator_claim

FILE = artifacts/block66/part3c_vehicle_surrogate_replay_cache/vehicle_0034__d6a50bc55ce5f19e__s3trk-000008.json
   causality.future_GT
   full_box_parity_exact
   full_box_parity_tolerance
   vehicle_surrogate
   vehicle_surrogate.heading_samples_sha256
   vehicle_surrogate.horizon_summaries
   vehicle_surrogate.horizon_summaries[]
   vehicle_surrogate.horizon_summaries[].angular_span_max_rad
   vehicle_surrogate.horizon_summaries[].angular_span_mean_rad
   vehicle_surrogate.horizon_summaries[].horizon_s
   vehicle_surrogate.horizon_summaries[].oncoming_fraction
   vehicle_surrogate.horizon_summaries[].oncoming_samples
   vehicle_surrogate.horizon_summaries[].preceding_samples
   vehicle_surrogate.horizon_summaries[].range_far_max_m
   vehicle_surrogate.horizon_summaries[].range_far_mean_m
   vehicle_surrogate.horizon_summaries[].range_near_mean_m
   vehicle_surrogate.horizon_summaries[].range_near_min_m
   vehicle_surrogate.horizon_summaries[].sample_count
   vehicle_surrogate.horizon_summaries[].theta_center_mean_rad
   vehicle_surrogate.horizon_summaries[].z_max_mean_m
   vehicle_surrogate.horizon_summaries[].z_min_mean_m
   vehicle_surrogate.oncoming
   vehicle_surrogate.physical_annotation_claim
   vehicle_surrogate.preceding
   vehicle_surrogate.samplewise_projection_sha256
   vehicle_surrogate.trajectory_samples_sha256
   vehicle_surrogate.vertical_actuator_claim

FILE = artifacts/block66/part3c_vehicle_surrogate_replay_cache/vehicle_0035__d6a50bc55ce5f19e__s3trk-000042.json
   causality.future_GT
   full_box_parity_exact
   full_box_parity_tolerance
   vehicle_surrogate
   vehicle_surrogate.heading_samples_sha256
   vehicle_surrogate.horizon_summaries
   vehicle_surrogate.horizon_summaries[]
   vehicle_surrogate.horizon_summaries[].angular_span_max_rad
   vehicle_surrogate.horizon_summaries[].angular_span_mean_rad
   vehicle_surrogate.horizon_summaries[].horizon_s
   vehicle_surrogate.horizon_summaries[].oncoming_fraction
   vehicle_surrogate.horizon_summaries[].oncoming_samples
   vehicle_surrogate.horizon_summaries[].preceding_samples
   vehicle_surrogate.horizon_summaries[].range_far_max_m
   vehicle_surrogate.horizon_summaries[].range_far_mean_m
   vehicle_surrogate.horizon_summaries[].range_near_mean_m
   vehicle_surrogate.horizon_summaries[].range_near_min_m
   vehicle_surrogate.horizon_summaries[].sample_count
   vehicle_surrogate.horizon_summaries[].theta_center_mean_rad
   vehicle_surrogate.horizon_summaries[].z_max_mean_m
   vehicle_surrogate.horizon_summaries[].z_min_mean_m
   vehicle_surrogate.oncoming
   vehicle_surrogate.physical_annotation_claim
   vehicle_surrogate.preceding
   vehicle_surrogate.samplewise_projection_sha256
   vehicle_surrogate.trajectory_samples_sha256
   vehicle_surrogate.vertical_actuator_claim

FILE = artifacts/block66/part3c_vehicle_surrogate_replay_cache/vehicle_0036__d6a50bc55ce5f19e__s3trk-000007.json
   causality.future_GT
   full_box_parity_exact
   full_box_parity_tolerance
   vehicle_surrogate
   vehicle_surrogate.heading_samples_sha256
   vehicle_surrogate.horizon_summaries
   vehicle_surrogate.horizon_summaries[]
   vehicle_surrogate.horizon_summaries[].angular_span_max_rad
   vehicle_surrogate.horizon_summaries[].angular_span_mean_rad
   vehicle_surrogate.horizon_summaries[].horizon_s
   vehicle_surrogate.horizon_summaries[].oncoming_fraction
   vehicle_surrogate.horizon_summaries[].oncoming_samples
   vehicle_surrogate.horizon_summaries[].preceding_samples
   vehicle_surrogate.horizon_summaries[].range_far_max_m
   vehicle_surrogate.horizon_summaries[].range_far_mean_m
   vehicle_surrogate.horizon_summaries[].range_near_mean_m
   vehicle_surrogate.horizon_summaries[].range_near_min_m
   vehicle_surrogate.horizon_summaries[].sample_count
   vehicle_surrogate.horizon_summaries[].theta_center_mean_rad
   vehicle_surrogate.horizon_summaries[].z_max_mean_m
   vehicle_surrogate.horizon_summaries[].z_min_mean_m
   vehicle_surrogate.oncoming
   vehicle_surrogate.physical_annotation_claim
   vehicle_surrogate.preceding
   vehicle_surrogate.samplewise_projection_sha256
   vehicle_surrogate.trajectory_samples_sha256
   vehicle_surrogate.vertical_actuator_claim

FILE = artifacts/block66/part3c_vehicle_surrogate_replay_cache/vehicle_0037__d6a50bc55ce5f19e__s3trk-000024.json
   causality.future_GT
   full_box_parity_exact
   full_box_parity_tolerance
   vehicle_surrogate
   vehicle_surrogate.heading_samples_sha256
   vehicle_surrogate.horizon_summaries
   vehicle_surrogate.horizon_summaries[]
   vehicle_surrogate.horizon_summaries[].angular_span_max_rad
   vehicle_surrogate.horizon_summaries[].angular_span_mean_rad
   vehicle_surrogate.horizon_summaries[].horizon_s
   vehicle_surrogate.horizon_summaries[].oncoming_fraction
   vehicle_surrogate.horizon_summaries[].oncoming_samples
   vehicle_surrogate.horizon_summaries[].preceding_samples
   vehicle_surrogate.horizon_summaries[].range_far_max_m
   vehicle_surrogate.horizon_summaries[].range_far_mean_m
   vehicle_surrogate.horizon_summaries[].range_near_mean_m
   vehicle_surrogate.horizon_summaries[].range_near_min_m
   vehicle_surrogate.horizon_summaries[].sample_count
   vehicle_surrogate.horizon_summaries[].theta_center_mean_rad
   vehicle_surrogate.horizon_summaries[].z_max_mean_m
   vehicle_surrogate.horizon_summaries[].z_min_mean_m
   vehicle_surrogate.oncoming
   vehicle_surrogate.physical_annotation_claim
   vehicle_surrogate.preceding
   vehicle_surrogate.samplewise_projection_sha256
   vehicle_surrogate.trajectory_samples_sha256
   vehicle_surrogate.vertical_actuator_claim

FILE = artifacts/block66/part3c_vehicle_surrogate_replay_cache/vehicle_0038__d6a50bc55ce5f19e__s3trk-000020.json
   causality.future_GT
   full_box_parity_exact
   full_box_parity_tolerance
   vehicle_surrogate
   vehicle_surrogate.heading_samples_sha256
   vehicle_surrogate.horizon_summaries
   vehicle_surrogate.horizon_summaries[]
   vehicle_surrogate.horizon_summaries[].angular_span_max_rad
   vehicle_surrogate.horizon_summaries[].angular_span_mean_rad
   vehicle_surrogate.horizon_summaries[].horizon_s
   vehicle_surrogate.horizon_summaries[].oncoming_fraction
   vehicle_surrogate.horizon_summaries[].oncoming_samples
   vehicle_surrogate.horizon_summaries[].preceding_samples
   vehicle_surrogate.horizon_summaries[].range_far_max_m
   vehicle_surrogate.horizon_summaries[].range_far_mean_m
   vehicle_surrogate.horizon_summaries[].range_near_mean_m
   vehicle_surrogate.horizon_summaries[].range_near_min_m
   vehicle_surrogate.horizon_summaries[].sample_count
   vehicle_surrogate.horizon_summaries[].theta_center_mean_rad
   vehicle_surrogate.horizon_summaries[].z_max_mean_m
   vehicle_surrogate.horizon_summaries[].z_min_mean_m
   vehicle_surrogate.oncoming
   vehicle_surrogate.physical_annotation_claim
   vehicle_surrogate.preceding
   vehicle_surrogate.samplewise_projection_sha256
   vehicle_surrogate.trajectory_samples_sha256
   vehicle_surrogate.vertical_actuator_claim

FILE = artifacts/block66/part3c_vehicle_surrogate_replay_cache/vehicle_0042__418c1e982b7921eb__s3trk-000040.json
   causality.future_GT
   full_box_parity_exact
   full_box_parity_tolerance
   vehicle_surrogate
   vehicle_surrogate.heading_samples_sha256
   vehicle_surrogate.horizon_summaries
   vehicle_surrogate.horizon_summaries[]
   vehicle_surrogate.horizon_summaries[].angular_span_max_rad
   vehicle_surrogate.horizon_summaries[].angular_span_mean_rad
   vehicle_surrogate.horizon_summaries[].horizon_s
   vehicle_surrogate.horizon_summaries[].oncoming_fraction
   vehicle_surrogate.horizon_summaries[].oncoming_samples
   vehicle_surrogate.horizon_summaries[].preceding_samples
   vehicle_surrogate.horizon_summaries[].range_far_max_m
   vehicle_surrogate.horizon_summaries[].range_far_mean_m
   vehicle_surrogate.horizon_summaries[].range_near_mean_m
   vehicle_surrogate.horizon_summaries[].range_near_min_m
   vehicle_surrogate.horizon_summaries[].sample_count
   vehicle_surrogate.horizon_summaries[].theta_center_mean_rad
   vehicle_surrogate.horizon_summaries[].z_max_mean_m
   vehicle_surrogate.horizon_summaries[].z_min_mean_m
   vehicle_surrogate.oncoming
   vehicle_surrogate.physical_annotation_claim
   vehicle_surrogate.preceding
   vehicle_surrogate.samplewise_projection_sha256
   vehicle_surrogate.trajectory_samples_sha256
   vehicle_surrogate.vertical_actuator_claim

FILE = artifacts/block66/part3c_vehicle_surrogate_replay_cache/vehicle_0043__418c1e982b7921eb__s3trk-000015.json
   causality.future_GT
   full_box_parity_exact
   full_box_parity_tolerance
   vehicle_surrogate
   vehicle_surrogate.heading_samples_sha256
   vehicle_surrogate.horizon_summaries
   vehicle_surrogate.horizon_summaries[]
   vehicle_surrogate.horizon_summaries[].angular_span_max_rad
   vehicle_surrogate.horizon_summaries[].angular_span_mean_rad
   vehicle_surrogate.horizon_summaries[].horizon_s
   vehicle_surrogate.horizon_summaries[].oncoming_fraction
   vehicle_surrogate.horizon_summaries[].oncoming_samples
   vehicle_surrogate.horizon_summaries[].preceding_samples
   vehicle_surrogate.horizon_summaries[].range_far_max_m
   vehicle_surrogate.horizon_summaries[].range_far_mean_m
   vehicle_surrogate.horizon_summaries[].range_near_mean_m
   vehicle_surrogate.horizon_summaries[].range_near_min_m
   vehicle_surrogate.horizon_summaries[].sample_count
   vehicle_surrogate.horizon_summaries[].theta_center_mean_rad
   vehicle_surrogate.horizon_summaries[].z_max_mean_m
   vehicle_surrogate.horizon_summaries[].z_min_mean_m
   vehicle_surrogate.oncoming
   vehicle_surrogate.physical_annotation_claim
   vehicle_surrogate.preceding
   vehicle_surrogate.samplewise_projection_sha256
   vehicle_surrogate.trajectory_samples_sha256
   vehicle_surrogate.vertical_actuator_claim

FILE = artifacts/block66/part3c_vehicle_surrogate_replay_cache/vehicle_0044__418c1e982b7921eb__s3trk-000084.json
   causality.future_GT
   full_box_parity_exact
   full_box_parity_tolerance
   vehicle_surrogate
   vehicle_surrogate.heading_samples_sha256
   vehicle_surrogate.horizon_summaries
   vehicle_surrogate.horizon_summaries[]
   vehicle_surrogate.horizon_summaries[].angular_span_max_rad
   vehicle_surrogate.horizon_summaries[].angular_span_mean_rad
   vehicle_surrogate.horizon_summaries[].horizon_s
   vehicle_surrogate.horizon_summaries[].oncoming_fraction
   vehicle_surrogate.horizon_summaries[].oncoming_samples
   vehicle_surrogate.horizon_summaries[].preceding_samples
   vehicle_surrogate.horizon_summaries[].range_far_max_m
   vehicle_surrogate.horizon_summaries[].range_far_mean_m
   vehicle_surrogate.horizon_summaries[].range_near_mean_m
   vehicle_surrogate.horizon_summaries[].range_near_min_m
   vehicle_surrogate.horizon_summaries[].sample_count
   vehicle_surrogate.horizon_summaries[].theta_center_mean_rad
   vehicle_surrogate.horizon_summaries[].z_max_mean_m
   vehicle_surrogate.horizon_summaries[].z_min_mean_m
   vehicle_surrogate.oncoming
   vehicle_surrogate.physical_annotation_claim
   vehicle_surrogate.preceding
   vehicle_surrogate.samplewise_projection_sha256
   vehicle_surrogate.trajectory_samples_sha256
   vehicle_surrogate.vertical_actuator_claim

FILE = artifacts/block66/part3c_vehicle_surrogate_replay_cache/vehicle_0045__418c1e982b7921eb__s3trk-000077.json
   causality.future_GT
   full_box_parity_exact
   full_box_parity_tolerance
   vehicle_surrogate
   vehicle_surrogate.heading_samples_sha256
   vehicle_surrogate.horizon_summaries
   vehicle_surrogate.horizon_summaries[]
   vehicle_surrogate.horizon_summaries[].angular_span_max_rad
   vehicle_surrogate.horizon_summaries[].angular_span_mean_rad
   vehicle_surrogate.horizon_summaries[].horizon_s
   vehicle_surrogate.horizon_summaries[].oncoming_fraction
   vehicle_surrogate.horizon_summaries[].oncoming_samples
   vehicle_surrogate.horizon_summaries[].preceding_samples
   vehicle_surrogate.horizon_summaries[].range_far_max_m
   vehicle_surrogate.horizon_summaries[].range_far_mean_m
   vehicle_surrogate.horizon_summaries[].range_near_mean_m
   vehicle_surrogate.horizon_summaries[].range_near_min_m
   vehicle_surrogate.horizon_summaries[].sample_count
   vehicle_surrogate.horizon_summaries[].theta_center_mean_rad
   vehicle_surrogate.horizon_summaries[].z_max_mean_m
   vehicle_surrogate.horizon_summaries[].z_min_mean_m
   vehicle_surrogate.oncoming
   vehicle_surrogate.physical_annotation_claim
   vehicle_surrogate.preceding
   vehicle_surrogate.samplewise_projection_sha256
   vehicle_surrogate.trajectory_samples_sha256
   vehicle_surrogate.vertical_actuator_claim

FILE = artifacts/block66/part3c_vehicle_surrogate_replay_cache/vehicle_0046__418c1e982b7921eb__s3trk-000010.json
   causality.future_GT
   full_box_parity_exact
   full_box_parity_tolerance
   vehicle_surrogate
   vehicle_surrogate.heading_samples_sha256
   vehicle_surrogate.horizon_summaries
   vehicle_surrogate.horizon_summaries[]
   vehicle_surrogate.horizon_summaries[].angular_span_max_rad
   vehicle_surrogate.horizon_summaries[].angular_span_mean_rad
   vehicle_surrogate.horizon_summaries[].horizon_s
   vehicle_surrogate.horizon_summaries[].oncoming_fraction
   vehicle_surrogate.horizon_summaries[].oncoming_samples
   vehicle_surrogate.horizon_summaries[].preceding_samples
   vehicle_surrogate.horizon_summaries[].range_far_max_m
   vehicle_surrogate.horizon_summaries[].range_far_mean_m
   vehicle_surrogate.horizon_summaries[].range_near_mean_m
   vehicle_surrogate.horizon_summaries[].range_near_min_m
   vehicle_surrogate.horizon_summaries[].sample_count
   vehicle_surrogate.horizon_summaries[].theta_center_mean_rad
   vehicle_surrogate.horizon_summaries[].z_max_mean_m
   vehicle_surrogate.horizon_summaries[].z_min_mean_m
   vehicle_surrogate.oncoming
   vehicle_surrogate.physical_annotation_claim
   vehicle_surrogate.preceding
   vehicle_surrogate.samplewise_projection_sha256
   vehicle_surrogate.trajectory_samples_sha256
   vehicle_surrogate.vertical_actuator_claim

FILE = artifacts/block66/part3c_vehicle_surrogate_replay_cache/vehicle_0047__418c1e982b7921eb__s3trk-000093.json
   causality.future_GT
   full_box_parity_exact
   full_box_parity_tolerance
   vehicle_surrogate
   vehicle_surrogate.heading_samples_sha256
   vehicle_surrogate.horizon_summaries
   vehicle_surrogate.horizon_summaries[]
   vehicle_surrogate.horizon_summaries[].angular_span_max_rad
   vehicle_surrogate.horizon_summaries[].angular_span_mean_rad
   vehicle_surrogate.horizon_summaries[].horizon_s
   vehicle_surrogate.horizon_summaries[].oncoming_fraction
   vehicle_surrogate.horizon_summaries[].oncoming_samples
   vehicle_surrogate.horizon_summaries[].preceding_samples
   vehicle_surrogate.horizon_summaries[].range_far_max_m
   vehicle_surrogate.horizon_summaries[].range_far_mean_m
   vehicle_surrogate.horizon_summaries[].range_near_mean_m
   vehicle_surrogate.horizon_summaries[].range_near_min_m
   vehicle_surrogate.horizon_summaries[].sample_count
   vehicle_surrogate.horizon_summaries[].theta_center_mean_rad
   vehicle_surrogate.horizon_summaries[].z_max_mean_m
   vehicle_surrogate.horizon_summaries[].z_min_mean_m
   vehicle_surrogate.oncoming
   vehicle_surrogate.physical_annotation_claim
   vehicle_surrogate.preceding
   vehicle_surrogate.samplewise_projection_sha256
   vehicle_surrogate.trajectory_samples_sha256
   vehicle_surrogate.vertical_actuator_claim

FILE = artifacts/block66/part3c_vehicle_surrogate_replay_cache/vehicle_0048__418c1e982b7921eb__s3trk-000032.json
   causality.future_GT
   full_box_parity_exact
   full_box_parity_tolerance
   vehicle_surrogate
   vehicle_surrogate.heading_samples_sha256
   vehicle_surrogate.horizon_summaries
   vehicle_surrogate.horizon_summaries[]
   vehicle_surrogate.horizon_summaries[].angular_span_max_rad
   vehicle_surrogate.horizon_summaries[].angular_span_mean_rad
   vehicle_surrogate.horizon_summaries[].horizon_s
   vehicle_surrogate.horizon_summaries[].oncoming_fraction
   vehicle_surrogate.horizon_summaries[].oncoming_samples
   vehicle_surrogate.horizon_summaries[].preceding_samples
   vehicle_surrogate.horizon_summaries[].range_far_max_m
   vehicle_surrogate.horizon_summaries[].range_far_mean_m
   vehicle_surrogate.horizon_summaries[].range_near_mean_m
   vehicle_surrogate.horizon_summaries[].range_near_min_m
   vehicle_surrogate.horizon_summaries[].sample_count
   vehicle_surrogate.horizon_summaries[].theta_center_mean_rad
   vehicle_surrogate.horizon_summaries[].z_max_mean_m
   vehicle_surrogate.horizon_summaries[].z_min_mean_m
   vehicle_surrogate.oncoming
   vehicle_surrogate.physical_annotation_claim
   vehicle_surrogate.preceding
   vehicle_surrogate.samplewise_projection_sha256
   vehicle_surrogate.trajectory_samples_sha256
   vehicle_surrogate.vertical_actuator_claim

FILE = artifacts/block66/part3c_vehicle_surrogate_replay_cache/vehicle_0049__418c1e982b7921eb__s3trk-000095.json
   causality.future_GT
   full_box_parity_exact
   full_box_parity_tolerance
   vehicle_surrogate
   vehicle_surrogate.heading_samples_sha256
   vehicle_surrogate.horizon_summaries
   vehicle_surrogate.horizon_summaries[]
   vehicle_surrogate.horizon_summaries[].angular_span_max_rad
   vehicle_surrogate.horizon_summaries[].angular_span_mean_rad
   vehicle_surrogate.horizon_summaries[].horizon_s
   vehicle_surrogate.horizon_summaries[].oncoming_fraction
   vehicle_surrogate.horizon_summaries[].oncoming_samples
   vehicle_surrogate.horizon_summaries[].preceding_samples
   vehicle_surrogate.horizon_summaries[].range_far_max_m
   vehicle_surrogate.horizon_summaries[].range_far_mean_m
   vehicle_surrogate.horizon_summaries[].range_near_mean_m
   vehicle_surrogate.horizon_summaries[].range_near_min_m
   vehicle_surrogate.horizon_summaries[].sample_count
   vehicle_surrogate.horizon_summaries[].theta_center_mean_rad
   vehicle_surrogate.horizon_summaries[].z_max_mean_m
   vehicle_surrogate.horizon_summaries[].z_min_mean_m
   vehicle_surrogate.oncoming
   vehicle_surrogate.physical_annotation_claim
   vehicle_surrogate.preceding
   vehicle_surrogate.samplewise_projection_sha256
   vehicle_surrogate.trajectory_samples_sha256
   vehicle_surrogate.vertical_actuator_claim

FILE = artifacts/block66/part3c_vehicle_surrogate_replay_cache/vehicle_0051__418c1e982b7921eb__s3trk-000063.json
   causality.future_GT
   full_box_parity_exact
   full_box_parity_tolerance
   vehicle_surrogate
   vehicle_surrogate.heading_samples_sha256
   vehicle_surrogate.horizon_summaries
   vehicle_surrogate.horizon_summaries[]
   vehicle_surrogate.horizon_summaries[].angular_span_max_rad
   vehicle_surrogate.horizon_summaries[].angular_span_mean_rad
   vehicle_surrogate.horizon_summaries[].horizon_s
   vehicle_surrogate.horizon_summaries[].oncoming_fraction
   vehicle_surrogate.horizon_summaries[].oncoming_samples
   vehicle_surrogate.horizon_summaries[].preceding_samples
   vehicle_surrogate.horizon_summaries[].range_far_max_m
   vehicle_surrogate.horizon_summaries[].range_far_mean_m
   vehicle_surrogate.horizon_summaries[].range_near_mean_m
   vehicle_surrogate.horizon_summaries[].range_near_min_m
   vehicle_surrogate.horizon_summaries[].sample_count
   vehicle_surrogate.horizon_summaries[].theta_center_mean_rad
   vehicle_surrogate.horizon_summaries[].z_max_mean_m
   vehicle_surrogate.horizon_summaries[].z_min_mean_m
   vehicle_surrogate.oncoming
   vehicle_surrogate.physical_annotation_claim
   vehicle_surrogate.preceding
   vehicle_surrogate.samplewise_projection_sha256
   vehicle_surrogate.trajectory_samples_sha256
   vehicle_surrogate.vertical_actuator_claim

FILE = artifacts/block66/part3c_vehicle_surrogate_replay_cache/vehicle_0052__418c1e982b7921eb__s3trk-000106.json
   causality.future_GT
   full_box_parity_exact
   full_box_parity_tolerance
   vehicle_surrogate
   vehicle_surrogate.heading_samples_sha256
   vehicle_surrogate.horizon_summaries
   vehicle_surrogate.horizon_summaries[]
   vehicle_surrogate.horizon_summaries[].angular_span_max_rad
   vehicle_surrogate.horizon_summaries[].angular_span_mean_rad
   vehicle_surrogate.horizon_summaries[].horizon_s
   vehicle_surrogate.horizon_summaries[].oncoming_fraction
   vehicle_surrogate.horizon_summaries[].oncoming_samples
   vehicle_surrogate.horizon_summaries[].preceding_samples
   vehicle_surrogate.horizon_summaries[].range_far_max_m
   vehicle_surrogate.horizon_summaries[].range_far_mean_m
   vehicle_surrogate.horizon_summaries[].range_near_mean_m
   vehicle_surrogate.horizon_summaries[].range_near_min_m
   vehicle_surrogate.horizon_summaries[].sample_count
   vehicle_surrogate.horizon_summaries[].theta_center_mean_rad
   vehicle_surrogate.horizon_summaries[].z_max_mean_m
   vehicle_surrogate.horizon_summaries[].z_min_mean_m
   vehicle_surrogate.oncoming
   vehicle_surrogate.physical_annotation_claim
   vehicle_surrogate.preceding
   vehicle_surrogate.samplewise_projection_sha256
   vehicle_surrogate.trajectory_samples_sha256
   vehicle_surrogate.vertical_actuator_claim

FILE = artifacts/block66/part3c_vehicle_surrogate_replay_cache/vehicle_0053__418c1e982b7921eb__s3trk-000002.json
   causality.future_GT
   full_box_parity_exact
   full_box_parity_tolerance
   vehicle_surrogate
   vehicle_surrogate.heading_samples_sha256
   vehicle_surrogate.horizon_summaries
   vehicle_surrogate.horizon_summaries[]
   vehicle_surrogate.horizon_summaries[].angular_span_max_rad
   vehicle_surrogate.horizon_summaries[].angular_span_mean_rad
   vehicle_surrogate.horizon_summaries[].horizon_s
   vehicle_surrogate.horizon_summaries[].oncoming_fraction
   vehicle_surrogate.horizon_summaries[].oncoming_samples
   vehicle_surrogate.horizon_summaries[].preceding_samples
   vehicle_surrogate.horizon_summaries[].range_far_max_m
   vehicle_surrogate.horizon_summaries[].range_far_mean_m
   vehicle_surrogate.horizon_summaries[].range_near_mean_m
   vehicle_surrogate.horizon_summaries[].range_near_min_m
   vehicle_surrogate.horizon_summaries[].sample_count
   vehicle_surrogate.horizon_summaries[].theta_center_mean_rad
   vehicle_surrogate.horizon_summaries[].z_max_mean_m
   vehicle_surrogate.horizon_summaries[].z_min_mean_m
   vehicle_surrogate.oncoming
   vehicle_surrogate.physical_annotation_claim
   vehicle_surrogate.preceding
   vehicle_surrogate.samplewise_projection_sha256
   vehicle_surrogate.trajectory_samples_sha256
   vehicle_surrogate.vertical_actuator_claim

FILE = artifacts/block66/part3c_vehicle_surrogate_replay_cache/vehicle_0054__418c1e982b7921eb__s3trk-000111.json
   causality.future_GT
   full_box_parity_exact
   full_box_parity_tolerance
   vehicle_surrogate
   vehicle_surrogate.heading_samples_sha256
   vehicle_surrogate.horizon_summaries
   vehicle_surrogate.horizon_summaries[]
   vehicle_surrogate.horizon_summaries[].angular_span_max_rad
   vehicle_surrogate.horizon_summaries[].angular_span_mean_rad
   vehicle_surrogate.horizon_summaries[].horizon_s
   vehicle_surrogate.horizon_summaries[].oncoming_fraction
   vehicle_surrogate.horizon_summaries[].oncoming_samples
   vehicle_surrogate.horizon_summaries[].preceding_samples
   vehicle_surrogate.horizon_summaries[].range_far_max_m
   vehicle_surrogate.horizon_summaries[].range_far_mean_m
   vehicle_surrogate.horizon_summaries[].range_near_mean_m
   vehicle_surrogate.horizon_summaries[].range_near_min_m
   vehicle_surrogate.horizon_summaries[].sample_count
   vehicle_surrogate.horizon_summaries[].theta_center_mean_rad
   vehicle_surrogate.horizon_summaries[].z_max_mean_m
   vehicle_surrogate.horizon_summaries[].z_min_mean_m
   vehicle_surrogate.oncoming
   vehicle_surrogate.physical_annotation_claim
   vehicle_surrogate.preceding
   vehicle_surrogate.samplewise_projection_sha256
   vehicle_surrogate.trajectory_samples_sha256
   vehicle_surrogate.vertical_actuator_claim

FILE = artifacts/block66/part3c_vehicle_surrogate_replay_cache/vehicle_0055__e970e71b3969f6a8__s3trk-000026.json
   causality.future_GT
   full_box_parity_exact
   full_box_parity_tolerance
   vehicle_surrogate
   vehicle_surrogate.heading_samples_sha256
   vehicle_surrogate.horizon_summaries
   vehicle_surrogate.horizon_summaries[]
   vehicle_surrogate.horizon_summaries[].angular_span_max_rad
   vehicle_surrogate.horizon_summaries[].angular_span_mean_rad
   vehicle_surrogate.horizon_summaries[].horizon_s
   vehicle_surrogate.horizon_summaries[].oncoming_fraction
   vehicle_surrogate.horizon_summaries[].oncoming_samples
   vehicle_surrogate.horizon_summaries[].preceding_samples
   vehicle_surrogate.horizon_summaries[].range_far_max_m
   vehicle_surrogate.horizon_summaries[].range_far_mean_m
   vehicle_surrogate.horizon_summaries[].range_near_mean_m
   vehicle_surrogate.horizon_summaries[].range_near_min_m
   vehicle_surrogate.horizon_summaries[].sample_count
   vehicle_surrogate.horizon_summaries[].theta_center_mean_rad
   vehicle_surrogate.horizon_summaries[].z_max_mean_m
   vehicle_surrogate.horizon_summaries[].z_min_mean_m
   vehicle_surrogate.oncoming
   vehicle_surrogate.physical_annotation_claim
   vehicle_surrogate.preceding
   vehicle_surrogate.samplewise_projection_sha256
   vehicle_surrogate.trajectory_samples_sha256
   vehicle_surrogate.vertical_actuator_claim

FILE = artifacts/block66/part3c_vehicle_surrogate_replay_cache/vehicle_0056__e970e71b3969f6a8__s3trk-000049.json
   causality.future_GT
   full_box_parity_exact
   full_box_parity_tolerance
   vehicle_surrogate
   vehicle_surrogate.heading_samples_sha256
   vehicle_surrogate.horizon_summaries
   vehicle_surrogate.horizon_summaries[]
   vehicle_surrogate.horizon_summaries[].angular_span_max_rad
   vehicle_surrogate.horizon_summaries[].angular_span_mean_rad
   vehicle_surrogate.horizon_summaries[].horizon_s
   vehicle_surrogate.horizon_summaries[].oncoming_fraction
   vehicle_surrogate.horizon_summaries[].oncoming_samples
   vehicle_surrogate.horizon_summaries[].preceding_samples
   vehicle_surrogate.horizon_summaries[].range_far_max_m
   vehicle_surrogate.horizon_summaries[].range_far_mean_m
   vehicle_surrogate.horizon_summaries[].range_near_mean_m
   vehicle_surrogate.horizon_summaries[].range_near_min_m
   vehicle_surrogate.horizon_summaries[].sample_count
   vehicle_surrogate.horizon_summaries[].theta_center_mean_rad
   vehicle_surrogate.horizon_summaries[].z_max_mean_m
   vehicle_surrogate.horizon_summaries[].z_min_mean_m
   vehicle_surrogate.oncoming
   vehicle_surrogate.physical_annotation_claim
   vehicle_surrogate.preceding
   vehicle_surrogate.samplewise_projection_sha256
   vehicle_surrogate.trajectory_samples_sha256
   vehicle_surrogate.vertical_actuator_claim

FILE = artifacts/block66/part3c_vehicle_surrogate_replay_cache/vehicle_0057__e970e71b3969f6a8__s3trk-000038.json
   causality.future_GT
   full_box_parity_exact
   full_box_parity_tolerance
   vehicle_surrogate
   vehicle_surrogate.heading_samples_sha256
   vehicle_surrogate.horizon_summaries
   vehicle_surrogate.horizon_summaries[]
   vehicle_surrogate.horizon_summaries[].angular_span_max_rad
   vehicle_surrogate.horizon_summaries[].angular_span_mean_rad
   vehicle_surrogate.horizon_summaries[].horizon_s
   vehicle_surrogate.horizon_summaries[].oncoming_fraction
   vehicle_surrogate.horizon_summaries[].oncoming_samples
   vehicle_surrogate.horizon_summaries[].preceding_samples
   vehicle_surrogate.horizon_summaries[].range_far_max_m
   vehicle_surrogate.horizon_summaries[].range_far_mean_m
   vehicle_surrogate.horizon_summaries[].range_near_mean_m
   vehicle_surrogate.horizon_summaries[].range_near_min_m
   vehicle_surrogate.horizon_summaries[].sample_count
   vehicle_surrogate.horizon_summaries[].theta_center_mean_rad
   vehicle_surrogate.horizon_summaries[].z_max_mean_m
   vehicle_surrogate.horizon_summaries[].z_min_mean_m
   vehicle_surrogate.oncoming
   vehicle_surrogate.physical_annotation_claim
   vehicle_surrogate.preceding
   vehicle_surrogate.samplewise_projection_sha256
   vehicle_surrogate.trajectory_samples_sha256
   vehicle_surrogate.vertical_actuator_claim

FILE = artifacts/block66/part3c_vehicle_surrogate_replay_cache/vehicle_0058__e970e71b3969f6a8__s3trk-000016.json
   causality.future_GT
   full_box_parity_exact
   full_box_parity_tolerance
   vehicle_surrogate
   vehicle_surrogate.heading_samples_sha256
   vehicle_surrogate.horizon_summaries
   vehicle_surrogate.horizon_summaries[]
   vehicle_surrogate.horizon_summaries[].angular_span_max_rad
   vehicle_surrogate.horizon_summaries[].angular_span_mean_rad
   vehicle_surrogate.horizon_summaries[].horizon_s
   vehicle_surrogate.horizon_summaries[].oncoming_fraction
   vehicle_surrogate.horizon_summaries[].oncoming_samples
   vehicle_surrogate.horizon_summaries[].preceding_samples
   vehicle_surrogate.horizon_summaries[].range_far_max_m
   vehicle_surrogate.horizon_summaries[].range_far_mean_m
   vehicle_surrogate.horizon_summaries[].range_near_mean_m
   vehicle_surrogate.horizon_summaries[].range_near_min_m
   vehicle_surrogate.horizon_summaries[].sample_count
   vehicle_surrogate.horizon_summaries[].theta_center_mean_rad
   vehicle_surrogate.horizon_summaries[].z_max_mean_m
   vehicle_surrogate.horizon_summaries[].z_min_mean_m
   vehicle_surrogate.oncoming
   vehicle_surrogate.physical_annotation_claim
   vehicle_surrogate.preceding
   vehicle_surrogate.samplewise_projection_sha256
   vehicle_surrogate.trajectory_samples_sha256
   vehicle_surrogate.vertical_actuator_claim

FILE = artifacts/block66/part3c_vehicle_surrogate_replay_cache/vehicle_0059__e970e71b3969f6a8__s3trk-000024.json
   causality.future_GT
   full_box_parity_exact
   full_box_parity_tolerance
   vehicle_surrogate
   vehicle_surrogate.heading_samples_sha256
   vehicle_surrogate.horizon_summaries
   vehicle_surrogate.horizon_summaries[]
   vehicle_surrogate.horizon_summaries[].angular_span_max_rad
   vehicle_surrogate.horizon_summaries[].angular_span_mean_rad
   vehicle_surrogate.horizon_summaries[].horizon_s
   vehicle_surrogate.horizon_summaries[].oncoming_fraction
   vehicle_surrogate.horizon_summaries[].oncoming_samples
   vehicle_surrogate.horizon_summaries[].preceding_samples
   vehicle_surrogate.horizon_summaries[].range_far_max_m
   vehicle_surrogate.horizon_summaries[].range_far_mean_m
   vehicle_surrogate.horizon_summaries[].range_near_mean_m
   vehicle_surrogate.horizon_summaries[].range_near_min_m
   vehicle_surrogate.horizon_summaries[].sample_count
   vehicle_surrogate.horizon_summaries[].theta_center_mean_rad
   vehicle_surrogate.horizon_summaries[].z_max_mean_m
   vehicle_surrogate.horizon_summaries[].z_min_mean_m
   vehicle_surrogate.oncoming
   vehicle_surrogate.physical_annotation_claim
   vehicle_surrogate.preceding
   vehicle_surrogate.samplewise_projection_sha256
   vehicle_surrogate.trajectory_samples_sha256
   vehicle_surrogate.vertical_actuator_claim

FILE = artifacts/block66/part3c_vehicle_surrogate_replay_cache/vehicle_0060__e970e71b3969f6a8__s3trk-000014.json
   causality.future_GT
   full_box_parity_exact
   full_box_parity_tolerance
   vehicle_surrogate
   vehicle_surrogate.heading_samples_sha256
   vehicle_surrogate.horizon_summaries
   vehicle_surrogate.horizon_summaries[]
   vehicle_surrogate.horizon_summaries[].angular_span_max_rad
   vehicle_surrogate.horizon_summaries[].angular_span_mean_rad
   vehicle_surrogate.horizon_summaries[].horizon_s
   vehicle_surrogate.horizon_summaries[].oncoming_fraction
   vehicle_surrogate.horizon_summaries[].oncoming_samples
   vehicle_surrogate.horizon_summaries[].preceding_samples
   vehicle_surrogate.horizon_summaries[].range_far_max_m
   vehicle_surrogate.horizon_summaries[].range_far_mean_m
   vehicle_surrogate.horizon_summaries[].range_near_mean_m
   vehicle_surrogate.horizon_summaries[].range_near_min_m
   vehicle_surrogate.horizon_summaries[].sample_count
   vehicle_surrogate.horizon_summaries[].theta_center_mean_rad
   vehicle_surrogate.horizon_summaries[].z_max_mean_m
   vehicle_surrogate.horizon_summaries[].z_min_mean_m
   vehicle_surrogate.oncoming
   vehicle_surrogate.physical_annotation_claim
   vehicle_surrogate.preceding
   vehicle_surrogate.samplewise_projection_sha256
   vehicle_surrogate.trajectory_samples_sha256
   vehicle_surrogate.vertical_actuator_claim

FILE = artifacts/block66/part3c_vehicle_surrogate_replay_cache/vehicle_0061__e970e71b3969f6a8__s3trk-000004.json
   causality.future_GT
   full_box_parity_exact
   full_box_parity_tolerance
   vehicle_surrogate
   vehicle_surrogate.heading_samples_sha256
   vehicle_surrogate.horizon_summaries
   vehicle_surrogate.horizon_summaries[]
   vehicle_surrogate.horizon_summaries[].angular_span_max_rad
   vehicle_surrogate.horizon_summaries[].angular_span_mean_rad
   vehicle_surrogate.horizon_summaries[].horizon_s
   vehicle_surrogate.horizon_summaries[].oncoming_fraction
   vehicle_surrogate.horizon_summaries[].oncoming_samples
   vehicle_surrogate.horizon_summaries[].preceding_samples
   vehicle_surrogate.horizon_summaries[].range_far_max_m
   vehicle_surrogate.horizon_summaries[].range_far_mean_m
   vehicle_surrogate.horizon_summaries[].range_near_mean_m
   vehicle_surrogate.horizon_summaries[].range_near_min_m
   vehicle_surrogate.horizon_summaries[].sample_count
   vehicle_surrogate.horizon_summaries[].theta_center_mean_rad
   vehicle_surrogate.horizon_summaries[].z_max_mean_m
   vehicle_surrogate.horizon_summaries[].z_min_mean_m
   vehicle_surrogate.oncoming
   vehicle_surrogate.physical_annotation_claim
   vehicle_surrogate.preceding
   vehicle_surrogate.samplewise_projection_sha256
   vehicle_surrogate.trajectory_samples_sha256
   vehicle_surrogate.vertical_actuator_claim

FILE = artifacts/block66/part3c_vehicle_surrogate_replay_cache/vehicle_0062__e970e71b3969f6a8__s3trk-000048.json
   causality.future_GT
   full_box_parity_exact
   full_box_parity_tolerance
   vehicle_surrogate
   vehicle_surrogate.heading_samples_sha256
   vehicle_surrogate.horizon_summaries
   vehicle_surrogate.horizon_summaries[]
   vehicle_surrogate.horizon_summaries[].angular_span_max_rad
   vehicle_surrogate.horizon_summaries[].angular_span_mean_rad
   vehicle_surrogate.horizon_summaries[].horizon_s
   vehicle_surrogate.horizon_summaries[].oncoming_fraction
   vehicle_surrogate.horizon_summaries[].oncoming_samples
   vehicle_surrogate.horizon_summaries[].preceding_samples
   vehicle_surrogate.horizon_summaries[].range_far_max_m
   vehicle_surrogate.horizon_summaries[].range_far_mean_m
   vehicle_surrogate.horizon_summaries[].range_near_mean_m
   vehicle_surrogate.horizon_summaries[].range_near_min_m
   vehicle_surrogate.horizon_summaries[].sample_count
   vehicle_surrogate.horizon_summaries[].theta_center_mean_rad
   vehicle_surrogate.horizon_summaries[].z_max_mean_m
   vehicle_surrogate.horizon_summaries[].z_min_mean_m
   vehicle_surrogate.oncoming
   vehicle_surrogate.physical_annotation_claim
   vehicle_surrogate.preceding
   vehicle_surrogate.samplewise_projection_sha256
   vehicle_surrogate.trajectory_samples_sha256
   vehicle_surrogate.vertical_actuator_claim

FILE = artifacts/block66/part3c_vehicle_surrogate_replay_cache/vehicle_0063__e970e71b3969f6a8__s3trk-000019.json
   causality.future_GT
   full_box_parity_exact
   full_box_parity_tolerance
   vehicle_surrogate
   vehicle_surrogate.heading_samples_sha256
   vehicle_surrogate.horizon_summaries
   vehicle_surrogate.horizon_summaries[]
   vehicle_surrogate.horizon_summaries[].angular_span_max_rad
   vehicle_surrogate.horizon_summaries[].angular_span_mean_rad
   vehicle_surrogate.horizon_summaries[].horizon_s
   vehicle_surrogate.horizon_summaries[].oncoming_fraction
   vehicle_surrogate.horizon_summaries[].oncoming_samples
   vehicle_surrogate.horizon_summaries[].preceding_samples
   vehicle_surrogate.horizon_summaries[].range_far_max_m
   vehicle_surrogate.horizon_summaries[].range_far_mean_m
   vehicle_surrogate.horizon_summaries[].range_near_mean_m
   vehicle_surrogate.horizon_summaries[].range_near_min_m
   vehicle_surrogate.horizon_summaries[].sample_count
   vehicle_surrogate.horizon_summaries[].theta_center_mean_rad
   vehicle_surrogate.horizon_summaries[].z_max_mean_m
   vehicle_surrogate.horizon_summaries[].z_min_mean_m
   vehicle_surrogate.oncoming
   vehicle_surrogate.physical_annotation_claim
   vehicle_surrogate.preceding
   vehicle_surrogate.samplewise_projection_sha256
   vehicle_surrogate.trajectory_samples_sha256
   vehicle_surrogate.vertical_actuator_claim

FILE = artifacts/block66/part3c_vehicle_surrogate_replay_cache/vehicle_0064__e970e71b3969f6a8__s3trk-000046.json
   causality.future_GT
   full_box_parity_exact
   full_box_parity_tolerance
   vehicle_surrogate
   vehicle_surrogate.heading_samples_sha256
   vehicle_surrogate.horizon_summaries
   vehicle_surrogate.horizon_summaries[]
   vehicle_surrogate.horizon_summaries[].angular_span_max_rad
   vehicle_surrogate.horizon_summaries[].angular_span_mean_rad
   vehicle_surrogate.horizon_summaries[].horizon_s
   vehicle_surrogate.horizon_summaries[].oncoming_fraction
   vehicle_surrogate.horizon_summaries[].oncoming_samples
   vehicle_surrogate.horizon_summaries[].preceding_samples
   vehicle_surrogate.horizon_summaries[].range_far_max_m
   vehicle_surrogate.horizon_summaries[].range_far_mean_m
   vehicle_surrogate.horizon_summaries[].range_near_mean_m
   vehicle_surrogate.horizon_summaries[].range_near_min_m
   vehicle_surrogate.horizon_summaries[].sample_count
   vehicle_surrogate.horizon_summaries[].theta_center_mean_rad
   vehicle_surrogate.horizon_summaries[].z_max_mean_m
   vehicle_surrogate.horizon_summaries[].z_min_mean_m
   vehicle_surrogate.oncoming
   vehicle_surrogate.physical_annotation_claim
   vehicle_surrogate.preceding
   vehicle_surrogate.samplewise_projection_sha256
   vehicle_surrogate.trajectory_samples_sha256
   vehicle_surrogate.vertical_actuator_claim

FILE = artifacts/block66/part3c_vehicle_surrogate_replay_cache/vehicle_0065__e970e71b3969f6a8__s3trk-000015.json
   causality.future_GT
   full_box_parity_exact
   full_box_parity_tolerance
   vehicle_surrogate
   vehicle_surrogate.heading_samples_sha256
   vehicle_surrogate.horizon_summaries
   vehicle_surrogate.horizon_summaries[]
   vehicle_surrogate.horizon_summaries[].angular_span_max_rad
   vehicle_surrogate.horizon_summaries[].angular_span_mean_rad
   vehicle_surrogate.horizon_summaries[].horizon_s
   vehicle_surrogate.horizon_summaries[].oncoming_fraction
   vehicle_surrogate.horizon_summaries[].oncoming_samples
   vehicle_surrogate.horizon_summaries[].preceding_samples
   vehicle_surrogate.horizon_summaries[].range_far_max_m
   vehicle_surrogate.horizon_summaries[].range_far_mean_m
   vehicle_surrogate.horizon_summaries[].range_near_mean_m
   vehicle_surrogate.horizon_summaries[].range_near_min_m
   vehicle_surrogate.horizon_summaries[].sample_count
   vehicle_surrogate.horizon_summaries[].theta_center_mean_rad
   vehicle_surrogate.horizon_summaries[].z_max_mean_m
   vehicle_surrogate.horizon_summaries[].z_min_mean_m
   vehicle_surrogate.oncoming
   vehicle_surrogate.physical_annotation_claim
   vehicle_surrogate.preceding
   vehicle_surrogate.samplewise_projection_sha256
   vehicle_surrogate.trajectory_samples_sha256
   vehicle_surrogate.vertical_actuator_claim

FILE = artifacts/block66/part3c_vehicle_surrogate_replay_cache/vehicle_0066__e970e71b3969f6a8__s3trk-000071.json
   causality.future_GT
   full_box_parity_exact
   full_box_parity_tolerance
   vehicle_surrogate
   vehicle_surrogate.heading_samples_sha256
   vehicle_surrogate.horizon_summaries
   vehicle_surrogate.horizon_summaries[]
   vehicle_surrogate.horizon_summaries[].angular_span_max_rad
   vehicle_surrogate.horizon_summaries[].angular_span_mean_rad
   vehicle_surrogate.horizon_summaries[].horizon_s
   vehicle_surrogate.horizon_summaries[].oncoming_fraction
   vehicle_surrogate.horizon_summaries[].oncoming_samples
   vehicle_surrogate.horizon_summaries[].preceding_samples
   vehicle_surrogate.horizon_summaries[].range_far_max_m
   vehicle_surrogate.horizon_summaries[].range_far_mean_m
   vehicle_surrogate.horizon_summaries[].range_near_mean_m
   vehicle_surrogate.horizon_summaries[].range_near_min_m
   vehicle_surrogate.horizon_summaries[].sample_count
   vehicle_surrogate.horizon_summaries[].theta_center_mean_rad
   vehicle_surrogate.horizon_summaries[].z_max_mean_m
   vehicle_surrogate.horizon_summaries[].z_min_mean_m
   vehicle_surrogate.oncoming
   vehicle_surrogate.physical_annotation_claim
   vehicle_surrogate.preceding
   vehicle_surrogate.samplewise_projection_sha256
   vehicle_surrogate.trajectory_samples_sha256
   vehicle_surrogate.vertical_actuator_claim

FILE = artifacts/block66/part3c_vehicle_surrogate_replay_cache/vehicle_0067__e970e71b3969f6a8__s3trk-000020.json
   causality.future_GT
   full_box_parity_exact
   full_box_parity_tolerance
   vehicle_surrogate
   vehicle_surrogate.heading_samples_sha256
   vehicle_surrogate.horizon_summaries
   vehicle_surrogate.horizon_summaries[]
   vehicle_surrogate.horizon_summaries[].angular_span_max_rad
   vehicle_surrogate.horizon_summaries[].angular_span_mean_rad
   vehicle_surrogate.horizon_summaries[].horizon_s
   vehicle_surrogate.horizon_summaries[].oncoming_fraction
   vehicle_surrogate.horizon_summaries[].oncoming_samples
   vehicle_surrogate.horizon_summaries[].preceding_samples
   vehicle_surrogate.horizon_summaries[].range_far_max_m
   vehicle_surrogate.horizon_summaries[].range_far_mean_m
   vehicle_surrogate.horizon_summaries[].range_near_mean_m
   vehicle_surrogate.horizon_summaries[].range_near_min_m
   vehicle_surrogate.horizon_summaries[].sample_count
   vehicle_surrogate.horizon_summaries[].theta_center_mean_rad
   vehicle_surrogate.horizon_summaries[].z_max_mean_m
   vehicle_surrogate.horizon_summaries[].z_min_mean_m
   vehicle_surrogate.oncoming
   vehicle_surrogate.physical_annotation_claim
   vehicle_surrogate.preceding
   vehicle_surrogate.samplewise_projection_sha256
   vehicle_surrogate.trajectory_samples_sha256
   vehicle_surrogate.vertical_actuator_claim

FILE = artifacts/block66/part3c_vehicle_surrogate_replay_cache/vehicle_0068__e970e71b3969f6a8__s3trk-000043.json
   causality.future_GT
   full_box_parity_exact
   full_box_parity_tolerance
   vehicle_surrogate
   vehicle_surrogate.heading_samples_sha256
   vehicle_surrogate.horizon_summaries
   vehicle_surrogate.horizon_summaries[]
   vehicle_surrogate.horizon_summaries[].angular_span_max_rad
   vehicle_surrogate.horizon_summaries[].angular_span_mean_rad
   vehicle_surrogate.horizon_summaries[].horizon_s
   vehicle_surrogate.horizon_summaries[].oncoming_fraction
   vehicle_surrogate.horizon_summaries[].oncoming_samples
   vehicle_surrogate.horizon_summaries[].preceding_samples
   vehicle_surrogate.horizon_summaries[].range_far_max_m
   vehicle_surrogate.horizon_summaries[].range_far_mean_m
   vehicle_surrogate.horizon_summaries[].range_near_mean_m
   vehicle_surrogate.horizon_summaries[].range_near_min_m
   vehicle_surrogate.horizon_summaries[].sample_count
   vehicle_surrogate.horizon_summaries[].theta_center_mean_rad
   vehicle_surrogate.horizon_summaries[].z_max_mean_m
   vehicle_surrogate.horizon_summaries[].z_min_mean_m
   vehicle_surrogate.oncoming
   vehicle_surrogate.physical_annotation_claim
   vehicle_surrogate.preceding
   vehicle_surrogate.samplewise_projection_sha256
   vehicle_surrogate.trajectory_samples_sha256
   vehicle_surrogate.vertical_actuator_claim

FILE = artifacts/block66/part3c_vehicle_surrogate_replay_cache/vehicle_0069__65d6cd8b194260e3__s3trk-000036.json
   causality.future_GT
   full_box_parity_exact
   full_box_parity_tolerance
   vehicle_surrogate
   vehicle_surrogate.heading_samples_sha256
   vehicle_surrogate.horizon_summaries
   vehicle_surrogate.horizon_summaries[]
   vehicle_surrogate.horizon_summaries[].angular_span_max_rad
   vehicle_surrogate.horizon_summaries[].angular_span_mean_rad
   vehicle_surrogate.horizon_summaries[].horizon_s
   vehicle_surrogate.horizon_summaries[].oncoming_fraction
   vehicle_surrogate.horizon_summaries[].oncoming_samples
   vehicle_surrogate.horizon_summaries[].preceding_samples
   vehicle_surrogate.horizon_summaries[].range_far_max_m
   vehicle_surrogate.horizon_summaries[].range_far_mean_m
   vehicle_surrogate.horizon_summaries[].range_near_mean_m
   vehicle_surrogate.horizon_summaries[].range_near_min_m
   vehicle_surrogate.horizon_summaries[].sample_count
   vehicle_surrogate.horizon_summaries[].theta_center_mean_rad
   vehicle_surrogate.horizon_summaries[].z_max_mean_m
   vehicle_surrogate.horizon_summaries[].z_min_mean_m
   vehicle_surrogate.oncoming
   vehicle_surrogate.physical_annotation_claim
   vehicle_surrogate.preceding
   vehicle_surrogate.samplewise_projection_sha256
   vehicle_surrogate.trajectory_samples_sha256
   vehicle_surrogate.vertical_actuator_claim

FILE = artifacts/block66/part3c_vehicle_surrogate_replay_cache/vehicle_0070__65d6cd8b194260e3__s3trk-000015.json
   causality.future_GT
   full_box_parity_exact
   full_box_parity_tolerance
   vehicle_surrogate
   vehicle_surrogate.heading_samples_sha256
   vehicle_surrogate.horizon_summaries
   vehicle_surrogate.horizon_summaries[]
   vehicle_surrogate.horizon_summaries[].angular_span_max_rad
   vehicle_surrogate.horizon_summaries[].angular_span_mean_rad
   vehicle_surrogate.horizon_summaries[].horizon_s
   vehicle_surrogate.horizon_summaries[].oncoming_fraction
   vehicle_surrogate.horizon_summaries[].oncoming_samples
   vehicle_surrogate.horizon_summaries[].preceding_samples
   vehicle_surrogate.horizon_summaries[].range_far_max_m
   vehicle_surrogate.horizon_summaries[].range_far_mean_m
   vehicle_surrogate.horizon_summaries[].range_near_mean_m
   vehicle_surrogate.horizon_summaries[].range_near_min_m
   vehicle_surrogate.horizon_summaries[].sample_count
   vehicle_surrogate.horizon_summaries[].theta_center_mean_rad
   vehicle_surrogate.horizon_summaries[].z_max_mean_m
   vehicle_surrogate.horizon_summaries[].z_min_mean_m
   vehicle_surrogate.oncoming
   vehicle_surrogate.physical_annotation_claim
   vehicle_surrogate.preceding
   vehicle_surrogate.samplewise_projection_sha256
   vehicle_surrogate.trajectory_samples_sha256
   vehicle_surrogate.vertical_actuator_claim

FILE = artifacts/block66/part3c_vehicle_surrogate_replay_cache/vehicle_0071__65d6cd8b194260e3__s3trk-000003.json
   causality.future_GT
   full_box_parity_exact
   full_box_parity_tolerance
   vehicle_surrogate
   vehicle_surrogate.heading_samples_sha256
   vehicle_surrogate.horizon_summaries
   vehicle_surrogate.horizon_summaries[]
   vehicle_surrogate.horizon_summaries[].angular_span_max_rad
   vehicle_surrogate.horizon_summaries[].angular_span_mean_rad
   vehicle_surrogate.horizon_summaries[].horizon_s
   vehicle_surrogate.horizon_summaries[].oncoming_fraction
   vehicle_surrogate.horizon_summaries[].oncoming_samples
   vehicle_surrogate.horizon_summaries[].preceding_samples
   vehicle_surrogate.horizon_summaries[].range_far_max_m
   vehicle_surrogate.horizon_summaries[].range_far_mean_m
   vehicle_surrogate.horizon_summaries[].range_near_mean_m
   vehicle_surrogate.horizon_summaries[].range_near_min_m
   vehicle_surrogate.horizon_summaries[].sample_count
   vehicle_surrogate.horizon_summaries[].theta_center_mean_rad
   vehicle_surrogate.horizon_summaries[].z_max_mean_m
   vehicle_surrogate.horizon_summaries[].z_min_mean_m
   vehicle_surrogate.oncoming
   vehicle_surrogate.physical_annotation_claim
   vehicle_surrogate.preceding
   vehicle_surrogate.samplewise_projection_sha256
   vehicle_surrogate.trajectory_samples_sha256
   vehicle_surrogate.vertical_actuator_claim

FILE = artifacts/block66/part3c_vehicle_surrogate_replay_cache/vehicle_0072__65d6cd8b194260e3__s3trk-000030.json
   causality.future_GT
   full_box_parity_exact
   full_box_parity_tolerance
   vehicle_surrogate
   vehicle_surrogate.heading_samples_sha256
   vehicle_surrogate.horizon_summaries
   vehicle_surrogate.horizon_summaries[]
   vehicle_surrogate.horizon_summaries[].angular_span_max_rad
   vehicle_surrogate.horizon_summaries[].angular_span_mean_rad
   vehicle_surrogate.horizon_summaries[].horizon_s
   vehicle_surrogate.horizon_summaries[].oncoming_fraction
   vehicle_surrogate.horizon_summaries[].oncoming_samples
   vehicle_surrogate.horizon_summaries[].preceding_samples
   vehicle_surrogate.horizon_summaries[].range_far_max_m
   vehicle_surrogate.horizon_summaries[].range_far_mean_m
   vehicle_surrogate.horizon_summaries[].range_near_mean_m
   vehicle_surrogate.horizon_summaries[].range_near_min_m
   vehicle_surrogate.horizon_summaries[].sample_count
   vehicle_surrogate.horizon_summaries[].theta_center_mean_rad
   vehicle_surrogate.horizon_summaries[].z_max_mean_m
   vehicle_surrogate.horizon_summaries[].z_min_mean_m
   vehicle_surrogate.oncoming
   vehicle_surrogate.physical_annotation_claim
   vehicle_surrogate.preceding
   vehicle_surrogate.samplewise_projection_sha256
   vehicle_surrogate.trajectory_samples_sha256
   vehicle_surrogate.vertical_actuator_claim

FILE = artifacts/block66/part3c_vehicle_surrogate_replay_cache/vehicle_0073__65d6cd8b194260e3__s3trk-000017.json
   causality.future_GT
   full_box_parity_exact
   full_box_parity_tolerance
   vehicle_surrogate
   vehicle_surrogate.heading_samples_sha256
   vehicle_surrogate.horizon_summaries
   vehicle_surrogate.horizon_summaries[]
   vehicle_surrogate.horizon_summaries[].angular_span_max_rad
   vehicle_surrogate.horizon_summaries[].angular_span_mean_rad
   vehicle_surrogate.horizon_summaries[].horizon_s
   vehicle_surrogate.horizon_summaries[].oncoming_fraction
   vehicle_surrogate.horizon_summaries[].oncoming_samples
   vehicle_surrogate.horizon_summaries[].preceding_samples
   vehicle_surrogate.horizon_summaries[].range_far_max_m
   vehicle_surrogate.horizon_summaries[].range_far_mean_m
   vehicle_surrogate.horizon_summaries[].range_near_mean_m
   vehicle_surrogate.horizon_summaries[].range_near_min_m
   vehicle_surrogate.horizon_summaries[].sample_count
   vehicle_surrogate.horizon_summaries[].theta_center_mean_rad
   vehicle_surrogate.horizon_summaries[].z_max_mean_m
   vehicle_surrogate.horizon_summaries[].z_min_mean_m
   vehicle_surrogate.oncoming
   vehicle_surrogate.physical_annotation_claim
   vehicle_surrogate.preceding
   vehicle_surrogate.samplewise_projection_sha256
   vehicle_surrogate.trajectory_samples_sha256
   vehicle_surrogate.vertical_actuator_claim

FILE = artifacts/block66/part3c_vehicle_surrogate_replay_cache/vehicle_0075__65d6cd8b194260e3__s3trk-000022.json
   causality.future_GT
   full_box_parity_exact
   full_box_parity_tolerance
   vehicle_surrogate
   vehicle_surrogate.heading_samples_sha256
   vehicle_surrogate.horizon_summaries
   vehicle_surrogate.horizon_summaries[]
   vehicle_surrogate.horizon_summaries[].angular_span_max_rad
   vehicle_surrogate.horizon_summaries[].angular_span_mean_rad
   vehicle_surrogate.horizon_summaries[].horizon_s
   vehicle_surrogate.horizon_summaries[].oncoming_fraction
   vehicle_surrogate.horizon_summaries[].oncoming_samples
   vehicle_surrogate.horizon_summaries[].preceding_samples
   vehicle_surrogate.horizon_summaries[].range_far_max_m
   vehicle_surrogate.horizon_summaries[].range_far_mean_m
   vehicle_surrogate.horizon_summaries[].range_near_mean_m
   vehicle_surrogate.horizon_summaries[].range_near_min_m
   vehicle_surrogate.horizon_summaries[].sample_count
   vehicle_surrogate.horizon_summaries[].theta_center_mean_rad
   vehicle_surrogate.horizon_summaries[].z_max_mean_m
   vehicle_surrogate.horizon_summaries[].z_min_mean_m
   vehicle_surrogate.oncoming
   vehicle_surrogate.physical_annotation_claim
   vehicle_surrogate.preceding
   vehicle_surrogate.samplewise_projection_sha256
   vehicle_surrogate.trajectory_samples_sha256
   vehicle_surrogate.vertical_actuator_claim

evaluator schema files = 60

===== G. EXACT BINDING READINESS =====
deterministic_future_full_box_API       = PROVEN
stochastic_full_box_API                 = PROVEN
occupancy_raster_API                    = PROVEN
oracle_future_truth_source              = PROVEN
oracle_mask_source                      = PROVEN
pedestrian_future_full_box_evidence     = PROVEN
cyclist_future_full_box_evidence        = PROVEN
vehicle_surrogate_evidence              = PROVEN
road_roi_code_evidence                  = PROVEN
road_roi_artifact_evidence              = NOT PROVEN

===== H. SCIENTIFIC OUTCOME BOUNDARY =====
development artifact schemas opened = YES
development metric values computed  = NO
acceptance bounds selected          = NO
controller/policy modified          = NO
formal content opened               = NO
formal outcomes read                = NO
formal evaluation                   = NO

===== I. FULL STAGE6 REGRESSION =====
Stage6 regression = 202 / 202 PASS

===== J. FROZEN READBACK =====
scientific runtime = UNCHANGED
metric authority   = UNCHANGED

===== K. STORAGE =====
free GiB        = 1052.774
250-GiB reserve = PASS

============================================================
BLOCK 6.8 EXACT EVALUATOR REFERENCE EXTRACTION — FINAL
============================================================
deterministic full-box API = PROVEN
stochastic full-box API    = PROVEN
occupancy/raster API       = PROVEN
oracle future-truth source = PROVEN
oracle-mask source         = PROVEN
ped future full-box        = PROVEN
cyclist future full-box    = PROVEN
vehicle surrogate          = PROVEN
road ROI code evidence     = PROVEN
road ROI artifact evidence = NOT PROVEN
development metrics        = NOT COMPUTED
numeric bounds             = NOT SELECTED
formal content             = NOT OPENED
Stage6 regression          = 202 / 202 PASS
STATUS = PASS_EXACT_EVALUATOR_REFERENCE_SOURCE_EXTRACTED
report = /home/agni/waymo/iscai_stage6/reports/block68_exact_oracle_roi_binding_extract.json
terminal remains open = YES
